# Blender v2.93.18 OBJ File: 'practica6.blend'
# www.blender.org
mtllib cofre.mtl
o Body_Cube.001_Body_Cube.002
v 0.082252 -0.247325 -2.828913
v 0.332760 -0.261332 -2.789998
v 1.766663 -0.065267 -1.152191
v 1.282663 -0.274510 -2.720671
v 1.731429 -0.215785 -2.281723
v 0.868547 -0.267288 -2.750285
v 1.707977 -0.020705 -0.042587
v 0.083516 -0.249382 -2.846016
v 0.334641 -0.263379 -2.807011
v 1.783737 -0.065380 -1.153125
v 1.285993 -0.277838 -2.736562
v 1.744797 -0.217201 -2.293499
v 0.874168 -0.269302 -2.767031
v 1.723808 -0.016872 -0.010720
v -0.082252 -0.247325 -2.828913
v -0.332760 -0.261332 -2.789998
v 0.000000 -0.247325 -2.828913
v -1.766663 -0.065267 -1.152191
v -1.282663 -0.274510 -2.720671
v -1.731429 -0.215785 -2.281723
v -0.868547 -0.267288 -2.750285
v -1.707977 -0.020705 -0.042587
v -0.083516 -0.249382 -2.846016
v -0.334641 -0.263379 -2.807011
v 0.000000 -0.249382 -2.846016
v -1.783737 -0.065380 -1.153125
v -1.285993 -0.277838 -2.736562
v -1.744797 -0.217201 -2.293499
v -0.874168 -0.269302 -2.767031
v -1.723808 -0.016872 -0.010720
v 0.144879 -0.250827 -2.819184
v 0.207506 -0.254328 -2.809455
v 0.270133 -0.257830 -2.799726
v 0.020563 -0.247325 -2.828912
v 0.041126 -0.247325 -2.828913
v 0.061689 -0.247325 -2.828912
v 1.394855 -0.259829 -2.610934
v 1.507046 -0.245148 -2.501197
v 1.619237 -0.230466 -2.391460
v 0.466707 -0.262821 -2.780069
v 0.600654 -0.264310 -2.770141
v 0.734600 -0.265799 -2.760213
v 1.740237 -0.178155 -1.999340
v 1.749046 -0.140525 -1.716957
v 1.757854 -0.102896 -1.434574
v 0.972076 -0.269094 -2.742881
v 1.075605 -0.270899 -2.735478
v 1.179134 -0.272705 -2.728074
v 0.146297 -0.252881 -2.836265
v 0.209078 -0.256380 -2.826514
v 0.271859 -0.259879 -2.816762
v 0.020879 -0.249382 -2.846016
v 0.041758 -0.249382 -2.846016
v 0.062637 -0.249382 -2.846016
v 1.400694 -0.262679 -2.625796
v 1.515395 -0.247520 -2.515031
v 1.630096 -0.232361 -2.404265
v 0.469523 -0.264860 -2.797016
v 0.604404 -0.266340 -2.787021
v 0.739286 -0.267821 -2.777026
v 1.754532 -0.179245 -2.008406
v 1.764267 -0.141290 -1.723312
v 1.774002 -0.103335 -1.438219
v 0.977124 -0.271436 -2.759413
v 1.722648 -0.031845 -0.319988
v 1.737320 -0.042986 -0.597389
v 1.751991 -0.054127 -0.874790
v 0.083200 -0.248868 -2.841740
v 0.082884 -0.248353 -2.837464
v 0.082568 -0.247839 -2.833189
v 0.333230 -0.261844 -2.794251
v 0.333700 -0.262355 -2.798504
v 0.334170 -0.262867 -2.802758
v 0.000000 -0.248868 -2.841740
v 0.000000 -0.248353 -2.837464
v 0.000000 -0.247839 -2.833189
v 1.779469 -0.065352 -1.152891
v 1.775200 -0.065323 -1.152658
v 1.770931 -0.065295 -1.152424
v 1.285160 -0.277006 -2.732589
v 1.284328 -0.276174 -2.728616
v 1.283496 -0.275342 -2.724644
v 1.734771 -0.216139 -2.284667
v 1.738113 -0.216493 -2.287611
v 1.741455 -0.216847 -2.290555
v 0.869952 -0.267792 -2.754471
v 0.871358 -0.268295 -2.758658
v 0.872763 -0.268799 -2.762844
v 1.719850 -0.017830 -0.018686
v 1.715892 -0.018788 -0.026653
v 1.711935 -0.019746 -0.034620
v 1.811509 -0.034122 -1.156196
v 1.789086 -0.049695 -1.154193
v 1.750894 -0.199594 -2.299031
v 1.774091 0.043394 -0.005457
v 1.752053 0.022028 -0.017834
v 1.730015 0.000662 -0.030210
v 1.806381 -0.049809 -1.155139
v 1.829024 -0.034237 -1.157154
v 1.296948 -0.262083 -2.740698
v 0.879754 -0.254894 -2.772846
v 0.890961 -0.242501 -2.795407
v 1.764435 -0.201029 -2.310959
v 1.790535 0.047376 0.027644
v 1.768292 0.025960 0.014856
v 1.746050 0.004544 0.002068
v 0.000000 -0.222022 -2.876063
v 0.000000 -0.234673 -2.852488
v 0.345641 -0.223920 -2.859217
v 0.341347 -0.236391 -2.836144
v 0.337054 -0.248862 -2.813071
v 0.083313 -0.234673 -2.852488
v 0.084374 -0.222022 -2.876063
v 1.738790 -0.028999 -0.296321
v 1.753773 -0.041126 -0.581922
v 1.768755 -0.053253 -0.867524
v -0.144879 -0.250827 -2.819184
v -0.207506 -0.254328 -2.809455
v -0.270133 -0.257830 -2.799726
v -0.020563 -0.247325 -2.828913
v -0.041126 -0.247325 -2.828913
v -0.061689 -0.247325 -2.828912
v -1.394855 -0.259829 -2.610934
v -1.507046 -0.245148 -2.501197
v -1.619237 -0.230466 -2.391460
v -0.466707 -0.262821 -2.780070
v -0.600654 -0.264310 -2.770141
v -0.734600 -0.265799 -2.760213
v -1.740237 -0.178155 -1.999340
v -1.749046 -0.140525 -1.716957
v -1.757854 -0.102896 -1.434574
v -0.972076 -0.269094 -2.742882
v -1.075605 -0.270899 -2.735478
v -1.179134 -0.272705 -2.728074
v -0.146297 -0.252881 -2.836265
v -0.271859 -0.259879 -2.816762
v -0.020879 -0.249382 -2.846016
v -0.041758 -0.249382 -2.846016
v -0.062637 -0.249382 -2.846016
v -1.400694 -0.262679 -2.625796
v -1.515395 -0.247520 -2.515031
v -1.630096 -0.232361 -2.404265
v -0.469523 -0.264860 -2.797016
v -0.604404 -0.266340 -2.787021
v -0.739286 -0.267821 -2.777026
v -1.754532 -0.179245 -2.008406
v -1.764267 -0.141290 -1.723312
v -1.774002 -0.103335 -1.438219
v -0.977124 -0.271436 -2.759413
v -1.080080 -0.273570 -2.751796
v -1.183037 -0.275704 -2.744179
v -1.722648 -0.031845 -0.319988
v -1.737320 -0.042986 -0.597389
v -1.751992 -0.054127 -0.874790
v -0.083200 -0.248868 -2.841740
v -0.082884 -0.248353 -2.837464
v -0.082568 -0.247839 -2.833188
v -0.333230 -0.261844 -2.794251
v -0.333700 -0.262355 -2.798504
v -0.334170 -0.262867 -2.802758
v -1.285160 -0.277006 -2.732589
v -1.284328 -0.276174 -2.728616
v -1.283496 -0.275342 -2.724643
v -1.734771 -0.216139 -2.284667
v -1.738113 -0.216493 -2.287611
v -1.741455 -0.216847 -2.290555
v -0.869952 -0.267792 -2.754471
v -0.871358 -0.268295 -2.758658
v -0.872763 -0.268799 -2.762844
v -1.719850 -0.017830 -0.018686
v -1.715892 -0.018788 -0.026653
v -1.711935 -0.019746 -0.034620
v -1.811509 -0.034122 -1.156196
v -1.789086 -0.049695 -1.154193
v -1.750894 -0.199594 -2.299031
v -1.774091 0.043394 -0.005457
v -1.752053 0.022028 -0.017834
v -1.730015 0.000662 -0.030210
v -1.806381 -0.049809 -1.155139
v -1.829024 -0.034237 -1.157154
v -1.296948 -0.262083 -2.740698
v -0.879754 -0.254894 -2.772846
v -0.890961 -0.242501 -2.795407
v -1.764435 -0.201029 -2.310959
v -0.885447 -0.256935 -2.789807
v -0.896727 -0.244567 -2.812584
v -1.790535 0.047376 0.027644
v -1.768292 0.025960 0.014856
v -1.746050 0.004544 0.002068
v -0.345641 -0.223920 -2.859217
v -0.341347 -0.236391 -2.836144
v -0.337054 -0.248862 -2.813071
v -0.083313 -0.234673 -2.852488
v -0.084374 -0.222022 -2.876063
v -1.768755 -0.053253 -0.867524
v 0.145233 -0.251340 -2.823454
v 0.207899 -0.254841 -2.813720
v 0.270564 -0.258343 -2.803985
v 0.145588 -0.251854 -2.827724
v 0.208292 -0.255354 -2.817984
v 0.270996 -0.258855 -2.808244
v 0.145942 -0.252368 -2.831995
v 0.208685 -0.255867 -2.822249
v 0.271428 -0.259367 -2.812503
v 0.020642 -0.247839 -2.833188
v 0.041284 -0.247839 -2.833189
v 0.061926 -0.247839 -2.833188
v 0.020721 -0.248353 -2.837464
v 0.041442 -0.248353 -2.837464
v 0.062163 -0.248353 -2.837464
v 0.020800 -0.248868 -2.841740
v 0.041600 -0.248868 -2.841740
v 0.062400 -0.248868 -2.841740
v 1.396315 -0.260541 -2.614650
v 1.509133 -0.245741 -2.504655
v 1.621952 -0.230940 -2.394661
v 1.397774 -0.261254 -2.618365
v 1.511220 -0.246334 -2.508114
v 1.624666 -0.231413 -2.397862
v 1.399234 -0.261967 -2.622080
v 1.513308 -0.246927 -2.511572
v 1.627381 -0.231887 -2.401063
v 0.467411 -0.263331 -2.784306
v 0.601591 -0.264818 -2.774361
v 0.735772 -0.266305 -2.764416
v 0.468115 -0.263840 -2.788543
v 0.602529 -0.265325 -2.778581
v 0.736943 -0.266810 -2.768620
v 0.468819 -0.264350 -2.792779
v 0.603467 -0.265833 -2.782801
v 0.738115 -0.267316 -2.772822
v 1.743811 -0.178427 -2.001606
v 1.752851 -0.140717 -1.718545
v 1.761891 -0.103006 -1.435485
v 1.747385 -0.178700 -2.003873
v 1.756656 -0.140908 -1.720134
v 1.765928 -0.103116 -1.436396
v 1.750958 -0.178972 -2.006139
v 1.760462 -0.141099 -1.721724
v 1.769965 -0.103225 -1.437307
v 1.756182 -0.053908 -0.872973
v 1.741433 -0.042521 -0.593522
v 1.726684 -0.031134 -0.314071
v 1.760373 -0.053690 -0.871157
v 1.745546 -0.042056 -0.589656
v 1.730719 -0.030422 -0.308154
v 1.764564 -0.053471 -0.869340
v 1.749659 -0.041591 -0.585789
v 1.734755 -0.029710 -0.302238
v 0.973338 -0.269679 -2.747014
v 1.076724 -0.271567 -2.739558
v 1.180110 -0.273455 -2.732100
v 0.974600 -0.270265 -2.751147
v 1.077843 -0.272235 -2.743637
v 1.181085 -0.274205 -2.736127
v 0.975862 -0.270851 -2.755280
v 1.078962 -0.272903 -2.747717
v 1.182061 -0.274954 -2.740153
v 1.800852 -0.130046 -2.039786
v 1.811879 -0.092880 -1.745923
v 1.822905 -0.055715 -1.452060
v 1.780647 -0.146082 -2.026304
v 1.790935 -0.108762 -1.736268
v 1.801222 -0.071442 -1.446232
v 1.760442 -0.162118 -2.012822
v 1.769990 -0.124644 -1.726613
v 1.779538 -0.087169 -1.440403
v 1.789051 0.027908 -0.293642
v 1.796645 -0.020085 -0.871605
v 1.781781 -0.006047 -0.587015
v 1.766917 0.007991 -0.302424
v 1.774318 -0.037106 -0.873198
v 1.759550 -0.024516 -0.592202
v 1.744783 -0.011927 -0.311206
v 0.996029 -0.244289 -2.786736
v 1.101097 -0.246078 -2.778066
v 0.984052 -0.256692 -2.764809
v 1.088351 -0.258489 -2.756772
v 1.192649 -0.260286 -2.748735
v 1.667508 -0.201699 -2.440371
v 1.550942 -0.218542 -2.552323
v 1.648802 -0.217030 -2.422318
v 1.533169 -0.233031 -2.533677
v 1.417535 -0.249032 -2.645035
v 1.839678 -0.056170 -1.455846
v 1.827689 -0.093675 -1.752524
v 1.817786 -0.071892 -1.449970
v 1.806548 -0.109546 -1.742787
v 1.795311 -0.147201 -2.035603
v 1.795894 -0.087613 -1.444094
v 1.785408 -0.125418 -1.733050
v 1.774921 -0.163223 -2.022005
v 1.805818 0.030865 -0.269059
v 1.783475 0.010911 -0.278146
v 1.798658 -0.004139 -0.571149
v 1.813841 -0.019188 -0.864151
v 1.761133 -0.009044 -0.287234
v 1.776215 -0.022632 -0.576536
v 1.791298 -0.036220 -0.865837
v 0.150487 -0.213008 -2.889533
v 0.215538 -0.216646 -2.879428
v 0.280589 -0.220283 -2.869322
v 0.148617 -0.225614 -2.866084
v 0.212861 -0.229207 -2.856103
v 0.277104 -0.232799 -2.846124
v 0.146748 -0.238220 -2.842634
v 0.210183 -0.241768 -2.832779
v 0.273618 -0.245315 -2.822925
v 0.021094 -0.222022 -2.876063
v 0.042187 -0.222022 -2.876063
v 0.063281 -0.222022 -2.876063
v 0.020828 -0.234673 -2.852488
v 0.041656 -0.234673 -2.852488
v 0.062485 -0.234673 -2.852488
v 1.426015 -0.233093 -2.649629
v 1.540796 -0.216530 -2.538533
v 1.655578 -0.199966 -2.427436
v 1.410435 -0.246461 -2.630281
v 1.523921 -0.230839 -2.519865
v 1.637408 -0.215216 -2.409448
v 0.484772 -0.225467 -2.848905
v 0.623904 -0.227014 -2.838592
v 0.763036 -0.228560 -2.828279
v 0.478751 -0.237918 -2.825960
v 0.616154 -0.239446 -2.815775
v 0.753557 -0.240973 -2.805591
v 0.472729 -0.250370 -2.803014
v 0.608404 -0.251878 -2.792959
v 0.744079 -0.253386 -2.782902
v 1.778202 0.044390 0.002818
v 1.782313 0.045385 0.011093
v 1.786424 0.046381 0.019368
v 1.756113 0.023011 -0.009661
v 1.760173 0.023994 -0.001489
v 1.764232 0.024977 0.006683
v 1.734024 0.001632 -0.022141
v 1.738033 0.002603 -0.014071
v 1.742041 0.003574 -0.006001
v -0.145233 -0.251340 -2.823454
v -0.145588 -0.251854 -2.827724
v -0.145942 -0.252368 -2.831995
v -0.207899 -0.254841 -2.813720
v -0.208292 -0.255354 -2.817984
v -0.208685 -0.255867 -2.822249
v -0.270564 -0.258343 -2.803985
v -0.270996 -0.258855 -2.808244
v -0.271428 -0.259367 -2.812503
v -0.020642 -0.247839 -2.833189
v -0.020721 -0.248353 -2.837464
v -0.020800 -0.248868 -2.841740
v -0.041284 -0.247839 -2.833189
v -0.041442 -0.248353 -2.837464
v -0.041600 -0.248868 -2.841740
v -0.061926 -0.247839 -2.833188
v -0.062163 -0.248353 -2.837464
v -0.062400 -0.248868 -2.841740
v -1.396314 -0.260541 -2.614649
v -1.397774 -0.261254 -2.618365
v -1.399234 -0.261967 -2.622080
v -1.509133 -0.245741 -2.504655
v -1.511220 -0.246334 -2.508114
v -1.513308 -0.246927 -2.511572
v -1.621952 -0.230940 -2.394661
v -1.624666 -0.231413 -2.397862
v -1.627381 -0.231887 -2.401064
v -0.467411 -0.263331 -2.784306
v -0.468115 -0.263840 -2.788542
v -0.468819 -0.264350 -2.792779
v -0.601591 -0.264818 -2.774361
v -0.602529 -0.265325 -2.778581
v -0.603467 -0.265833 -2.782801
v -0.735772 -0.266305 -2.764416
v -0.736943 -0.266810 -2.768620
v -0.738115 -0.267316 -2.772822
v -1.743811 -0.178427 -2.001606
v -1.747384 -0.178700 -2.003873
v -1.750958 -0.178973 -2.006139
v -0.973338 -0.269679 -2.747014
v -0.974600 -0.270265 -2.751147
v -0.975862 -0.270851 -2.755280
v -1.076724 -0.271567 -2.739558
v -1.077843 -0.272235 -2.743637
v -1.078962 -0.272903 -2.747716
v -1.180110 -0.273455 -2.732100
v -1.181085 -0.274205 -2.736127
v -1.182061 -0.274954 -2.740153
v -1.800852 -0.130046 -2.039786
v -1.780647 -0.146082 -2.026304
v -1.760442 -0.162118 -2.012822
v -1.811879 -0.092880 -1.745923
v -1.790934 -0.108762 -1.736268
v -1.769990 -0.124644 -1.726612
v -1.822905 -0.055715 -1.452061
v -1.801222 -0.071442 -1.446232
v -1.779538 -0.087169 -1.440403
v -1.796645 -0.020085 -0.871605
v -1.774318 -0.037106 -0.873197
v -1.781781 -0.006047 -0.587015
v -1.759550 -0.024517 -0.592202
v -1.789051 0.027908 -0.293642
v -1.766917 0.007991 -0.302424
v -1.744783 -0.011927 -0.311206
v -0.996029 -0.244289 -2.786736
v -0.984052 -0.256692 -2.764809
v -1.101097 -0.246078 -2.778066
v -1.088351 -0.258489 -2.756772
v -1.192649 -0.260286 -2.748735
v -1.667508 -0.201699 -2.440371
v -1.648802 -0.217030 -2.422318
v -1.550942 -0.218542 -2.552323
v -1.533168 -0.233031 -2.533677
v -1.417535 -0.249032 -2.645035
v -0.758364 -0.243048 -2.822837
v -0.748825 -0.255435 -2.799931
v -1.839678 -0.056170 -1.455846
v -1.817786 -0.071892 -1.449970
v -1.795894 -0.087613 -1.444094
v -1.827689 -0.093674 -1.752524
v -1.806548 -0.109546 -1.742787
v -1.785408 -0.125418 -1.733049
v -1.795311 -0.147201 -2.035603
v -1.774921 -0.163223 -2.022005
v -1.805818 0.030865 -0.269059
v -1.783475 0.010911 -0.278146
v -1.798658 -0.004139 -0.571149
v -1.776215 -0.022632 -0.576535
v -1.813841 -0.019188 -0.864151
v -1.791298 -0.036220 -0.865837
v -0.150487 -0.213008 -2.889533
v -0.148617 -0.225614 -2.866083
v -0.146748 -0.238220 -2.842634
v -0.215538 -0.216646 -2.879428
v -0.212861 -0.229207 -2.856103
v -0.210183 -0.241768 -2.832779
v -0.280589 -0.220283 -2.869323
v -0.277104 -0.232799 -2.846124
v -0.273618 -0.245315 -2.822925
v -0.021094 -0.222022 -2.876063
v -0.020828 -0.234673 -2.852488
v -0.042187 -0.222022 -2.876063
v -0.041656 -0.234673 -2.852488
v -0.063281 -0.222022 -2.876063
v -0.062485 -0.234673 -2.852488
v -1.426014 -0.233093 -2.649629
v -1.410435 -0.246461 -2.630281
v -1.540796 -0.216530 -2.538533
v -1.523921 -0.230839 -2.519865
v -1.655578 -0.199966 -2.427437
v -1.637408 -0.215216 -2.409448
v -1.197789 -0.263009 -2.764747
v -1.093675 -0.260984 -2.773100
v -1.001998 -0.246482 -2.803495
v -0.989561 -0.258959 -2.781454
v -0.484772 -0.225467 -2.848905
v -0.478751 -0.237918 -2.825960
v -0.472729 -0.250370 -2.803015
v -0.623904 -0.227014 -2.838592
v -0.616154 -0.239446 -2.815775
v -0.608404 -0.251878 -2.792958
v -0.763036 -0.228560 -2.828280
v -0.753557 -0.240973 -2.805591
v -0.744079 -0.253386 -2.782902
v -1.778202 0.044390 0.002818
v -1.756113 0.023011 -0.009661
v -1.734024 0.001632 -0.022141
v -1.782313 0.045385 0.011093
v -1.760173 0.023994 -0.001489
v -1.738032 0.002603 -0.014071
v -1.786424 0.046381 0.019368
v -1.764232 0.024977 0.006683
v -1.742041 0.003574 -0.006001
v 1.596316 0.075254 -0.141010
v 0.780034 0.087993 -0.521517
v 1.266017 0.092517 -0.338054
v 0.436252 0.113365 -0.519174
v 1.587877 -0.164887 -2.407600
v 1.273288 -0.109130 -2.386590
v 1.023449 -0.115950 -2.512341
v 0.534875 -0.106826 -2.603952
v 0.291841 -0.099195 -2.639089
v 1.535781 -0.013819 -1.641967
v 1.576298 0.034819 -0.823468
v 0.582897 0.096694 -0.617235
v 1.033150 0.082025 -0.589558
v 0.265875 0.116115 -0.615603
v 1.432321 -0.127985 -2.352010
v 1.756476 -0.109373 -2.030584
v 1.457782 -0.061590 -2.044596
v 1.555495 0.012924 -1.227985
v 1.740993 0.057236 -0.121684
v 1.278684 0.021440 -1.427035
v 0.769697 0.027327 -1.440237
v 0.763022 -0.097133 -2.506373
v 0.444669 0.049175 -1.450314
v 0.432148 -0.088513 -2.566812
v 0.171947 -0.081766 -2.583144
v 1.712095 -0.044935 -1.619010
v 1.596604 0.059048 -0.465442
v 1.723996 0.005753 -0.772055
v 1.738280 0.037534 -0.401820
v 0.280505 0.053281 -1.452493
v 0.580902 0.038011 -1.448919
v 1.052323 0.025310 -1.404763
v 1.631050 -0.086838 -2.023490
v 1.720737 -0.019007 -1.191897
v 1.379760 0.077143 -0.592143
v 1.384254 0.058158 -0.871053
v 1.369632 0.036974 -1.179814
v 1.333675 -0.004517 -1.704175
v 1.205372 -0.045629 -2.076961
v 0.537436 -0.027706 -2.164724
v 0.688455 -0.033927 -2.145858
v 0.243500 -0.018283 -2.180338
v 0.399808 -0.021129 -2.174011
v 0.928967 -0.037232 -2.103536
v 1.330922 -0.229816 -2.680915
v -1.596316 0.075254 -0.141010
v 0.000000 0.119525 -0.519623
v -0.780034 0.087993 -0.521517
v -1.266017 0.092517 -0.338054
v -0.436252 0.113365 -0.519174
v -1.587877 -0.164887 -2.407599
v -1.273288 -0.109130 -2.386590
v -1.644556 0.053263 -0.177295
v -1.217419 0.078525 -0.365302
v -1.023449 -0.115950 -2.512342
v -0.534875 -0.106826 -2.603952
v -0.291841 -0.099195 -2.639089
v 0.000000 -0.095952 -2.647220
v -1.535781 -0.013819 -1.641966
v -1.576297 0.034818 -0.823468
v -0.582897 0.096694 -0.617235
v -1.033150 0.082025 -0.589558
v -0.265875 0.116115 -0.615603
v -1.432321 -0.127985 -2.352010
v -1.756476 -0.109373 -2.030584
v -1.457781 -0.061590 -2.044596
v -1.555495 0.012924 -1.227985
v -1.740993 0.057236 -0.121684
v -1.278684 0.021440 -1.427035
v -0.769697 0.027327 -1.440236
v -0.763022 -0.097133 -2.506372
v -0.444669 0.049175 -1.450314
v -0.432148 -0.088513 -2.566812
v 0.000000 0.054665 -1.455487
v -0.171947 -0.081766 -2.583144
v -1.712095 -0.044935 -1.619010
v -1.596604 0.059048 -0.465442
v -1.723996 0.005753 -0.772055
v -1.738280 0.037534 -0.401820
v -0.280505 0.053281 -1.452493
v -0.580902 0.038011 -1.448918
v -1.052323 0.025310 -1.404763
v -1.631050 -0.086838 -2.023490
v -1.720737 -0.019007 -1.191897
v -1.379760 0.077143 -0.592143
v -1.384254 0.058158 -0.871053
v -1.369632 0.036974 -1.179815
v -1.333675 -0.004517 -1.704175
v -1.205372 -0.045629 -2.076961
v -0.537436 -0.027706 -2.164724
v -0.688455 -0.033927 -2.145858
v -0.243500 -0.018283 -2.180338
v 0.000000 -0.017716 -2.189702
v -0.399808 -0.021129 -2.174012
v -0.928967 -0.037232 -2.103536
v -1.330922 -0.229816 -2.680915
v 0.607801 0.096219 -0.573750
v 0.650596 0.093839 -0.540296
v 0.709787 0.090650 -0.526360
v 1.658492 -0.188110 -2.421200
v 1.068045 0.085145 -0.538183
v 1.121957 0.088353 -0.477768
v 1.188660 0.091274 -0.408853
v 0.293243 0.117751 -0.567204
v 0.334613 0.117537 -0.532791
v 0.384292 0.115907 -0.520094
v 1.441306 -0.133596 -2.372686
v 1.468216 -0.141203 -2.392049
v 1.520268 -0.150590 -2.401404
v 0.000000 -0.118438 -2.726031
v 0.000000 -0.146205 -2.795695
v 0.000000 -0.183112 -2.861031
v 0.507430 -0.128086 -2.683136
v 0.487293 -0.154168 -2.753297
v 0.474978 -0.188530 -2.820315
v 0.255072 -0.121151 -2.718960
v 0.219533 -0.148121 -2.789046
v 0.191195 -0.184077 -2.854800
v 1.786677 -0.106544 -1.974722
v 1.819388 -0.099636 -1.882621
v 1.368966 -0.212663 -2.636017
v 1.430305 -0.193577 -2.572527
v 1.507254 -0.178310 -2.497874
v 0.993213 -0.138609 -2.592004
v 0.971217 -0.165763 -2.664368
v 0.956560 -0.199229 -2.736755
v 1.405794 -0.074651 -2.150072
v 1.349466 -0.087481 -2.249458
v 1.301773 -0.099712 -2.332623
v 1.549268 0.007585 -1.333039
v 1.543632 0.001704 -1.437412
v 1.539654 -0.005289 -1.540523
v 1.603614 0.072912 -0.118892
v 0.000000 0.117774 -0.420431
v 0.000000 0.106745 -0.391041
v 0.775948 0.092292 -0.418227
v 0.768063 0.090415 -0.381973
v 0.424942 0.112339 -0.420091
v 0.411023 0.102848 -0.390168
v 1.242344 0.092880 -0.297558
v 1.226145 0.090018 -0.297358
v 1.752893 0.055277 -0.101828
v 1.769156 0.051901 -0.077052
v 1.159553 -0.060976 -2.195935
v 1.110757 -0.077606 -2.311087
v 1.063787 -0.095828 -2.418021
v 0.651412 -0.050448 -2.278925
v 0.610627 -0.068205 -2.400826
v 0.570361 -0.087048 -2.509768
v 0.716206 -0.102059 -2.537826
v 0.655334 -0.106667 -2.570290
v 0.592802 -0.107926 -2.591568
v 0.379116 -0.039307 -2.309743
v 0.354267 -0.058492 -2.433578
v 0.325198 -0.078512 -2.543899
v 0.406197 -0.093177 -2.593417
v 0.370532 -0.097685 -2.619194
v 0.331855 -0.099472 -2.633485
v 0.000000 -0.035957 -2.324712
v 0.000000 -0.055078 -2.446437
v 0.000000 -0.075076 -2.554174
v 0.139760 -0.087478 -2.610183
v 0.095998 -0.092834 -2.633740
v 0.048687 -0.095410 -2.644870
v 1.672787 -0.037812 -1.623372
v 1.631571 -0.029522 -1.628286
v 1.586538 -0.021160 -1.634300
v 1.593949 0.052788 -0.557471
v 1.588896 0.046651 -0.645566
v 1.582620 0.040656 -0.733106
v 1.692709 0.011221 -0.784554
v 1.659092 0.018313 -0.797205
v 1.621003 0.026391 -0.810134
v 0.484556 0.110209 -0.521604
v 0.526497 0.106316 -0.535897
v 0.560330 0.101525 -0.571532
v 0.854522 0.086739 -0.516933
v 0.926185 0.085926 -0.522551
v 0.988528 0.084335 -0.549742
v 0.086319 0.119627 -0.520946
v 0.164111 0.119517 -0.533530
v 0.225965 0.118497 -0.567569
v 1.292171 -0.116592 -2.398936
v 1.330611 -0.124275 -2.399378
v 1.385015 -0.127693 -2.378368
v 1.659457 -0.150556 -2.299634
v 1.713120 -0.135229 -2.189162
v 1.743707 -0.120083 -2.094042
v 1.529505 -0.024125 -1.741705
v 1.517099 -0.035856 -1.840999
v 1.494535 -0.048511 -1.941435
v 1.570814 0.029150 -0.919207
v 1.565895 0.023630 -1.019583
v 1.560977 0.018231 -1.123030
v 1.653940 0.069912 -0.119591
v 1.696246 0.065079 -0.110370
v 1.724970 0.060642 -0.112724
v 1.350545 0.035810 -1.211033
v 1.325195 0.032728 -1.266479
v 1.299169 0.026967 -1.351586
v 0.781763 0.077452 -0.701378
v 0.780982 0.062385 -0.935026
v 0.777144 0.044956 -1.191600
v 0.933037 -0.114272 -2.530586
v 0.851806 -0.110022 -2.535703
v 0.794104 -0.103268 -2.524208
v 0.443773 0.104908 -0.698574
v 0.447494 0.089287 -0.934909
v 0.447699 0.069658 -1.196161
v 0.487175 -0.104709 -2.610514
v 0.454091 -0.100788 -2.606667
v 0.437674 -0.094452 -2.588681
v 0.000000 0.111326 -0.699399
v 0.000000 0.095628 -0.936490
v 0.000000 0.075664 -1.199113
v 0.252076 -0.097750 -2.639467
v 0.216478 -0.094252 -2.630556
v 0.188870 -0.088059 -2.608849
v 1.822135 -0.060895 -1.610088
v 1.788022 -0.055019 -1.611621
v 1.750828 -0.050262 -1.614884
v 1.593859 0.074293 -0.195498
v 1.594591 0.070653 -0.274893
v 1.596257 0.065262 -0.368454
v 1.784642 -0.000297 -0.747362
v 1.754658 0.002229 -0.759626
v 1.741432 0.044649 -0.311234
v 1.743093 0.050584 -0.228137
v 1.742644 0.054909 -0.161472
v 1.726896 0.013413 -0.676070
v 1.730534 0.021522 -0.583475
v 1.734475 0.029692 -0.492611
v 1.762320 0.033525 -0.386439
v 1.783924 0.029890 -0.370794
v 1.643778 0.052716 -0.446561
v 1.681360 0.047062 -0.430638
v 1.711983 0.042023 -0.416212
v 0.285229 0.074035 -1.199693
v 0.285276 0.093308 -0.954152
v 0.277752 0.107761 -0.755301
v 0.256984 -0.000882 -2.032257
v 0.266966 0.016283 -1.866233
v 0.274466 0.034055 -1.675299
v 0.323791 0.052670 -1.451886
v 0.366179 0.051893 -1.451303
v 0.406771 0.050783 -1.450771
v 0.070126 0.054546 -1.455229
v 0.140253 0.054232 -1.454551
v 0.210379 0.053789 -1.453592
v 0.581982 0.056956 -1.198844
v 0.582004 0.074915 -0.950746
v 0.582345 0.088969 -0.743796
v 0.556563 -0.011495 -2.018859
v 0.569405 0.004299 -1.855732
v 0.577130 0.020520 -1.668151
v 0.619866 0.034832 -1.448346
v 0.663682 0.031861 -1.447090
v 0.713307 0.029294 -1.444579
v 0.479436 0.046958 -1.449944
v 0.512482 0.044245 -1.449623
v 0.545680 0.041206 -1.449298
v 1.059459 0.043133 -1.161998
v 1.057076 0.060235 -0.919456
v 1.045188 0.073989 -0.715244
v 0.975124 -0.021538 -1.958628
v 1.011801 -0.006387 -1.798359
v 1.037007 0.008921 -1.616555
v 1.127425 0.025321 -1.395440
v 1.194282 0.024682 -1.396185
v 1.245863 0.023024 -1.412103
v 0.833345 0.026092 -1.433671
v 0.902885 0.025467 -1.425222
v 0.976488 0.025268 -1.415413
v 1.665881 -0.074786 -1.923124
v 1.689136 -0.063721 -1.822775
v 1.703610 -0.053738 -1.721663
v 1.474168 -0.121464 -2.297390
v 1.528746 -0.111548 -2.217042
v 1.583508 -0.099534 -2.123358
v 1.668557 -0.092124 -2.021397
v 1.703727 -0.097315 -2.021497
v 1.734440 -0.103268 -2.024923
v 1.507908 -0.067567 -2.036864
v 1.552254 -0.074135 -2.031009
v 1.592680 -0.080742 -2.026671
v 1.720817 -0.013340 -1.083782
v 1.721190 -0.007464 -0.976929
v 1.722152 -0.001169 -0.872600
v 1.717052 -0.037338 -1.514262
v 1.719612 -0.030696 -1.407774
v 1.720574 -0.024692 -1.300126
v 1.756485 -0.023223 -1.183864
v 1.789448 -0.025838 -1.176379
v 1.816896 -0.027885 -1.169995
v 1.603499 0.004587 -1.217786
v 1.645766 -0.004222 -1.208596
v 1.684208 -0.012440 -1.200079
v 1.294257 0.088689 -0.421434
v 1.324985 0.083724 -0.509281
v 1.355794 0.079899 -0.564337
v 1.539010 0.065861 -0.488806
v 1.477381 0.071921 -0.518442
v 1.420122 0.075875 -0.555415
v 1.367872 0.073826 -0.661899
v 1.362135 0.068491 -0.749761
v 1.370729 0.062759 -0.823284
v 1.524274 0.042934 -0.837184
v 1.469990 0.049972 -0.850670
v 1.420002 0.055224 -0.862874
v 1.367173 0.055331 -0.926347
v 1.355196 0.050017 -1.009361
v 1.359295 0.042914 -1.105402
v 1.501487 0.020023 -1.237349
v 1.447786 0.026293 -1.235315
v 1.401549 0.032233 -1.212649
v 1.289040 0.014641 -1.506990
v 1.303666 0.006881 -1.592472
v 1.320157 0.000196 -1.660678
v 1.478892 -0.008433 -1.652150
v 1.421465 -0.005289 -1.666968
v 1.370205 -0.004309 -1.687032
v 1.310905 -0.010160 -1.763902
v 1.279336 -0.019368 -1.852222
v 1.244719 -0.031485 -1.959448
v 1.400687 -0.056614 -2.054184
v 1.338132 -0.052490 -2.064069
v 1.272300 -0.048925 -2.072308
v 0.453835 -0.077260 -2.507718
v 0.482501 -0.061798 -2.414731
v 0.511713 -0.044808 -2.298183
v 0.758026 0.011162 -1.656446
v 0.741235 -0.003877 -1.841214
v 0.718366 -0.018627 -2.001899
v 0.188862 -0.068526 -2.517255
v 0.207159 -0.053504 -2.429137
v 0.226144 -0.036307 -2.314766
v 0.000000 0.035197 -1.680184
v 0.000000 0.017157 -1.873211
v 0.000000 -0.000225 -2.040929
v 0.438593 0.030323 -1.671889
v 0.429281 0.012902 -1.861558
v 0.416447 -0.003958 -2.026529
v 0.787310 -0.085715 -2.446608
v 0.827356 -0.070387 -2.353180
v 0.877166 -0.053809 -2.236622
v 1.138758 -0.042456 -2.077644
v 1.070765 -0.039849 -2.080208
v 0.999951 -0.038215 -2.089929
v 0.644211 -0.032662 -2.152340
v 0.605590 -0.031164 -2.157431
v 0.570646 -0.029491 -2.161452
v 0.362217 -0.020101 -2.175743
v 0.323353 -0.019343 -2.177346
v 0.283639 -0.018768 -2.178863
v 0.861044 -0.036463 -2.116516
v 0.797640 -0.035730 -2.127928
v 0.739772 -0.034921 -2.137726
v 0.504276 -0.025879 -2.167527
v 0.470532 -0.024105 -2.169966
v 0.435834 -0.022488 -2.172106
v 0.182625 -0.018075 -2.183776
v 0.121750 -0.017893 -2.186775
v 0.060875 -0.017763 -2.188897
v 1.351455 0.090776 -0.273968
v 1.439291 0.086624 -0.219106
v 1.523065 0.081102 -0.174457
v 1.073665 -0.234445 -2.767450
v 1.178407 -0.229608 -2.727309
v 1.268143 -0.228225 -2.697406
v 1.235018 -0.111217 -2.417844
v 1.179189 -0.113804 -2.454241
v 1.107670 -0.115608 -2.486335
v -0.607801 0.096219 -0.573750
v -0.650596 0.093839 -0.540296
v -0.709787 0.090650 -0.526361
v -1.658493 -0.188110 -2.421200
v -1.068045 0.085145 -0.538183
v -1.121957 0.088353 -0.477768
v -1.188660 0.091274 -0.408853
v -0.293243 0.117751 -0.567204
v -0.334613 0.117537 -0.532791
v -0.384292 0.115907 -0.520094
v -1.441306 -0.133596 -2.372686
v -1.468216 -0.141203 -2.392049
v -1.520268 -0.150590 -2.401404
v -0.507430 -0.128086 -2.683136
v -0.487293 -0.154168 -2.753297
v -0.474978 -0.188530 -2.820315
v -0.255072 -0.121151 -2.718960
v -0.219533 -0.148121 -2.789046
v -0.191195 -0.184077 -2.854799
v -1.213224 0.080893 -0.326178
v -1.209028 0.083262 -0.287053
v -1.786677 -0.106544 -1.974723
v -1.819388 -0.099636 -1.882621
v -1.368966 -0.212663 -2.636017
v -1.430305 -0.193577 -2.572527
v -1.507254 -0.178310 -2.497874
v -0.993213 -0.138609 -2.592004
v -0.971217 -0.165763 -2.664367
v -0.956560 -0.199229 -2.736755
v -1.405794 -0.074651 -2.150072
v -1.349466 -0.087481 -2.249458
v -1.301773 -0.099712 -2.332623
v -1.549268 0.007585 -1.333039
v -1.543632 0.001704 -1.437412
v -1.539654 -0.005289 -1.540523
v -1.603614 0.072912 -0.118892
v -0.775948 0.092292 -0.418227
v -0.768063 0.090415 -0.381973
v -0.424942 0.112339 -0.420091
v -0.411023 0.102848 -0.390168
v -1.242344 0.092880 -0.297558
v -1.226145 0.090018 -0.297358
v -1.091731 0.079914 -0.392104
v -1.340814 0.073860 -0.328137
v -1.456764 0.067042 -0.282532
v -1.559825 0.059649 -0.231310
v -1.752439 0.046860 -0.068402
v -1.707412 0.049092 -0.122837
v -1.752893 0.055277 -0.101828
v -1.769156 0.051901 -0.077052
v -1.159553 -0.060976 -2.195935
v -1.110757 -0.077606 -2.311087
v -1.063787 -0.095828 -2.418021
v -0.651412 -0.050448 -2.278925
v -0.610627 -0.068205 -2.400826
v -0.570361 -0.087048 -2.509768
v -0.716206 -0.102059 -2.537826
v -0.655334 -0.106667 -2.570290
v -0.592802 -0.107926 -2.591568
v -0.379116 -0.039307 -2.309743
v -0.354267 -0.058492 -2.433578
v -0.325198 -0.078512 -2.543899
v -0.406197 -0.093177 -2.593417
v -0.370532 -0.097685 -2.619194
v -0.331855 -0.099472 -2.633485
v -0.139760 -0.087478 -2.610183
v -0.095998 -0.092834 -2.633739
v -0.048687 -0.095410 -2.644870
v -1.672787 -0.037812 -1.623372
v -1.631570 -0.029522 -1.628286
v -1.586538 -0.021160 -1.634300
v -1.593949 0.052788 -0.557471
v -1.588896 0.046651 -0.645566
v -1.582620 0.040656 -0.733105
v -1.692709 0.011221 -0.784554
v -1.659092 0.018313 -0.797205
v -1.621003 0.026391 -0.810134
v -0.484556 0.110209 -0.521604
v -0.526497 0.106316 -0.535897
v -0.560330 0.101525 -0.571532
v -0.854522 0.086739 -0.516933
v -0.926185 0.085926 -0.522551
v -0.988528 0.084335 -0.549742
v -0.086319 0.119627 -0.520946
v -0.164111 0.119517 -0.533530
v -0.225965 0.118497 -0.567569
v -1.292172 -0.116592 -2.398936
v -1.330611 -0.124275 -2.399378
v -1.385015 -0.127693 -2.378368
v -1.659457 -0.150556 -2.299635
v -1.713120 -0.135229 -2.189162
v -1.743707 -0.120083 -2.094043
v -1.529505 -0.024125 -1.741705
v -1.517099 -0.035856 -1.841000
v -1.494535 -0.048511 -1.941435
v -1.570814 0.029150 -0.919207
v -1.565895 0.023630 -1.019583
v -1.560977 0.018231 -1.123030
v -1.653939 0.069912 -0.119591
v -1.696246 0.065079 -0.110370
v -1.724969 0.060642 -0.112724
v -1.350545 0.035810 -1.211033
v -1.325195 0.032728 -1.266479
v -1.299169 0.026967 -1.351586
v -0.781763 0.077452 -0.701377
v -0.780982 0.062385 -0.935026
v -0.777144 0.044956 -1.191599
v -0.933037 -0.114272 -2.530587
v -0.851806 -0.110022 -2.535703
v -0.794104 -0.103268 -2.524208
v -0.443773 0.104908 -0.698574
v -0.447494 0.089287 -0.934909
v -0.447699 0.069658 -1.196161
v -0.487175 -0.104709 -2.610514
v -0.454091 -0.100788 -2.606667
v -0.437674 -0.094452 -2.588681
v -0.252076 -0.097750 -2.639467
v -0.216478 -0.094252 -2.630556
v -0.188870 -0.088059 -2.608849
v -1.822135 -0.060895 -1.610088
v -1.788022 -0.055019 -1.611621
v -1.750828 -0.050262 -1.614883
v -1.593859 0.074293 -0.195498
v -1.594591 0.070653 -0.274893
v -1.596257 0.065262 -0.368454
v -1.784642 -0.000297 -0.747362
v -1.754658 0.002229 -0.759626
v -1.741432 0.044649 -0.311234
v -1.743093 0.050584 -0.228137
v -1.742645 0.054909 -0.161472
v -1.726895 0.013413 -0.676070
v -1.730534 0.021522 -0.583475
v -1.734475 0.029692 -0.492611
v -1.762320 0.033525 -0.386439
v -1.783924 0.029890 -0.370794
v -1.643778 0.052716 -0.446561
v -1.681360 0.047062 -0.430638
v -1.711983 0.042023 -0.416212
v -0.285229 0.074035 -1.199692
v -0.285276 0.093308 -0.954152
v -0.277752 0.107761 -0.755301
v -0.256984 -0.000882 -2.032257
v -0.266966 0.016283 -1.866233
v -0.274466 0.034055 -1.675299
v -0.323791 0.052670 -1.451886
v -0.366179 0.051893 -1.451303
v -0.406771 0.050783 -1.450771
v -0.070126 0.054546 -1.455229
v -0.140253 0.054232 -1.454551
v -0.210379 0.053789 -1.453592
v -0.581982 0.056956 -1.198844
v -0.582004 0.074915 -0.950746
v -0.582345 0.088969 -0.743796
v -0.556563 -0.011495 -2.018859
v -0.569405 0.004299 -1.855733
v -0.577129 0.020520 -1.668151
v -0.619866 0.034832 -1.448346
v -0.663682 0.031861 -1.447091
v -0.713307 0.029294 -1.444579
v -0.479436 0.046958 -1.449944
v -0.512482 0.044245 -1.449623
v -0.545680 0.041206 -1.449298
v -1.059459 0.043133 -1.161998
v -1.057076 0.060235 -0.919456
v -1.045188 0.073990 -0.715244
v -0.975124 -0.021538 -1.958628
v -1.011801 -0.006387 -1.798359
v -1.037007 0.008921 -1.616555
v -1.127425 0.025321 -1.395440
v -1.194282 0.024682 -1.396185
v -1.245863 0.023024 -1.412104
v -0.833345 0.026092 -1.433671
v -0.902885 0.025467 -1.425222
v -0.976488 0.025268 -1.415412
v -1.665881 -0.074786 -1.923124
v -1.689137 -0.063721 -1.822775
v -1.703610 -0.053738 -1.721663
v -1.474168 -0.121464 -2.297391
v -1.528746 -0.111548 -2.217042
v -1.583507 -0.099534 -2.123358
v -1.668557 -0.092124 -2.021397
v -1.703727 -0.097315 -2.021497
v -1.734441 -0.103268 -2.024922
v -1.507908 -0.067567 -2.036864
v -1.552254 -0.074135 -2.031009
v -1.592680 -0.080742 -2.026671
v -1.720817 -0.013340 -1.083782
v -1.721190 -0.007464 -0.976929
v -1.722152 -0.001169 -0.872599
v -1.717052 -0.037338 -1.514262
v -1.719612 -0.030696 -1.407774
v -1.720574 -0.024692 -1.300126
v -1.756485 -0.023223 -1.183864
v -1.789448 -0.025838 -1.176379
v -1.816896 -0.027885 -1.169995
v -1.603499 0.004587 -1.217786
v -1.645766 -0.004222 -1.208596
v -1.684208 -0.012440 -1.200078
v -1.294257 0.088689 -0.421434
v -1.324985 0.083724 -0.509280
v -1.355794 0.079899 -0.564337
v -1.539010 0.065861 -0.488806
v -1.477381 0.071921 -0.518442
v -1.420122 0.075875 -0.555415
v -1.367872 0.073826 -0.661899
v -1.362135 0.068491 -0.749761
v -1.370729 0.062759 -0.823284
v -1.524274 0.042934 -0.837183
v -1.469990 0.049972 -0.850670
v -1.420002 0.055224 -0.862874
v -1.367173 0.055331 -0.926347
v -1.355196 0.050017 -1.009361
v -1.359295 0.042914 -1.105402
v -1.501487 0.020022 -1.237349
v -1.447786 0.026293 -1.235315
v -1.401549 0.032233 -1.212648
v -1.289040 0.014641 -1.506989
v -1.303666 0.006881 -1.592472
v -1.320157 0.000196 -1.660678
v -1.478892 -0.008433 -1.652149
v -1.421465 -0.005289 -1.666968
v -1.370205 -0.004309 -1.687032
v -1.310905 -0.010160 -1.763902
v -1.279336 -0.019368 -1.852222
v -1.244719 -0.031485 -1.959447
v -1.400687 -0.056614 -2.054184
v -1.338132 -0.052490 -2.064069
v -1.272300 -0.048925 -2.072308
v -0.453835 -0.077260 -2.507718
v -0.482501 -0.061798 -2.414731
v -0.511713 -0.044808 -2.298183
v -0.758026 0.011162 -1.656445
v -0.741235 -0.003877 -1.841213
v -0.718366 -0.018627 -2.001898
v -0.188862 -0.068526 -2.517255
v -0.207159 -0.053504 -2.429137
v -0.226144 -0.036307 -2.314766
v -0.438593 0.030323 -1.671889
v -0.429281 0.012902 -1.861558
v -0.416447 -0.003958 -2.026529
v -0.787310 -0.085715 -2.446607
v -0.827356 -0.070387 -2.353180
v -0.877166 -0.053809 -2.236622
v -1.138758 -0.042456 -2.077644
v -1.070765 -0.039849 -2.080208
v -0.999951 -0.038215 -2.089929
v -0.644211 -0.032662 -2.152340
v -0.605590 -0.031164 -2.157431
v -0.570646 -0.029491 -2.161452
v -0.362217 -0.020101 -2.175743
v -0.323352 -0.019343 -2.177346
v -0.283639 -0.018768 -2.178863
v -0.861044 -0.036463 -2.116516
v -0.797640 -0.035730 -2.127928
v -0.739772 -0.034921 -2.137726
v -0.504276 -0.025879 -2.167527
v -0.470532 -0.024105 -2.169966
v -0.435834 -0.022488 -2.172106
v -0.182625 -0.018075 -2.183777
v -0.121750 -0.017893 -2.186775
v -0.060875 -0.017765 -2.188897
v -1.351455 0.090776 -0.273968
v -1.439291 0.086624 -0.219106
v -1.523065 0.081102 -0.174457
v -1.073665 -0.234445 -2.767450
v -1.178407 -0.229608 -2.727309
v -1.268143 -0.228225 -2.697406
v -1.235018 -0.111217 -2.417844
v -1.179189 -0.113804 -2.454241
v -1.107670 -0.115608 -2.486334
v 0.345174 -0.142320 -2.756690
v 0.248762 -0.183767 -2.847512
v 0.274629 -0.147583 -2.780441
v 0.302524 -0.120924 -2.711240
v 0.351049 -0.116868 -2.689962
v 0.396918 -0.107038 -2.647500
v 0.406897 -0.118660 -2.681517
v 0.446531 -0.125037 -2.690061
v 0.410729 -0.150549 -2.761571
v 0.388271 -0.185632 -2.829937
v 0.314558 -0.183452 -2.837483
v 0.115753 -0.138675 -2.775955
v 0.045985 -0.182528 -2.859344
v 0.052025 -0.144983 -2.792379
v 0.050974 -0.117411 -2.722591
v 0.101777 -0.112508 -2.705712
v 0.149197 -0.101680 -2.666267
v 0.172401 -0.113355 -2.704073
v 0.210241 -0.119217 -2.718691
v 0.169401 -0.146101 -2.789353
v 0.140586 -0.183077 -2.856773
v 0.093157 -0.181790 -2.856454
v 1.685542 -0.007033 -1.092963
v 1.648392 0.000990 -1.102396
v 1.607494 0.009741 -1.112335
v 1.687186 -0.001423 -0.987141
v 1.651244 0.006374 -0.997534
v 1.611452 0.015025 -1.008289
v 1.689466 0.004595 -0.883906
v 1.654689 0.012093 -0.895356
v 1.615809 0.020541 -0.907079
v 1.728165 -0.169345 -2.292472
v 1.778310 -0.147710 -2.155212
v 1.793094 -0.124740 -2.046418
v 1.628391 -0.068428 -1.925924
v 1.588730 -0.061538 -1.929568
v 1.544807 -0.054703 -1.934569
v 1.651346 -0.057055 -1.825754
v 1.611458 -0.049695 -1.829403
v 1.567400 -0.042383 -1.834295
v 1.664994 -0.046792 -1.725218
v 1.624413 -0.038919 -1.729360
v 1.579904 -0.031052 -1.734664
v 0.708261 -0.153395 -2.701397
v 0.579265 -0.191324 -2.805795
v 0.582191 -0.156109 -2.736604
v 0.582856 -0.129446 -2.667867
v 0.663553 -0.126563 -2.638702
v 0.734723 -0.116556 -2.588780
v 0.789898 -0.129117 -2.616728
v 0.884397 -0.136239 -2.614577
v 0.844803 -0.163145 -2.691785
v 0.827824 -0.197994 -2.766332
v 0.699075 -0.194168 -2.786870
v 0.994195 0.091823 -0.359785
v 1.148555 0.093521 -0.343734
v 1.068301 0.092349 -0.391755
v 1.015944 0.089782 -0.452738
v 0.948331 0.091211 -0.416817
v 0.863763 0.091422 -0.412224
v 0.870466 0.090410 -0.372981
v 1.115474 0.091649 -0.329628
v 1.526858 0.078804 -0.156200
v 1.437267 0.084734 -0.200837
v 1.340532 0.089744 -0.249169
v 0.226862 0.110143 -0.391061
v 0.357427 0.115277 -0.420611
v 0.294721 0.118209 -0.433207
v 0.251022 0.120492 -0.476029
v 0.186187 0.119413 -0.433595
v 0.098008 0.118224 -0.421210
v 0.107944 0.107457 -0.390091
v 0.327264 0.105646 -0.389475
v 0.580062 0.098258 -0.391302
v 0.694208 0.095035 -0.423397
v 0.626618 0.099018 -0.438058
v 0.583734 0.102428 -0.481170
v 0.544168 0.106110 -0.436069
v 0.488623 0.109303 -0.421840
v 0.490456 0.100458 -0.389406
v 0.674462 0.092677 -0.386502
v 1.767032 0.050970 -0.038599
v 1.719913 0.059139 -0.066219
v 1.750048 0.055667 -0.058953
v 1.663154 0.067798 -0.092289
v 1.706331 0.063336 -0.078722
v 1.735394 0.059221 -0.080536
v 1.524626 0.080204 -0.226306
v 1.529598 0.076749 -0.303495
v 1.535326 0.071670 -0.394511
v 1.446894 0.085440 -0.271967
v 1.457975 0.081962 -0.347626
v 1.469522 0.077216 -0.431929
v 1.367757 0.088698 -0.335832
v 1.387361 0.084764 -0.413624
v 1.407106 0.080374 -0.485723
v 0.983218 0.042941 -1.170196
v 0.910074 0.043052 -1.178105
v 0.841013 0.043646 -1.185568
v 0.983881 0.060078 -0.923108
v 0.913309 0.060367 -0.924980
v 0.845346 0.061018 -0.929632
v 0.982153 0.074341 -0.708636
v 0.916637 0.075256 -0.697474
v 0.848908 0.076078 -0.696677
v 0.546563 0.060600 -1.198016
v 0.513883 0.064076 -1.196918
v 0.481662 0.067158 -1.196314
v 0.547151 0.078993 -0.946138
v 0.514783 0.083012 -0.939270
v 0.482247 0.086503 -0.935790
v 0.550314 0.093389 -0.729356
v 0.517918 0.098011 -0.709549
v 0.482691 0.101880 -0.700406
v 0.214267 0.074649 -1.199203
v 0.143117 0.075176 -1.198933
v 0.071653 0.075533 -1.199002
v 0.216723 0.094292 -0.945449
v 0.146662 0.095075 -0.939121
v 0.074085 0.095506 -0.936718
v 0.218122 0.109543 -0.727810
v 0.152376 0.110764 -0.707985
v 0.078512 0.111255 -0.700271
v 1.715652 0.049111 -0.323570
v 1.684679 0.053958 -0.335518
v 1.645771 0.059302 -0.349683
v 1.718291 0.055002 -0.236991
v 1.687279 0.059766 -0.244799
v 1.646906 0.064942 -0.256399
v 1.720445 0.059071 -0.164918
v 1.690446 0.063727 -0.167244
v 1.648992 0.068769 -0.176493
v 1.784877 0.036220 -0.283625
v 1.764333 0.040435 -0.296958
v 1.784365 0.041960 -0.200296
v 1.764622 0.046383 -0.214727
v 1.779857 0.047273 -0.127356
v 1.761522 0.051228 -0.147536
v 1.784063 0.007353 -0.644886
v 1.755882 0.009890 -0.661899
v 1.783779 0.015176 -0.548486
v 1.757759 0.017903 -0.568020
v 1.783583 0.022800 -0.458219
v 1.759981 0.025902 -0.476751
v 1.697088 0.018569 -0.689820
v 1.664629 0.025127 -0.703785
v 1.627234 0.032639 -0.718150
v 1.702159 0.026382 -0.598217
v 1.670708 0.032356 -0.613225
v 1.633760 0.039195 -0.628881
v 1.707323 0.034316 -0.507696
v 1.676546 0.039750 -0.523014
v 1.639601 0.045930 -0.539345
v 0.410353 0.071454 -1.196297
v 0.370152 0.072659 -1.196898
v 0.328137 0.073452 -1.198115
v 0.409237 0.091284 -0.935027
v 0.368606 0.092518 -0.937759
v 0.327100 0.093091 -0.944698
v 0.401269 0.107130 -0.699111
v 0.357961 0.108360 -0.706978
v 0.316734 0.108455 -0.727244
v 0.288058 -0.077411 -2.545043
v 0.252027 -0.075455 -2.541367
v 0.219189 -0.072268 -2.531068
v 0.317833 -0.057544 -2.435235
v 0.280683 -0.056466 -2.435163
v 0.243794 -0.055080 -2.432813
v 0.342295 -0.038363 -2.311565
v 0.304203 -0.037601 -2.312982
v 0.265355 -0.036933 -2.313988
v 0.144285 -0.071477 -2.533621
v 0.097685 -0.073821 -2.546505
v 0.049296 -0.074881 -2.552767
v 0.155936 -0.054291 -2.436492
v 0.104404 -0.054858 -2.442337
v 0.052357 -0.055064 -2.445534
v 0.169679 -0.036204 -2.318543
v 0.113175 -0.036100 -2.321768
v 0.056607 -0.036003 -2.323931
v 0.719388 0.047144 -1.195367
v 0.667791 0.050033 -1.197464
v 0.622131 0.053369 -1.198642
v 0.721470 0.064771 -0.938619
v 0.668123 0.067842 -0.942458
v 0.621867 0.071209 -0.948122
v 0.718629 0.079983 -0.705448
v 0.663266 0.083032 -0.714278
v 0.618460 0.085876 -0.732095
v 0.529585 -0.085554 -2.516408
v 0.497758 -0.083177 -2.517203
v 0.474683 -0.079770 -2.511176
v 0.571538 -0.066998 -2.407590
v 0.538373 -0.065429 -2.411604
v 0.509815 -0.063487 -2.412878
v 0.610596 -0.049282 -2.285642
v 0.574942 -0.047916 -2.290838
v 0.542663 -0.046385 -2.294789
v 0.427028 -0.077723 -2.517871
v 0.395311 -0.079006 -2.531604
v 0.361158 -0.079197 -2.540035
v 0.453291 -0.060896 -2.420006
v 0.421986 -0.060308 -2.426336
v 0.389001 -0.059473 -2.430812
v 0.480299 -0.043294 -2.301610
v 0.447891 -0.041854 -2.304841
v 0.414260 -0.040496 -2.307538
v 1.239295 0.062068 -0.890619
v 1.260842 0.034793 -1.258640
v 1.208629 0.041294 -1.178405
v 1.137080 0.043223 -1.156781
v 1.134887 0.060957 -0.909117
v 1.108088 0.075487 -0.692947
v 1.172573 0.078923 -0.635554
v 1.231208 0.084690 -0.529078
v 1.276250 0.077533 -0.645658
v 1.321864 0.075053 -0.675572
v 1.310455 0.067612 -0.797152
v 1.331103 0.060982 -0.880192
v 1.308555 0.055194 -0.970386
v 1.320710 0.045519 -1.096853
v 1.285798 0.043972 -1.131117
v 0.984801 -0.094369 -2.433460
v 0.908774 -0.091768 -2.442213
v 0.844056 -0.088195 -2.443360
v 1.037662 -0.075868 -2.323832
v 0.963871 -0.073920 -2.334399
v 0.893544 -0.071887 -2.343236
v 1.089728 -0.058610 -2.204292
v 1.018375 -0.056546 -2.212940
v 0.946707 -0.054963 -2.224049
v 0.730011 -0.086423 -2.463570
v 0.672724 -0.087917 -2.484293
v 0.618724 -0.088032 -2.499569
v 0.765280 -0.069881 -2.366449
v 0.707972 -0.069718 -2.380392
v 0.656218 -0.069157 -2.391890
v 0.812128 -0.052956 -2.249059
v 0.752483 -0.052217 -2.260546
v 0.698747 -0.051409 -2.270552
v 1.766097 -0.094438 -1.939006
v 1.736793 -0.086391 -1.924942
v 1.702549 -0.080378 -1.921525
v 1.793356 -0.085119 -1.843292
v 1.761613 -0.075840 -1.825632
v 1.726265 -0.069432 -1.821032
v 1.811708 -0.073332 -1.731826
v 1.778181 -0.065160 -1.720829
v 1.741646 -0.059330 -1.718973
v 1.597160 -0.139197 -2.306072
v 1.546246 -0.131839 -2.306323
v 1.508797 -0.126137 -2.300131
v 1.657913 -0.126847 -2.206768
v 1.610565 -0.120933 -2.213750
v 1.569126 -0.116180 -2.215175
v 1.701355 -0.114326 -2.112427
v 1.662319 -0.109090 -2.118070
v 1.623261 -0.104435 -2.120665
v 1.429110 -0.117529 -2.308783
v 1.381431 -0.112524 -2.322061
v 1.340419 -0.105714 -2.327089
v 1.485286 -0.106229 -2.223769
v 1.440343 -0.100084 -2.232516
v 1.395865 -0.093397 -2.240130
v 1.542776 -0.093667 -2.127702
v 1.500328 -0.087140 -2.133651
v 1.455178 -0.080559 -2.140944
v 1.816428 -0.022796 -1.074263
v 1.787911 -0.020018 -1.070454
v 1.755423 -0.017337 -1.075263
v 1.786921 -0.014009 -0.963226
v 1.754656 -0.011265 -0.967582
v 1.785731 -0.007449 -0.854552
v 1.754313 -0.004799 -0.861887
v 1.826661 -0.050040 -1.486252
v 1.792876 -0.046173 -1.500235
v 1.755792 -0.042368 -1.508627
v 1.826067 -0.041062 -1.368973
v 1.793821 -0.038559 -1.389645
v 1.757706 -0.035434 -1.400910
v 1.821467 -0.033765 -1.264781
v 1.791995 -0.031894 -1.282121
v 1.757567 -0.029156 -1.292536
v 1.677703 -0.030195 -1.519525
v 1.636353 -0.021696 -1.525308
v 1.591004 -0.013006 -1.532134
v 1.680840 -0.023670 -1.413985
v 1.639978 -0.015151 -1.420675
v 1.594939 -0.006305 -1.428324
v 1.682816 -0.017873 -1.307315
v 1.643030 -0.009471 -1.314919
v 1.599190 -0.000611 -1.323355
v 1.242659 -0.157266 -2.552704
v 1.079779 -0.196385 -2.694916
v 1.094785 -0.163665 -2.621505
v 1.097524 -0.137374 -2.556780
v 1.186803 -0.132921 -2.511129
v 1.246307 -0.125354 -2.457911
v 1.290658 -0.136190 -2.466189
v 1.364352 -0.137712 -2.431091
v 1.374668 -0.148902 -2.469008
v 1.431866 -0.161303 -2.485249
v 1.347027 -0.175705 -2.561595
v 1.291098 -0.199183 -2.633938
v 1.194257 -0.194080 -2.653745
v 1.420264 0.071262 -0.633230
v 1.478601 0.066588 -0.603409
v 1.538578 0.060048 -0.578320
v 1.417425 0.066174 -0.714008
v 1.476174 0.061196 -0.686058
v 1.534999 0.054325 -0.663975
v 1.419187 0.060666 -0.789639
v 1.473541 0.055636 -0.767159
v 1.529871 0.048632 -0.749041
v 1.412583 0.050120 -0.941960
v 1.464468 0.044264 -0.940344
v 1.518946 0.037204 -0.931264
v 1.404998 0.044517 -1.030059
v 1.458702 0.038384 -1.035922
v 1.513768 0.031449 -1.030523
v 1.403652 0.038160 -1.124044
v 1.454074 0.032265 -1.135588
v 1.508277 0.025694 -1.133222
v 1.413746 0.013664 -1.452817
v 1.388810 0.027698 -1.289680
v 1.436186 0.020642 -1.333985
v 1.492757 0.014374 -1.341699
v 1.484542 0.008064 -1.447365
v 1.481602 0.000446 -1.551629
v 1.422014 0.003578 -1.571231
v 1.368170 0.003224 -1.609085
v 1.354631 0.010851 -1.526949
v 1.329823 0.018860 -1.441843
v 1.364967 0.023372 -1.366060
v 1.358310 -0.012811 -1.768858
v 1.413642 -0.015252 -1.760791
v 1.472560 -0.018875 -1.750746
v 1.336763 -0.023074 -1.860167
v 1.398040 -0.026568 -1.857126
v 1.459554 -0.030661 -1.849463
v 1.308630 -0.035285 -1.962354
v 1.373671 -0.039109 -1.958094
v 1.436709 -0.043386 -1.950088
v 1.226948 -0.063495 -2.185581
v 1.291033 -0.066391 -2.173662
v 1.350934 -0.069989 -2.161352
v 1.178961 -0.079204 -2.296380
v 1.241442 -0.081006 -2.280186
v 1.298231 -0.083503 -2.263541
v 1.136507 -0.096442 -2.398614
v 1.200627 -0.096676 -2.375912
v 1.255711 -0.097221 -2.351369
v 1.174486 -0.006685 -1.763214
v 1.183563 -0.027432 -1.947772
v 1.120112 -0.023852 -1.936850
v 1.048560 -0.022221 -1.943914
v 1.088127 -0.006616 -1.782280
v 1.112272 0.008948 -1.602068
v 1.182666 0.009575 -1.582736
v 1.241534 0.011676 -1.550624
v 1.249191 0.001672 -1.662354
v 1.274364 -0.005508 -1.730822
v 1.227705 -0.014534 -1.825882
v 0.670443 -0.017222 -2.007987
v 0.628793 -0.015506 -2.012602
v 0.591478 -0.013568 -2.016106
v 0.689886 -0.002306 -1.846786
v 0.645317 -0.000340 -1.850781
v 0.605750 0.001902 -1.853622
v 0.703765 0.012920 -1.661423
v 0.656501 0.015170 -1.664700
v 0.614776 0.017755 -1.666776
v 0.378270 -0.002813 -2.028034
v 0.338646 -0.001991 -2.029478
v 0.298056 -0.001382 -2.030878
v 0.390838 0.014183 -1.862754
v 0.350564 0.015091 -1.863926
v 0.309070 0.015749 -1.865083
v 0.400234 0.031759 -1.672724
v 0.359584 0.032764 -1.673574
v 0.317407 0.033481 -1.674435
v 0.903779 -0.021007 -1.972471
v 0.836223 -0.020421 -1.984244
v 0.773927 -0.019666 -1.994027
v 0.937636 -0.006104 -1.812349
v 0.866617 -0.005673 -1.824102
v 0.800548 -0.004972 -1.833698
v 0.961681 0.009028 -1.629275
v 0.888723 0.009339 -1.640268
v 0.820161 0.010001 -1.649378
v 0.522334 -0.009383 -2.021172
v 0.487971 -0.007343 -2.023170
v 0.452875 -0.005495 -2.024930
v 0.534638 0.006730 -1.857477
v 0.500341 0.009063 -1.858983
v 0.465546 0.011165 -1.860321
v 0.542111 0.023310 -1.669250
v 0.508295 0.025973 -1.670202
v 0.474261 0.028361 -1.671063
v 0.192738 -0.000640 -2.035441
v 0.128492 -0.000430 -2.038219
v 0.064246 -0.000281 -2.040184
v 0.200224 0.016603 -1.868795
v 0.133483 0.016884 -1.871030
v 0.066742 0.017082 -1.872611
v 0.205849 0.034474 -1.677093
v 0.137233 0.034840 -1.678658
v 0.068617 0.035098 -1.679764
v -0.345174 -0.142320 -2.756690
v -0.248762 -0.183767 -2.847513
v -0.314558 -0.183452 -2.837483
v -0.388271 -0.185632 -2.829937
v -0.410729 -0.150549 -2.761572
v -0.446531 -0.125037 -2.690061
v -0.406897 -0.118660 -2.681517
v -0.396918 -0.107038 -2.647500
v -0.351049 -0.116868 -2.689962
v -0.302524 -0.120924 -2.711240
v -0.274629 -0.147583 -2.780441
v -0.115753 -0.138675 -2.775956
v -0.045985 -0.182528 -2.859344
v -0.093157 -0.181790 -2.856454
v -0.140586 -0.183077 -2.856773
v -0.169401 -0.146101 -2.789353
v -0.210241 -0.119217 -2.718691
v -0.172401 -0.113355 -2.704073
v -0.149197 -0.101680 -2.666267
v -0.101777 -0.112508 -2.705712
v -0.050974 -0.117411 -2.722592
v -0.052025 -0.144983 -2.792379
v -1.685542 -0.007033 -1.092963
v -1.687186 -0.001423 -0.987141
v -1.689466 0.004595 -0.883906
v -1.648392 0.000990 -1.102396
v -1.651245 0.006374 -0.997534
v -1.654689 0.012093 -0.895356
v -1.607494 0.009741 -1.112334
v -1.611452 0.015025 -1.008289
v -1.615809 0.020541 -0.907079
v -1.077290 0.082792 -0.353484
v -1.793094 -0.124740 -2.046417
v -1.778310 -0.147710 -2.155213
v -1.728165 -0.169345 -2.292472
v -1.628391 -0.068428 -1.925924
v -1.651346 -0.057055 -1.825754
v -1.664994 -0.046792 -1.725218
v -1.588730 -0.061538 -1.929568
v -1.611458 -0.049695 -1.829403
v -1.624413 -0.038919 -1.729360
v -1.544807 -0.054703 -1.934569
v -1.567400 -0.042383 -1.834295
v -1.579904 -0.031052 -1.734664
v -0.708261 -0.153395 -2.701398
v -0.579265 -0.191324 -2.805795
v -0.699075 -0.194168 -2.786870
v -0.827824 -0.197994 -2.766331
v -0.844803 -0.163145 -2.691784
v -0.884397 -0.136239 -2.614577
v -0.789898 -0.129117 -2.616728
v -0.734723 -0.116556 -2.588780
v -0.663553 -0.126563 -2.638703
v -0.582856 -0.129446 -2.667866
v -0.582191 -0.156109 -2.736604
v -1.346071 0.075598 -0.286815
v -1.473140 0.067788 -0.237616
v -1.592931 0.058675 -0.181864
v -1.351204 0.077349 -0.245494
v -1.488526 0.068642 -0.192702
v -1.621621 0.058181 -0.132424
v -1.644822 0.058283 -0.082990
v -0.994195 0.091823 -0.359785
v -1.148555 0.093521 -0.343734
v -1.115474 0.091649 -0.329628
v -0.870466 0.090410 -0.372982
v -0.863763 0.091422 -0.412224
v -0.948331 0.091211 -0.416817
v -1.015944 0.089782 -0.452738
v -1.068301 0.092349 -0.391755
v -1.526858 0.078804 -0.156200
v -1.437267 0.084734 -0.200837
v -1.447554 0.074093 -0.242271
v -1.340532 0.089744 -0.249169
v -1.336643 0.080405 -0.287110
v -0.226862 0.110143 -0.391061
v -0.357427 0.115277 -0.420611
v -0.327264 0.105646 -0.389475
v -0.107944 0.107457 -0.390091
v -0.098008 0.118224 -0.421210
v -0.186187 0.119413 -0.433595
v -0.251022 0.120492 -0.476029
v -0.294721 0.118209 -0.433207
v -0.580062 0.098258 -0.391302
v -0.694208 0.095035 -0.423397
v -0.674462 0.092677 -0.386502
v -0.490456 0.100458 -0.389406
v -0.488623 0.109303 -0.421840
v -0.544168 0.106110 -0.436069
v -0.583734 0.102428 -0.481170
v -0.626618 0.099018 -0.438058
v -1.663154 0.067798 -0.092289
v -1.719912 0.059139 -0.066219
v -1.706331 0.063336 -0.078722
v -1.767032 0.050970 -0.038599
v -1.750049 0.055667 -0.058953
v -1.735394 0.059221 -0.080535
v -1.524626 0.080204 -0.226306
v -1.446894 0.085440 -0.271967
v -1.367757 0.088698 -0.335832
v -1.529598 0.076749 -0.303495
v -1.457975 0.081962 -0.347626
v -1.387362 0.084764 -0.413624
v -1.535325 0.071670 -0.394511
v -1.469522 0.077216 -0.431929
v -1.407105 0.080374 -0.485723
v -0.983218 0.042941 -1.170196
v -0.983881 0.060078 -0.923108
v -0.982153 0.074341 -0.708636
v -0.910074 0.043052 -1.178105
v -0.913309 0.060367 -0.924979
v -0.916637 0.075256 -0.697474
v -0.841013 0.043646 -1.185568
v -0.845347 0.061018 -0.929632
v -0.848908 0.076078 -0.696677
v -0.546563 0.060600 -1.198016
v -0.547151 0.078993 -0.946138
v -0.550314 0.093388 -0.729356
v -0.513883 0.064076 -1.196918
v -0.514783 0.083012 -0.939270
v -0.517918 0.098011 -0.709549
v -0.481662 0.067158 -1.196314
v -0.482247 0.086503 -0.935790
v -0.482691 0.101880 -0.700406
v -0.214267 0.074649 -1.199203
v -0.216723 0.094292 -0.945448
v -0.218122 0.109543 -0.727810
v -0.143117 0.075176 -1.198933
v -0.146662 0.095075 -0.939121
v -0.152376 0.110764 -0.707985
v -0.071653 0.075533 -1.199002
v -0.074085 0.095506 -0.936718
v -0.078512 0.111255 -0.700271
v -1.715652 0.049111 -0.323570
v -1.718291 0.055002 -0.236991
v -1.720445 0.059071 -0.164918
v -1.684679 0.053958 -0.335518
v -1.687279 0.059766 -0.244799
v -1.690446 0.063727 -0.167244
v -1.645771 0.059302 -0.349683
v -1.646905 0.064942 -0.256399
v -1.648992 0.068769 -0.176493
v -1.784877 0.036220 -0.283625
v -1.784365 0.041960 -0.200296
v -1.779857 0.047273 -0.127356
v -1.764333 0.040435 -0.296958
v -1.764622 0.046383 -0.214727
v -1.761522 0.051228 -0.147536
v -1.784063 0.007353 -0.644886
v -1.783779 0.015176 -0.548486
v -1.783583 0.022800 -0.458219
v -1.755882 0.009890 -0.661899
v -1.757759 0.017903 -0.568020
v -1.759981 0.025902 -0.476751
v -1.697088 0.018569 -0.689820
v -1.702159 0.026382 -0.598217
v -1.707323 0.034316 -0.507696
v -1.664629 0.025127 -0.703785
v -1.670708 0.032356 -0.613225
v -1.676546 0.039750 -0.523014
v -1.627234 0.032639 -0.718150
v -1.633760 0.039195 -0.628881
v -1.639601 0.045930 -0.539345
v -0.410353 0.071454 -1.196297
v -0.409237 0.091284 -0.935027
v -0.401269 0.107130 -0.699111
v -0.370152 0.072659 -1.196897
v -0.368606 0.092518 -0.937759
v -0.357961 0.108360 -0.706978
v -0.328137 0.073452 -1.198115
v -0.327100 0.093091 -0.944698
v -0.316734 0.108455 -0.727244
v -0.288058 -0.077411 -2.545044
v -0.317833 -0.057544 -2.435235
v -0.342295 -0.038363 -2.311566
v -0.252027 -0.075455 -2.541367
v -0.280683 -0.056466 -2.435163
v -0.304203 -0.037601 -2.312982
v -0.219189 -0.072268 -2.531067
v -0.243794 -0.055080 -2.432813
v -0.265355 -0.036933 -2.313988
v -0.144285 -0.071477 -2.533620
v -0.155936 -0.054291 -2.436492
v -0.169679 -0.036205 -2.318544
v -0.097685 -0.073821 -2.546505
v -0.104404 -0.054858 -2.442337
v -0.113175 -0.036101 -2.321768
v -0.049296 -0.074881 -2.552766
v -0.052357 -0.055064 -2.445533
v -0.056607 -0.036003 -2.323930
v -0.719388 0.047144 -1.195367
v -0.721470 0.064771 -0.938619
v -0.718629 0.079983 -0.705448
v -0.667791 0.050033 -1.197465
v -0.668123 0.067842 -0.942458
v -0.663266 0.083032 -0.714278
v -0.622131 0.053369 -1.198642
v -0.621867 0.071209 -0.948122
v -0.618460 0.085876 -0.732095
v -0.529585 -0.085554 -2.516408
v -0.571538 -0.066998 -2.407590
v -0.610596 -0.049282 -2.285642
v -0.497758 -0.083177 -2.517203
v -0.538373 -0.065429 -2.411604
v -0.574942 -0.047916 -2.290838
v -0.474683 -0.079770 -2.511175
v -0.509815 -0.063487 -2.412879
v -0.542663 -0.046385 -2.294789
v -0.427028 -0.077723 -2.517871
v -0.453291 -0.060896 -2.420006
v -0.480299 -0.043294 -2.301610
v -0.395311 -0.079006 -2.531604
v -0.421986 -0.060308 -2.426336
v -0.447892 -0.041854 -2.304841
v -0.361158 -0.079197 -2.540035
v -0.389001 -0.059473 -2.430812
v -0.414260 -0.040496 -2.307538
v -1.239295 0.062068 -0.890619
v -1.260842 0.034793 -1.258639
v -1.285798 0.043972 -1.131117
v -1.320709 0.045519 -1.096853
v -1.308555 0.055194 -0.970386
v -1.331103 0.060982 -0.880193
v -1.310455 0.067612 -0.797152
v -1.321864 0.075053 -0.675572
v -1.276250 0.077533 -0.645658
v -1.231208 0.084690 -0.529079
v -1.172573 0.078923 -0.635554
v -1.108088 0.075487 -0.692947
v -1.134886 0.060957 -0.909117
v -1.137080 0.043223 -1.156781
v -1.208629 0.041294 -1.178405
v -0.984801 -0.094369 -2.433460
v -1.037662 -0.075868 -2.323832
v -1.089728 -0.058610 -2.204293
v -0.908774 -0.091768 -2.442214
v -0.963871 -0.073920 -2.334399
v -1.018375 -0.056546 -2.212940
v -0.844056 -0.088195 -2.443360
v -0.893544 -0.071887 -2.343236
v -0.946707 -0.054963 -2.224049
v -0.730011 -0.086423 -2.463570
v -0.765280 -0.069881 -2.366449
v -0.812128 -0.052956 -2.249060
v -0.672724 -0.087917 -2.484293
v -0.707972 -0.069718 -2.380392
v -0.752483 -0.052217 -2.260546
v -0.618724 -0.088032 -2.499569
v -0.656218 -0.069157 -2.391890
v -0.698747 -0.051409 -2.270552
v -1.766097 -0.094438 -1.939006
v -1.793356 -0.085119 -1.843291
v -1.811708 -0.073332 -1.731827
v -1.736793 -0.086391 -1.924942
v -1.761613 -0.075840 -1.825632
v -1.778181 -0.065160 -1.720830
v -1.702549 -0.080378 -1.921526
v -1.726265 -0.069432 -1.821032
v -1.741646 -0.059330 -1.718973
v -1.597160 -0.139197 -2.306072
v -1.657913 -0.126847 -2.206768
v -1.701355 -0.114326 -2.112427
v -1.546246 -0.131839 -2.306323
v -1.610565 -0.120933 -2.213750
v -1.662319 -0.109090 -2.118070
v -1.508797 -0.126137 -2.300131
v -1.569126 -0.116180 -2.215175
v -1.623261 -0.104435 -2.120665
v -1.429110 -0.117529 -2.308783
v -1.485286 -0.106229 -2.223770
v -1.542776 -0.093667 -2.127702
v -1.381431 -0.112524 -2.322061
v -1.440343 -0.100084 -2.232516
v -1.500328 -0.087140 -2.133651
v -1.340419 -0.105714 -2.327089
v -1.395864 -0.093397 -2.240130
v -1.455178 -0.080559 -2.140944
v -1.816428 -0.022796 -1.074262
v -1.787911 -0.020018 -1.070454
v -1.786921 -0.014009 -0.963226
v -1.785731 -0.007449 -0.854552
v -1.755423 -0.017337 -1.075263
v -1.754656 -0.011265 -0.967582
v -1.754313 -0.004799 -0.861886
v -1.826661 -0.050040 -1.486252
v -1.826067 -0.041062 -1.368972
v -1.821467 -0.033765 -1.264781
v -1.792876 -0.046173 -1.500234
v -1.793821 -0.038558 -1.389645
v -1.791995 -0.031894 -1.282122
v -1.755792 -0.042368 -1.508627
v -1.757706 -0.035434 -1.400910
v -1.757567 -0.029156 -1.292536
v -1.677703 -0.030195 -1.519525
v -1.680840 -0.023670 -1.413985
v -1.682816 -0.017873 -1.307315
v -1.636353 -0.021696 -1.525309
v -1.639978 -0.015151 -1.420675
v -1.643030 -0.009471 -1.314919
v -1.591003 -0.013006 -1.532134
v -1.594939 -0.006305 -1.428324
v -1.599190 -0.000611 -1.323355
v -1.242659 -0.157266 -2.552704
v -1.079778 -0.196385 -2.694915
v -1.194257 -0.194080 -2.653745
v -1.291098 -0.199183 -2.633938
v -1.347027 -0.175705 -2.561595
v -1.431866 -0.161303 -2.485249
v -1.374668 -0.148902 -2.469008
v -1.364352 -0.137712 -2.431091
v -1.290658 -0.136190 -2.466189
v -1.246307 -0.125354 -2.457911
v -1.186803 -0.132921 -2.511129
v -1.097524 -0.137374 -2.556780
v -1.094785 -0.163665 -2.621504
v -1.420264 0.071262 -0.633230
v -1.417425 0.066174 -0.714008
v -1.419187 0.060666 -0.789639
v -1.478601 0.066588 -0.603409
v -1.476174 0.061196 -0.686058
v -1.473541 0.055636 -0.767159
v -1.538578 0.060048 -0.578320
v -1.534999 0.054325 -0.663975
v -1.529871 0.048632 -0.749041
v -1.412583 0.050119 -0.941959
v -1.404998 0.044517 -1.030059
v -1.403652 0.038160 -1.124044
v -1.464468 0.044264 -0.940344
v -1.458702 0.038384 -1.035922
v -1.454074 0.032265 -1.135588
v -1.518946 0.037204 -0.931265
v -1.513768 0.031449 -1.030523
v -1.508276 0.025694 -1.133222
v -1.413746 0.013664 -1.452816
v -1.388810 0.027698 -1.289680
v -1.364967 0.023372 -1.366061
v -1.329823 0.018860 -1.441843
v -1.354631 0.010851 -1.526950
v -1.368169 0.003224 -1.609085
v -1.422014 0.003578 -1.571231
v -1.481602 0.000446 -1.551629
v -1.484542 0.008064 -1.447365
v -1.492757 0.014374 -1.341700
v -1.436187 0.020642 -1.333985
v -1.358310 -0.012811 -1.768858
v -1.336763 -0.023074 -1.860167
v -1.308630 -0.035285 -1.962354
v -1.413642 -0.015252 -1.760791
v -1.398041 -0.026568 -1.857127
v -1.373671 -0.039109 -1.958094
v -1.472560 -0.018875 -1.750746
v -1.459554 -0.030661 -1.849463
v -1.436709 -0.043386 -1.950088
v -1.226948 -0.063495 -2.185580
v -1.178961 -0.079204 -2.296380
v -1.136507 -0.096442 -2.398615
v -1.291033 -0.066391 -2.173662
v -1.241442 -0.081006 -2.280186
v -1.200627 -0.096676 -2.375913
v -1.350934 -0.069989 -2.161352
v -1.298231 -0.083503 -2.263542
v -1.255711 -0.097221 -2.351369
v -1.174486 -0.006685 -1.763214
v -1.183563 -0.027432 -1.947772
v -1.227705 -0.014534 -1.825882
v -1.274364 -0.005508 -1.730822
v -1.249191 0.001672 -1.662354
v -1.241534 0.011676 -1.550623
v -1.182666 0.009575 -1.582735
v -1.112272 0.008948 -1.602068
v -1.088127 -0.006616 -1.782280
v -1.048559 -0.022221 -1.943914
v -1.120112 -0.023852 -1.936850
v -0.670443 -0.017222 -2.007987
v -0.689886 -0.002306 -1.846786
v -0.703765 0.012920 -1.661423
v -0.628793 -0.015506 -2.012602
v -0.645317 -0.000340 -1.850781
v -0.656501 0.015170 -1.664700
v -0.591478 -0.013568 -2.016106
v -0.605750 0.001902 -1.853622
v -0.614775 0.017755 -1.666776
v -0.378270 -0.002813 -2.028034
v -0.390838 0.014183 -1.862754
v -0.400234 0.031759 -1.672724
v -0.338646 -0.001990 -2.029477
v -0.350564 0.015091 -1.863926
v -0.359584 0.032764 -1.673574
v -0.298056 -0.001382 -2.030878
v -0.309070 0.015749 -1.865083
v -0.317407 0.033481 -1.674434
v -0.903779 -0.021007 -1.972471
v -0.937636 -0.006104 -1.812349
v -0.961681 0.009028 -1.629274
v -0.836223 -0.020421 -1.984244
v -0.866617 -0.005673 -1.824102
v -0.888723 0.009339 -1.640268
v -0.773927 -0.019666 -1.994026
v -0.800548 -0.004972 -1.833698
v -0.820161 0.010001 -1.649378
v -0.522334 -0.009383 -2.021172
v -0.534638 0.006730 -1.857477
v -0.542111 0.023310 -1.669250
v -0.487971 -0.007343 -2.023170
v -0.500341 0.009064 -1.858983
v -0.508295 0.025973 -1.670202
v -0.452875 -0.005495 -2.024930
v -0.465546 0.011165 -1.860320
v -0.474262 0.028361 -1.671063
v -0.192738 -0.000640 -2.035441
v -0.200224 0.016603 -1.868795
v -0.205849 0.034474 -1.677093
v -0.128492 -0.000430 -2.038219
v -0.133483 0.016884 -1.871030
v -0.137233 0.034840 -1.678658
v -0.064246 -0.000280 -2.040184
v -0.066741 0.017082 -1.872611
v -0.068616 0.035098 -1.679764
v -1.000824 -0.239324 -2.795516
v -1.077620 -0.244396 -2.782336
v -1.021695 -0.246841 -2.801794
v -1.002870 -0.245607 -2.805041
v -1.080137 -0.250726 -2.791805
v -1.103059 -0.252296 -2.787806
v -1.101180 -0.245997 -2.778206
v -1.102781 -0.246107 -2.777927
v -1.187418 -0.258467 -2.772977
v -1.201853 -0.259511 -2.770413
v -1.185459 -0.252193 -2.763050
v -1.200289 -0.253266 -2.760414
v -1.298835 -0.267502 -2.752570
v -1.279284 -0.259146 -2.746569
v -1.298643 -0.260609 -2.743075
v -1.321422 -0.262333 -2.737596
v -1.353005 -0.248232 -2.705259
v -1.413750 -0.234863 -2.661499
v -1.358704 -0.253663 -2.712691
v -1.359345 -0.253519 -2.712248
v -1.429403 -0.238183 -2.662457
v -1.431409 -0.237791 -2.660883
v -1.418838 -0.233721 -2.657835
v -1.427199 -0.232076 -2.651101
v -1.444196 -0.235257 -2.650963
v -1.467423 -0.230611 -2.632536
v -1.494848 -0.218211 -2.597593
v -1.549637 -0.209033 -2.548313
v -1.578920 -0.204130 -2.521968
v -1.590719 -0.202703 -2.509734
v -1.661942 -0.194626 -2.433736
v -1.668827 -0.193870 -2.426400
v -1.714010 -0.191535 -2.370882
v -1.685767 -0.199061 -2.422835
v -1.762954 -0.189563 -2.309755
v -1.771201 -0.195457 -2.316975
v -1.789298 -0.150446 -2.146558
v -1.799840 -0.133456 -2.066751
v -1.803179 -0.128199 -2.041338
v -1.773627 -0.192100 -2.304648
v -1.788538 -0.169895 -2.212078
v -1.799953 -0.153101 -2.138167
v -1.812229 -0.133906 -2.046888
v -1.764419 -0.187491 -2.302182
v -1.772692 -0.174941 -2.250579
v -1.805741 -0.124166 -2.020971
v -1.819594 -0.099868 -1.883327
v -1.819848 -0.099341 -1.879906
v -1.817492 -0.125574 -2.004868
v -1.838617 -0.085470 -1.757558
v -1.818803 -0.123573 -1.994689
v -1.827458 -0.108739 -1.910300
v -1.837557 -0.087983 -1.775274
v -1.827161 -0.081293 -1.752968
v -1.838760 -0.085137 -1.755136
v -1.844523 -0.067488 -1.610892
v -1.827586 -0.080261 -1.745508
v -1.832374 -0.063910 -1.610456
v -1.845413 -0.053413 -1.471510
v -1.845110 -0.052270 -1.457304
v -1.832818 -0.051147 -1.481411
v -1.832197 -0.048976 -1.454558
v -1.843527 -0.044131 -1.360609
v -1.843304 -0.042783 -1.344892
v -1.826296 -0.034029 -1.257316
v -1.828198 -0.037876 -1.311008
v -1.830429 -0.041497 -1.362878
v -1.839841 -0.034770 -1.236380
v -1.837110 -0.030990 -1.180581
v -1.835855 -0.029540 -1.157761
v -1.821551 -0.028369 -1.168869
v -1.820730 -0.027718 -1.157019
v -1.832384 -0.025776 -1.090229
v -1.835752 -0.029370 -1.155126
v -1.817028 -0.022908 -1.074862
v -1.816485 -0.022190 -1.062669
v -1.827318 -0.019428 -0.978739
v -1.822829 -0.012397 -0.863479
v -1.812357 -0.016808 -0.968464
v -1.808704 -0.010892 -0.870745
v -1.808135 -0.009849 -0.854165
v -1.804516 -0.002223 -0.739114
v -1.801524 0.005789 -0.630120
v -1.800695 0.009667 -0.582602
v -1.818506 -0.003893 -0.733262
v -1.822567 -0.011961 -0.856464
v -1.814951 0.004451 -0.617150
v -1.813739 0.008289 -0.567529
v -1.799589 0.013696 -0.530207
v -1.798816 0.017800 -0.481755
v -1.798050 0.021048 -0.441348
v -1.796584 0.027583 -0.360680
v -1.794701 0.032993 -0.291401
v -1.812500 0.012474 -0.511793
v -1.806954 0.029638 -0.291118
v -1.810423 0.019697 -0.420668
v -1.808701 0.025203 -0.350620
v -1.788812 0.045091 -0.116976
v -1.794385 0.033862 -0.279801
v -1.791903 0.039919 -0.196562
v -1.784774 0.048539 -0.049099
v -1.778874 0.046509 -0.017269
v -1.779245 0.046100 -0.024384
v -1.778152 0.047332 -0.003177
v -1.780255 0.047370 -0.021049
v -1.783939 0.048457 -0.042639
v 0.063943 -0.211503 -2.895666
v 0.042635 -0.211349 -2.895952
v 0.042555 -0.211349 -2.895953
v 0.021320 -0.211217 -2.896199
v 0.000000 -0.211144 -2.896335
v -0.021320 -0.211217 -2.896199
v 0.000000 -0.211144 -2.896335
v -0.042555 -0.211349 -2.895954
v -0.042635 -0.211349 -2.895952
v -0.063943 -0.211503 -2.895666
v -0.085235 -0.211759 -2.895188
v -0.086231 -0.211756 -2.895143
v -0.123366 -0.211492 -2.893746
v -0.132317 -0.211427 -2.893411
v -0.150718 -0.211451 -2.892431
v -0.183187 -0.211553 -2.890586
v -0.216533 -0.211977 -2.888098
v -0.241691 -0.212498 -2.885844
v -0.282549 -0.213248 -2.882362
v -0.348780 -0.214804 -2.876086
v -0.309417 -0.214002 -2.879586
v -0.387205 -0.215752 -2.872264
v -0.478361 -0.218110 -2.862994
v -0.488153 -0.218478 -2.861785
v -0.585716 -0.221407 -2.851106
v -0.626381 -0.223041 -2.845884
v -0.705857 -0.225606 -2.836851
v -0.765299 -0.234043 -2.839489
v -0.763607 -0.227812 -2.829648
v -0.791487 -0.228877 -2.826171
v -0.832409 -0.230606 -2.820756
v -0.898847 -0.233780 -2.811282
v -0.833262 -0.236676 -2.830886
v -0.888480 -0.239298 -2.822985
v -0.900942 -0.239945 -2.821097
v -0.959574 -0.242920 -2.812429
v -0.957479 -0.236650 -2.802873
v -0.980896 -0.238043 -2.798992
v 1.555485 -0.214839 -2.557088
v 1.505597 -0.223005 -2.602473
v 1.467425 -0.230610 -2.632534
v 1.427199 -0.232076 -2.651101
v 1.549637 -0.209033 -2.548313
v 1.494848 -0.218211 -2.597593
v 1.444194 -0.235258 -2.650965
v 1.431409 -0.237791 -2.660883
v 1.668995 -0.200480 -2.441807
v 1.661942 -0.194626 -2.433736
v 1.588625 -0.209408 -2.527185
v 1.590718 -0.202703 -2.509735
v 1.578920 -0.204130 -2.521968
v 1.413752 -0.234862 -2.661499
v 1.418838 -0.233722 -2.657834
v 1.298643 -0.260609 -2.743075
v 1.353006 -0.248232 -2.705259
v 1.321421 -0.262333 -2.737596
v 1.298835 -0.267502 -2.752570
v 1.279284 -0.259146 -2.746569
v 1.200289 -0.253266 -2.760414
v 1.102779 -0.246107 -2.777927
v 1.101180 -0.245997 -2.778205
v 1.185459 -0.252193 -2.763050
v 1.077620 -0.244396 -2.782335
v 1.000824 -0.239324 -2.795516
v 0.957479 -0.236650 -2.802873
v 0.980896 -0.238043 -2.798992
v 0.898847 -0.233780 -2.811282
v 0.791490 -0.228877 -2.826171
v 0.763608 -0.227812 -2.829648
v 0.832409 -0.230606 -2.820756
v 0.705857 -0.225606 -2.836851
v 0.626381 -0.223041 -2.845884
v 0.585716 -0.221407 -2.851106
v 0.488153 -0.218478 -2.861785
v 0.478361 -0.218110 -2.862994
v 0.387205 -0.215752 -2.872264
v 0.348780 -0.214804 -2.876085
v 0.309417 -0.214002 -2.879586
v 0.282549 -0.213248 -2.882362
v 0.241691 -0.212498 -2.885844
v 0.216533 -0.211977 -2.888098
v 0.183188 -0.211553 -2.890586
v 0.150718 -0.211451 -2.892431
v 0.123367 -0.211492 -2.893746
v 0.132317 -0.211427 -2.893411
v 0.085235 -0.211759 -2.895188
v 0.086231 -0.211756 -2.895143
v 1.668827 -0.193870 -2.426400
v 1.714010 -0.191534 -2.370880
v 1.762954 -0.189563 -2.309754
v 1.764419 -0.187491 -2.302182
v 1.772692 -0.174941 -2.250579
v 1.678779 -0.199418 -2.431409
v 1.685766 -0.199061 -2.422836
v 1.771201 -0.195457 -2.316976
v 1.789298 -0.150446 -2.146558
v 1.799840 -0.133456 -2.066751
v 1.788538 -0.169895 -2.212078
v 1.773627 -0.192100 -2.304648
v 1.800695 0.009667 -0.582602
v 1.799589 0.013696 -0.530208
v 1.798816 0.017800 -0.481756
v 1.788812 0.045091 -0.116976
v 1.794701 0.032993 -0.291401
v 1.794384 0.033862 -0.279801
v 1.791903 0.039919 -0.196562
v 1.784774 0.048539 -0.049099
v 1.778874 0.046509 -0.017269
v 1.779245 0.046100 -0.024383
v 1.778152 0.047332 -0.003177
v 1.783939 0.048457 -0.042639
v 1.780255 0.047370 -0.021048
v 1.803179 -0.128199 -2.041338
v 1.799953 -0.153101 -2.138167
v 1.812229 -0.133906 -2.046888
v 1.805741 -0.124166 -2.020971
v 1.819594 -0.099868 -1.883326
v 1.819848 -0.099341 -1.879905
v 1.817492 -0.125574 -2.004869
v 1.827161 -0.081293 -1.752968
v 1.828198 -0.037876 -1.311007
v 1.826297 -0.034029 -1.257316
v 1.820730 -0.027718 -1.157019
v 1.821551 -0.028369 -1.168869
v 1.817028 -0.022908 -1.074863
v 1.816485 -0.022189 -1.062664
v 1.827318 -0.019428 -0.978739
v 1.822829 -0.012397 -0.863479
v 1.812357 -0.016808 -0.968464
v 1.808703 -0.010892 -0.870745
v 1.808135 -0.009849 -0.854165
v 1.804516 -0.002223 -0.739114
v 1.801524 0.005789 -0.630120
v 1.822567 -0.011961 -0.856464
v 1.818506 -0.003893 -0.733261
v 1.814951 0.004451 -0.617150
v 1.813740 0.008289 -0.567529
v 1.798050 0.021048 -0.441348
v 1.796584 0.027583 -0.360680
v 1.812500 0.012474 -0.511793
v 1.808701 0.025203 -0.350619
v 1.806954 0.029638 -0.291118
v 1.810423 0.019697 -0.420668
v 1.818803 -0.123573 -1.994689
v 1.827458 -0.108739 -1.910300
v 1.837557 -0.087983 -1.775275
v 1.838617 -0.085470 -1.757558
v 1.838760 -0.085137 -1.755136
v 1.844523 -0.067488 -1.610892
v 1.827585 -0.080261 -1.745507
v 1.832374 -0.063910 -1.610456
v 1.845413 -0.053413 -1.471510
v 1.845110 -0.052270 -1.457304
v 1.832818 -0.051147 -1.481411
v 1.832197 -0.048976 -1.454558
v 1.843527 -0.044131 -1.360610
v 1.843304 -0.042783 -1.344892
v 1.830429 -0.041497 -1.362879
v 1.839842 -0.034770 -1.236380
v 1.835854 -0.029540 -1.157761
v 1.837110 -0.030990 -1.180582
v 1.835752 -0.029370 -1.155125
v 1.832384 -0.025776 -1.090229
vt 0.000000 0.000000
vt 0.000000 0.000000
vt 0.000000 0.000000
vt 0.000000 0.000000
vt 0.000000 0.000000
vt 0.000000 0.000000
vt 0.000000 0.000000
vt 0.000000 0.000000
vt 0.000000 0.000000
vt 0.000000 0.000000
vt 0.000000 0.000000
vt 0.000000 0.000000
vt 0.000000 0.000000
vt 0.000000 0.000000
vt 0.000000 0.000000
vt 0.000000 0.000000
vt 0.000000 0.000000
vt 0.000000 0.000000
vt 0.000000 0.000000
vt 0.000000 0.000000
vt 0.000000 0.000000
vt 0.000000 0.000000
vt 0.000000 0.000000
vt 0.000000 0.000000
vt 0.000000 0.000000
vt 0.000000 0.000000
vt 0.000000 0.000000
vt 0.000000 0.000000
vt 0.000000 0.000000
vt 0.000000 0.000000
vt 0.000000 0.000000
vt 0.000000 0.000000
vt 0.000000 0.000000
vt 0.000000 0.000000
vt 0.000000 0.000000
vt 0.000000 0.000000
vt 0.000000 0.000000
vt 0.000000 0.000000
vt 0.000000 0.000000
vt 0.000000 0.000000
vt 0.000000 0.000000
vt 0.000000 0.000000
vt 0.000000 0.000000
vt 0.000000 0.000000
vt 0.000000 0.000000
vt 0.000000 0.000000
vt 0.000000 0.000000
vt 0.000000 0.000000
vt 0.000000 0.000000
vt 0.000000 0.000000
vt 0.000000 0.000000
vt 0.000000 0.000000
vt 0.000000 0.000000
vt 0.000000 0.000000
vt 0.000000 0.000000
vt 0.000000 0.000000
vt 0.000000 0.000000
vt 0.000000 0.000000
vt 0.000000 0.000000
vt 0.000000 0.000000
vt 0.000000 0.000000
vt 0.000000 0.000000
vt 0.000000 0.000000
vt 0.000000 0.000000
vt 0.000000 0.000000
vt 0.000000 0.000000
vt 0.000000 0.000000
vt 0.000000 0.000000
vt 0.000000 0.000000
vt 0.000000 0.000000
vt 0.000000 0.000000
vt 0.000000 0.000000
vt 0.000000 0.000000
vt 0.000000 0.000000
vt 0.000000 0.000000
vt 0.000000 0.000000
vt 0.000000 0.000000
vt 0.000000 0.000000
vt 0.000000 0.000000
vt 0.000000 0.000000
vt 0.000000 0.000000
vt 0.000000 0.000000
vt 0.000000 0.000000
vt 0.000000 0.000000
vt 0.000000 0.000000
vt 0.000000 0.000000
vt 0.000000 0.000000
vt 0.000000 0.000000
vt 0.000000 0.000000
vt 0.000000 0.000000
vt 0.000000 0.000000
vt 0.000000 0.000000
vt 0.000000 0.000000
vt 0.000000 0.000000
vt 0.000000 0.000000
vt 0.000000 0.000000
vt 0.000000 0.000000
vt 0.000000 0.000000
vt 0.000000 0.000000
vt 0.000000 0.000000
vt 0.000000 0.000000
vt 0.000000 0.000000
vt 0.000000 0.000000
vt 0.000000 0.000000
vt 0.000000 0.000000
vt 0.000000 0.000000
vt 0.000000 0.000000
vt 0.000000 0.000000
vt 0.000000 0.000000
vt 0.000000 0.000000
vt 0.000000 0.000000
vt 0.000000 0.000000
vt 0.000000 0.000000
vt 0.000000 0.000000
vt 0.000000 0.000000
vt 0.000000 0.000000
vt 0.000000 0.000000
vt 0.000000 0.000000
vt 0.000000 0.000000
vt 0.000000 0.000000
vt 0.000000 0.000000
vt 0.000000 0.000000
vt 0.000000 0.000000
vt 0.000000 0.000000
vt 0.000000 0.000000
vt 0.000000 0.000000
vt 0.000000 0.000000
vt 0.000000 0.000000
vt 0.000000 0.000000
vt 0.000000 0.000000
vt 0.000000 0.000000
vt 0.000000 0.000000
vt 0.000000 0.000000
vt 0.000000 0.000000
vt 0.000000 0.000000
vt 0.000000 0.000000
vt 0.000000 0.000000
vt 0.000000 0.000000
vt 0.000000 0.000000
vt 0.000000 0.000000
vt 0.000000 0.000000
vt 0.000000 0.000000
vt 0.000000 0.000000
vt 0.000000 0.000000
vt 0.000000 0.000000
vt 0.000000 0.000000
vt 0.000000 0.000000
vt 0.000000 0.000000
vt 0.000000 0.000000
vt 0.000000 0.000000
vt 0.000000 0.000000
vt 0.000000 0.000000
vt 0.000000 0.000000
vt 0.000000 0.000000
vt 0.000000 0.000000
vt 0.000000 0.000000
vt 0.000000 0.000000
vt 0.000000 0.000000
vt 0.491308 0.608846
vt 0.522418 0.605189
vt 0.523830 0.608636
vt 0.000000 0.000000
vt 0.000000 0.000000
vt 0.000000 0.000000
vt 0.000000 0.000000
vt 0.000000 0.000000
vt 0.000000 0.000000
vt 0.000000 0.000000
vt 0.000000 0.000000
vt 0.000000 0.000000
vt 0.000000 0.000000
vt 0.000000 0.000000
vt 0.000000 0.000000
vt 0.000000 0.000000
vt 0.509826 0.594296
vt 0.491771 0.596640
vt 0.509057 0.591008
vt 0.479385 0.600674
vt 0.475463 0.605362
vt 0.476321 0.602049
vt 0.439559 0.610347
vt 0.439442 0.607764
vt 0.442478 0.607117
vt 0.000000 0.000000
vt 0.000000 0.000000
vt 0.000000 0.000000
vt 0.000000 0.000000
vt 0.000000 0.000000
vt 0.000000 0.000000
vt 0.000000 0.000000
vt 0.557965 0.595001
vt 0.557755 0.592291
vt 0.562499 0.593191
vt 0.000000 0.000000
vt 0.000000 0.000000
vt 0.000000 0.000000
vt 0.000000 0.000000
vt 0.538907 0.589201
vt 0.527007 0.588764
vt 0.528227 0.587732
vt 0.000000 0.000000
vt 0.000000 0.000000
vt 0.000000 0.000000
vt 0.416470 0.593902
vt 0.409753 0.593940
vt 0.408358 0.590533
vt 0.000000 0.000000
vt 0.000000 0.000000
vt 0.000000 0.000000
vt 0.442075 0.588144
vt 0.474458 0.592274
vt 0.441408 0.591405
vt 0.589716 0.609143
vt 0.556777 0.608977
vt 0.556816 0.605877
vt 0.000000 0.000000
vt 0.000000 0.000000
vt 0.000000 0.000000
vt 0.000000 0.000000
vt 0.000000 0.000000
vt 0.375308 0.589660
vt 0.407264 0.593882
vt 0.373787 0.593100
vt 0.000000 0.000000
vt 0.000000 0.000000
vt 0.000000 0.000000
vt 0.000000 0.000000
vt 0.000000 0.000000
vt 0.000000 0.000000
vt 0.000000 0.000000
vt 0.000000 0.000000
vt 0.000000 0.000000
vt 0.000000 0.000000
vt 0.000000 0.000000
vt 0.000000 0.000000
vt 0.000000 0.000000
vt 0.000000 0.000000
vt 0.000000 0.000000
vt 0.000000 0.000000
vt 0.000000 0.000000
vt 0.000000 0.000000
vt 0.000000 0.000000
vt 0.000000 0.000000
vt 0.000000 0.000000
vt 0.000000 0.000000
vt 0.000000 0.000000
vt 0.000000 0.000000
vt 0.000000 0.000000
vt 0.000000 0.000000
vt 0.000000 0.000000
vt 0.000000 0.000000
vt 0.000000 0.000000
vt 0.000000 0.000000
vt 0.000000 0.000000
vt 0.000000 0.000000
vt 0.000000 0.000000
vt 0.000000 0.000000
vt 0.000000 0.000000
vt 0.000000 0.000000
vt 0.000000 0.000000
vt 0.000000 0.000000
vt 0.000000 0.000000
vt 0.000000 0.000000
vt 0.000000 0.000000
vt 0.482801 0.606923
vt 0.479784 0.606203
vt 0.483526 0.606170
vt 0.000000 0.000000
vt 0.000000 0.000000
vt 0.000000 0.000000
vt 0.000000 0.000000
vt 0.000000 0.000000
vt 0.000000 0.000000
vt 0.000000 0.000000
vt 0.000000 0.000000
vt 0.390425 0.602481
vt 0.393464 0.603195
vt 0.389703 0.603220
vt 0.000000 0.000000
vt 0.000000 0.000000
vt 0.000000 0.000000
vt 0.000000 0.000000
vt 0.000000 0.000000
vt 0.000000 0.000000
vt 0.000000 0.000000
vt 0.000000 0.000000
vt 0.000000 0.000000
vt 0.000000 0.000000
vt 0.000000 0.000000
vt 0.000000 0.000000
vt 0.000000 0.000000
vt 0.000000 0.000000
vt 0.000000 0.000000
vt 0.000000 0.000000
vt 0.000000 0.000000
vt 0.000000 0.000000
vt 0.000000 0.000000
vt 0.000000 0.000000
vt 0.000000 0.000000
vt 0.000000 0.000000
vt 0.000000 0.000000
vt 0.000000 0.000000
vt 0.000000 0.000000
vt 0.000000 0.000000
vt 0.000000 0.000000
vt 0.000000 0.000000
vt 0.000000 0.000000
vt 0.000000 0.000000
vt 0.000000 0.000000
vt 0.000000 0.000000
vt 0.000000 0.000000
vt 0.000000 0.000000
vt 0.000000 0.000000
vt 0.000000 0.000000
vt 0.000000 0.000000
vt 0.000000 0.000000
vt 0.000000 0.000000
vt 0.000000 0.000000
vt 0.000000 0.000000
vt 0.000000 0.000000
vt 0.000000 0.000000
vt 0.000000 0.000000
vt 0.000000 0.000000
vt 0.000000 0.000000
vt 0.000000 0.000000
vt 0.000000 0.000000
vt 0.000000 0.000000
vt 0.000000 0.000000
vt 0.000000 0.000000
vt 0.000000 0.000000
vt 0.000000 0.000000
vt 0.000000 0.000000
vt 0.000000 0.000000
vt 0.000000 0.000000
vt 0.000000 0.000000
vt 0.000000 0.000000
vt 0.000000 0.000000
vt 0.000000 0.000000
vt 0.000000 0.000000
vt 0.000000 0.000000
vt 0.000000 0.000000
vt 0.000000 0.000000
vt 0.000000 0.000000
vt 0.000000 0.000000
vt 0.000000 0.000000
vt 0.000000 0.000000
vt 0.000000 0.000000
vt 0.000000 0.000000
vt 0.000000 0.000000
vt 0.000000 0.000000
vt 0.000000 0.000000
vt 0.000000 0.000000
vt 0.000000 0.000000
vt 0.000000 0.000000
vt 0.000000 0.000000
vt 0.000000 0.000000
vt 0.000000 0.000000
vt 0.000000 0.000000
vt 0.000000 0.000000
vt 0.000000 0.000000
vt 0.000000 0.000000
vt 0.000000 0.000000
vt 0.000000 0.000000
vt 0.000000 0.000000
vt 0.000000 0.000000
vt 0.000000 0.000000
vt 0.000000 0.000000
vt 0.000000 0.000000
vt 0.000000 0.000000
vt 0.000000 0.000000
vt 0.000000 0.000000
vt 0.000000 0.000000
vt 0.000000 0.000000
vt 0.000000 0.000000
vt 0.000000 0.000000
vt 0.000000 0.000000
vt 0.000000 0.000000
vt 0.000000 0.000000
vt 0.000000 0.000000
vt 0.000000 0.000000
vt 0.000000 0.000000
vt 0.000000 0.000000
vt 0.000000 0.000000
vt 0.000000 0.000000
vt 0.000000 0.000000
vt 0.000000 0.000000
vt 0.000000 0.000000
vt 0.000000 0.000000
vt 0.000000 0.000000
vt 0.000000 0.000000
vt 0.000000 0.000000
vt 0.000000 0.000000
vt 0.000000 0.000000
vt 0.000000 0.000000
vt 0.000000 0.000000
vt 0.000000 0.000000
vt 0.000000 0.000000
vt 0.000000 0.000000
vt 0.000000 0.000000
vt 0.000000 0.000000
vt 0.000000 0.000000
vt 0.000000 0.000000
vt 0.000000 0.000000
vt 0.000000 0.000000
vt 0.000000 0.000000
vt 0.000000 0.000000
vt 0.000000 0.000000
vt 0.000000 0.000000
vt 0.000000 0.000000
vt 0.000000 0.000000
vt 0.000000 0.000000
vt 0.000000 0.000000
vt 0.000000 0.000000
vt 0.000000 0.000000
vt 0.000000 0.000000
vt 0.000000 0.000000
vt 0.000000 0.000000
vt 0.000000 0.000000
vt 0.000000 0.000000
vt 0.000000 0.000000
vt 0.688553 0.594855
vt 0.670321 0.593026
vt 0.670998 0.589696
vt 0.705214 0.603153
vt 0.687767 0.598089
vt 0.701131 0.598552
vt 0.000000 0.000000
vt 0.000000 0.000000
vt 0.000000 0.000000
vt 0.000000 0.000000
vt 0.629015 0.606659
vt 0.631976 0.609851
vt 0.613951 0.609968
vt 0.715094 0.607751
vt 0.700335 0.609478
vt 0.699538 0.606399
vt 0.000000 0.000000
vt 0.000000 0.000000
vt 0.440924 0.605444
vt 0.407999 0.602490
vt 0.441247 0.602356
vt 0.000000 0.000000
vt 0.000000 0.000000
vt 0.000000 0.000000
vt 0.617297 0.593454
vt 0.621912 0.595143
vt 0.590380 0.605749
vt 0.000000 0.000000
vt 0.000000 0.000000
vt 0.000000 0.000000
vt 0.000000 0.000000
vt 0.000000 0.000000
vt 0.000000 0.000000
vt 0.000000 0.000000
vt 0.652874 0.587963
vt 0.621753 0.598436
vt 0.640915 0.588750
vt 0.406906 0.594295
vt 0.439967 0.593982
vt 0.423892 0.596986
vt 0.000000 0.000000
vt 0.000000 0.000000
vt 0.000000 0.000000
vt 0.441004 0.597348
vt 0.473027 0.593667
vt 0.474490 0.597133
vt 0.000000 0.000000
vt 0.000000 0.000000
vt 0.000000 0.000000
vt 0.000000 0.000000
vt 0.000000 0.000000
vt 0.000000 0.000000
vt 0.000000 0.000000
vt 0.000000 0.000000
vt 0.000000 0.000000
vt 0.000000 0.000000
vt 0.000000 0.000000
vt 0.000000 0.000000
vt 0.000000 0.000000
vt 0.000000 0.000000
vt 0.000000 0.000000
vt 0.000000 0.000000
vt 0.000000 0.000000
vt 0.000000 0.000000
vt 0.000000 0.000000
vt 0.000000 0.000000
vt 0.000000 0.000000
vt 0.000000 0.000000
vt 0.000000 0.000000
vt 0.000000 0.000000
vt 0.000000 0.000000
vt 0.000000 0.000000
vt 0.000000 0.000000
vt 0.000000 0.000000
vt 0.000000 0.000000
vt 0.000000 0.000000
vt 0.676892 0.607661
vt 0.666388 0.609697
vt 0.665170 0.606753
vt 0.000000 0.000000
vt 0.000000 0.000000
vt 0.688614 0.608569
vt 0.687676 0.605535
vt 0.000000 0.000000
vt 0.000000 0.000000
vt 0.000000 0.000000
vt 0.000000 0.000000
vt 0.000000 0.000000
vt 0.000000 0.000000
vt 0.000000 0.000000
vt 0.000000 0.000000
vt 0.000000 0.000000
vt 0.000000 0.000000
vt 0.000000 0.000000
vt 0.000000 0.000000
vt 0.000000 0.000000
vt 0.000000 0.000000
vt 0.490426 0.606140
vt 0.487413 0.606905
vt 0.486683 0.606174
vt 0.000000 0.000000
vt 0.000000 0.000000
vt 0.000000 0.000000
vt 0.000000 0.000000
vt 0.000000 0.000000
vt 0.000000 0.000000
vt 0.000000 0.000000
vt 0.000000 0.000000
vt 0.475227 0.278020
vt 0.470541 0.270536
vt 0.477969 0.269374
vt 0.472207 0.286399
vt 0.467313 0.280833
vt 0.460486 0.289790
vt 0.466774 0.288874
vt 0.461663 0.293816
vt 0.459888 0.280098
vt 0.455995 0.288714
vt 0.462206 0.271366
vt 0.481421 0.277022
vt 0.484466 0.268523
vt 0.473491 0.294848
vt 0.477533 0.285510
vt 0.468999 0.295489
vt 0.457138 0.300612
vt 0.460681 0.300098
vt 0.457787 0.303152
vt 0.455261 0.298494
vt 0.464665 0.297131
vt 0.449123 0.289445
vt 0.451521 0.298003
vt 0.446143 0.298715
vt 0.451239 0.280967
vt 0.452399 0.272429
vt 0.500281 0.276601
vt 0.495543 0.268314
vt 0.500879 0.267922
vt 0.500466 0.285042
vt 0.493125 0.278647
vt 0.486842 0.287276
vt 0.494773 0.287060
vt 0.489485 0.291695
vt 0.487065 0.277007
vt 0.482573 0.285555
vt 0.490182 0.268292
vt 0.506139 0.276160
vt 0.506084 0.267690
vt 0.506252 0.293806
vt 0.506193 0.284599
vt 0.500787 0.294113
vt 0.485084 0.298351
vt 0.490594 0.298179
vt 0.487005 0.301305
vt 0.481964 0.295843
vt 0.495485 0.295433
vt 0.477958 0.294810
vt 0.316958 0.469677
vt 0.320919 0.480514
vt 0.316755 0.481631
vt 0.321258 0.468672
vt 0.325527 0.479362
vt 0.320528 0.492057
vt 0.316499 0.493294
vt 0.325033 0.490795
vt 0.312941 0.458452
vt 0.312903 0.470666
vt 0.317139 0.457580
vt 0.321585 0.456682
vt 0.325989 0.467614
vt 0.326466 0.455713
vt 0.331334 0.466471
vt 0.330770 0.478150
vt 0.330216 0.489487
vt 0.329610 0.500305
vt 0.324462 0.501750
vt 0.320051 0.503150
vt 0.316157 0.504525
vt 0.312741 0.494529
vt 0.312560 0.505897
vt 0.312846 0.482739
vt 0.305878 0.348699
vt 0.304546 0.349592
vt 0.306137 0.337530
vt 0.303510 0.358806
vt 0.319418 0.332612
vt 0.319083 0.318305
vt 0.327348 0.320300
vt 0.313488 0.345188
vt 0.311373 0.333020
vt 0.307063 0.330629
vt 0.312667 0.323799
vt 0.308774 0.363295
vt 0.304415 0.361246
vt 0.310149 0.356042
vt 0.302927 0.364083
vt 0.305319 0.369577
vt 0.301478 0.379884
vt 0.323510 0.375570
vt 0.325535 0.386601
vt 0.320967 0.386916
vt 0.328042 0.375256
vt 0.330562 0.386144
vt 0.324106 0.397914
vt 0.319448 0.398287
vt 0.329195 0.397411
vt 0.323093 0.364410
vt 0.319227 0.375798
vt 0.327466 0.364140
vt 0.332077 0.363752
vt 0.333045 0.374788
vt 0.337122 0.363190
vt 0.338741 0.374096
vt 0.336266 0.385470
vt 0.334918 0.396698
vt 0.334239 0.407958
vt 0.328467 0.408742
vt 0.323306 0.409329
vt 0.318566 0.409793
vt 0.315026 0.398605
vt 0.314060 0.410207
vt 0.316644 0.387166
vt 0.440529 0.282844
vt 0.427064 0.276232
vt 0.440608 0.274068
vt 0.440620 0.291161
vt 0.426338 0.286954
vt 0.423598 0.300368
vt 0.431549 0.294535
vt 0.410886 0.287920
vt 0.417310 0.297048
vt 0.406635 0.297233
vt 0.412511 0.278576
vt 0.439618 0.300108
vt 0.417003 0.307871
vt 0.425766 0.306305
vt 0.420532 0.309941
vt 0.432588 0.302549
vt 0.394392 0.299812
vt 0.401324 0.307093
vt 0.391166 0.309188
vt 0.396640 0.291046
vt 0.410476 0.306521
vt 0.397990 0.282000
vt 0.387230 0.549193
vt 0.381923 0.556223
vt 0.378178 0.554636
vt 0.393124 0.542289
vt 0.395606 0.552779
vt 0.409571 0.551253
vt 0.400768 0.546327
vt 0.410318 0.546820
vt 0.364915 0.555280
vt 0.367585 0.559852
vt 0.373640 0.547284
vt 0.369441 0.559933
vt 0.396189 0.531316
vt 0.387221 0.532647
vt 0.391142 0.526830
vt 0.403234 0.534369
vt 0.381154 0.539487
vt 0.420235 0.546120
vt 0.411326 0.534982
vt 0.419736 0.534443
vt 0.421129 0.550217
vt 0.327551 0.577423
vt 0.335407 0.575747
vt 0.326703 0.579925
vt 0.335852 0.573675
vt 0.345551 0.570739
vt 0.345334 0.568666
vt 0.356490 0.565304
vt 0.355265 0.562500
vt 0.474606 0.544282
vt 0.470923 0.549408
vt 0.467541 0.545714
vt 0.479527 0.539447
vt 0.482273 0.549105
vt 0.495705 0.549260
vt 0.486864 0.544191
vt 0.496813 0.545537
vt 0.464489 0.534526
vt 0.459932 0.545802
vt 0.458633 0.534646
vt 0.470083 0.533080
vt 0.461463 0.549361
vt 0.482305 0.529113
vt 0.474727 0.529188
vt 0.477782 0.523720
vt 0.489294 0.532914
vt 0.507877 0.545572
vt 0.498071 0.534284
vt 0.507804 0.534374
vt 0.507899 0.549119
vt 0.437124 0.543849
vt 0.431698 0.549695
vt 0.429474 0.545517
vt 0.446472 0.544050
vt 0.441974 0.538970
vt 0.452491 0.549405
vt 0.452754 0.545616
vt 0.427672 0.533881
vt 0.444582 0.528768
vt 0.439195 0.528516
vt 0.441998 0.523608
vt 0.448431 0.532785
vt 0.434362 0.532298
vt 0.453179 0.534386
vt 0.313425 0.585823
vt 0.311709 0.584170
vt 0.315024 0.584401
vt 0.305967 0.587667
vt 0.307804 0.584527
vt 0.309984 0.586593
vt 0.309706 0.581748
vt 0.312925 0.580546
vt 0.316202 0.580833
vt 0.319940 0.582898
vt 0.321012 0.579816
vt 0.335119 0.559114
vt 0.344484 0.562701
vt 0.335685 0.567826
vt 0.334456 0.548836
vt 0.343231 0.554162
vt 0.353430 0.555517
vt 0.341917 0.544643
vt 0.351213 0.546735
vt 0.327838 0.571276
vt 0.327746 0.562313
vt 0.327534 0.551744
vt 0.327461 0.540784
vt 0.334015 0.538184
vt 0.341011 0.534873
vt 0.348976 0.538594
vt 0.347494 0.530725
vt 0.354760 0.529733
vt 0.358245 0.535948
vt 0.361722 0.545866
vt 0.396564 0.461231
vt 0.404531 0.488892
vt 0.396580 0.489127
vt 0.404795 0.460317
vt 0.412187 0.488347
vt 0.396854 0.513355
vt 0.411886 0.514662
vt 0.404246 0.514593
vt 0.388705 0.434785
vt 0.387983 0.462180
vt 0.397231 0.433563
vt 0.405507 0.432436
vt 0.412567 0.459456
vt 0.413327 0.431465
vt 0.419757 0.458761
vt 0.419439 0.487722
vt 0.419459 0.514113
vt 0.389744 0.512630
vt 0.388334 0.489565
vt 0.449470 0.458190
vt 0.445848 0.486482
vt 0.445773 0.458056
vt 0.453112 0.458265
vt 0.449518 0.487266
vt 0.445620 0.510952
vt 0.453201 0.487665
vt 0.449301 0.513192
vt 0.445735 0.429706
vt 0.441767 0.457951
vt 0.441758 0.429739
vt 0.449484 0.429678
vt 0.453212 0.429648
vt 0.456943 0.458284
vt 0.457126 0.487765
vt 0.453292 0.514225
vt 0.457688 0.514427
vt 0.441981 0.509316
vt 0.441899 0.485952
vt 0.491212 0.457824
vt 0.483103 0.486475
vt 0.483208 0.457838
vt 0.499250 0.457770
vt 0.490992 0.487144
vt 0.483090 0.511035
vt 0.499162 0.487367
vt 0.490506 0.513229
vt 0.475592 0.429298
vt 0.475226 0.457824
vt 0.483474 0.429133
vt 0.491357 0.428983
vt 0.499240 0.428861
vt 0.507309 0.457707
vt 0.507501 0.487341
vt 0.507674 0.514093
vt 0.498830 0.514050
vt 0.476359 0.507971
vt 0.475382 0.485535
vt 0.313912 0.556725
vt 0.317205 0.565658
vt 0.313660 0.566515
vt 0.317459 0.555404
vt 0.321802 0.564373
vt 0.316866 0.574417
vt 0.313441 0.574657
vt 0.321581 0.573396
vt 0.311238 0.547836
vt 0.310948 0.558091
vt 0.314263 0.546241
vt 0.317778 0.544643
vt 0.321898 0.553833
vt 0.322079 0.542879
vt 0.311086 0.579519
vt 0.310890 0.575025
vt 0.310811 0.567490
vt 0.305921 0.561154
vt 0.308321 0.568978
vt 0.306019 0.570580
vt 0.308706 0.576576
vt 0.306565 0.578830
vt 0.305982 0.551288
vt 0.308305 0.559676
vt 0.308471 0.549546
vt 0.305781 0.520246
vt 0.308837 0.528973
vt 0.305873 0.531163
vt 0.308662 0.539316
vt 0.305961 0.541388
vt 0.305669 0.508648
vt 0.308982 0.518338
vt 0.309070 0.507277
vt 0.312286 0.516760
vt 0.311949 0.527250
vt 0.311587 0.537549
vt 0.315715 0.515245
vt 0.318846 0.523970
vt 0.315215 0.525620
vt 0.319471 0.513718
vt 0.323105 0.522251
vt 0.318256 0.534186
vt 0.314712 0.535878
vt 0.322499 0.532383
vt 0.323793 0.512152
vt 0.328923 0.510520
vt 0.328252 0.520418
vt 0.327722 0.530380
vt 0.461149 0.458262
vt 0.466012 0.487422
vt 0.461438 0.487744
vt 0.465673 0.458180
vt 0.470680 0.486622
vt 0.467355 0.513455
vt 0.462480 0.514356
vt 0.471986 0.511153
vt 0.457129 0.429607
vt 0.461394 0.429547
vt 0.465959 0.429473
vt 0.470400 0.458024
vt 0.470725 0.429388
vt 0.473999 0.305681
vt 0.474912 0.318229
vt 0.470741 0.318228
vt 0.478048 0.306101
vt 0.479055 0.318488
vt 0.472360 0.332120
vt 0.468084 0.332292
vt 0.476720 0.331992
vt 0.469829 0.305812
vt 0.481744 0.307279
vt 0.485159 0.308857
vt 0.481121 0.331889
vt 0.479266 0.347122
vt 0.474761 0.347307
vt 0.470304 0.347494
vt 0.465941 0.347688
vt 0.463950 0.332504
vt 0.461719 0.347891
vt 0.466651 0.318419
vt 0.490147 0.306958
vt 0.494690 0.317338
vt 0.488912 0.318033
vt 0.495365 0.305454
vt 0.500527 0.316943
vt 0.493793 0.331035
vt 0.487455 0.331431
vt 0.500139 0.330756
vt 0.500790 0.304705
vt 0.506321 0.304510
vt 0.506400 0.316805
vt 0.506489 0.330629
vt 0.506588 0.345916
vt 0.499757 0.346049
vt 0.492927 0.346327
vt 0.486096 0.346700
vt 0.483170 0.318898
vt 0.426262 0.458330
vt 0.432167 0.486874
vt 0.426148 0.487309
vt 0.432078 0.458093
vt 0.437390 0.486240
vt 0.432834 0.512641
vt 0.426584 0.513642
vt 0.437895 0.510631
vt 0.420486 0.430711
vt 0.426833 0.430215
vt 0.432422 0.429932
vt 0.437231 0.457965
vt 0.437361 0.429795
vt 0.446842 0.308848
vt 0.445950 0.320857
vt 0.442216 0.321299
vt 0.450432 0.308785
vt 0.449168 0.320731
vt 0.441929 0.334601
vt 0.437918 0.335183
vt 0.445561 0.334164
vt 0.442249 0.309585
vt 0.453043 0.309506
vt 0.452245 0.320537
vt 0.449044 0.333790
vt 0.446244 0.348923
vt 0.442507 0.349285
vt 0.438575 0.349733
vt 0.434231 0.350305
vt 0.433328 0.335942
vt 0.429258 0.351040
vt 0.437817 0.322058
vt 0.458406 0.308775
vt 0.459045 0.319236
vt 0.455529 0.319948
vt 0.461960 0.307209
vt 0.462750 0.318732
vt 0.456222 0.333054
vt 0.452578 0.333412
vt 0.460002 0.332754
vt 0.455398 0.309925
vt 0.465792 0.306250
vt 0.457672 0.348108
vt 0.453771 0.348346
vt 0.449975 0.348615
vt 0.371183 0.460367
vt 0.362505 0.465719
vt 0.365285 0.451319
vt 0.379246 0.462791
vt 0.367810 0.492878
vt 0.382659 0.515170
vt 0.379570 0.490758
vt 0.363713 0.520550
vt 0.375405 0.521671
vt 0.368818 0.533709
vt 0.359817 0.503448
vt 0.358564 0.517178
vt 0.357466 0.494067
vt 0.359983 0.483876
vt 0.358580 0.469589
vt 0.366933 0.433999
vt 0.360951 0.440832
vt 0.363239 0.432319
vt 0.372739 0.435785
vt 0.358038 0.450436
vt 0.380260 0.435855
vt 0.352050 0.526591
vt 0.354001 0.508798
vt 0.353377 0.518719
vt 0.351465 0.495086
vt 0.353009 0.500490
vt 0.353379 0.488843
vt 0.353046 0.460210
vt 0.354226 0.468616
vt 0.355193 0.456691
vt 0.354710 0.479465
vt 0.395647 0.318311
vt 0.398121 0.329649
vt 0.389834 0.330857
vt 0.404194 0.317309
vt 0.406024 0.328638
vt 0.392109 0.343476
vt 0.384097 0.344461
vt 0.400157 0.342209
vt 0.386781 0.320081
vt 0.411482 0.317183
vt 0.417870 0.316814
vt 0.413462 0.327499
vt 0.407966 0.340773
vt 0.402244 0.355877
vt 0.394275 0.357427
vt 0.386324 0.358534
vt 0.378686 0.358827
vt 0.376258 0.345406
vt 0.371201 0.358900
vt 0.381631 0.332309
vt 0.424304 0.314862
vt 0.426873 0.324382
vt 0.420435 0.325978
vt 0.430735 0.312480
vt 0.432690 0.323071
vt 0.421970 0.338037
vt 0.415270 0.339351
vt 0.428008 0.336894
vt 0.436805 0.310735
vt 0.423491 0.351968
vt 0.416991 0.353089
vt 0.409870 0.354394
vt 0.311143 0.375446
vt 0.304710 0.384603
vt 0.307767 0.373760
vt 0.312412 0.387293
vt 0.308377 0.386701
vt 0.302672 0.397240
vt 0.310693 0.398844
vt 0.306530 0.398570
vt 0.311323 0.364026
vt 0.314833 0.364495
vt 0.315051 0.375905
vt 0.318831 0.364575
vt 0.309649 0.410612
vt 0.305419 0.410926
vt 0.301514 0.411032
vt 0.300826 0.394767
vt 0.301542 0.380300
vt 0.301593 0.379992
vt 0.326549 0.332085
vt 0.325180 0.342672
vt 0.319809 0.343372
vt 0.332326 0.332153
vt 0.329865 0.342565
vt 0.319436 0.353537
vt 0.315001 0.354093
vt 0.323859 0.353303
vt 0.335092 0.321227
vt 0.341014 0.322396
vt 0.336570 0.332909
vt 0.344093 0.324661
vt 0.340491 0.333267
vt 0.334432 0.342407
vt 0.328362 0.353062
vt 0.345584 0.332040
vt 0.344472 0.340846
vt 0.339360 0.341727
vt 0.350990 0.330633
vt 0.349538 0.340106
vt 0.337828 0.352094
vt 0.332993 0.352659
vt 0.342966 0.351380
vt 0.345143 0.327051
vt 0.350460 0.324091
vt 0.356607 0.321788
vt 0.355672 0.330191
vt 0.361006 0.321978
vt 0.360075 0.329678
vt 0.354806 0.339156
vt 0.348562 0.350443
vt 0.342800 0.362403
vt 0.305381 0.484237
vt 0.302496 0.483628
vt 0.302041 0.472974
vt 0.305282 0.472114
vt 0.309038 0.483765
vt 0.309082 0.495713
vt 0.305521 0.496525
vt 0.302021 0.460837
vt 0.302050 0.471663
vt 0.305133 0.460138
vt 0.308964 0.471595
vt 0.308871 0.459320
vt 0.300989 0.425055
vt 0.304710 0.436029
vt 0.301041 0.438328
vt 0.304846 0.423523
vt 0.308810 0.434794
vt 0.304881 0.448183
vt 0.301533 0.450115
vt 0.308787 0.447040
vt 0.309061 0.422621
vt 0.313472 0.422040
vt 0.313147 0.434068
vt 0.312998 0.446226
vt 0.317987 0.421517
vt 0.322313 0.432751
vt 0.317598 0.433431
vt 0.322751 0.420948
vt 0.327493 0.431967
vt 0.321931 0.444683
vt 0.317335 0.445472
vt 0.326984 0.443804
vt 0.327958 0.420264
vt 0.333808 0.419395
vt 0.333349 0.431015
vt 0.332694 0.442780
vt 0.331970 0.454627
vt 0.382763 0.296002
vt 0.371273 0.291692
vt 0.384134 0.286888
vt 0.382692 0.303869
vt 0.366208 0.303977
vt 0.366095 0.315235
vt 0.372715 0.309130
vt 0.351453 0.313606
vt 0.361004 0.314104
vt 0.352703 0.318028
vt 0.354301 0.302682
vt 0.344918 0.311608
vt 0.360330 0.293911
vt 0.372673 0.282400
vt 0.384432 0.277609
vt 0.381726 0.312176
vt 0.367486 0.319970
vt 0.363201 0.323496
vt 0.373727 0.315844
vt 0.336270 0.309904
vt 0.344748 0.301128
vt 0.355499 0.287833
vt 0.351422 0.293428
vt 0.362582 0.285929
vt 0.347459 0.521939
vt 0.341098 0.515939
vt 0.347757 0.512816
vt 0.340851 0.525276
vt 0.334406 0.518389
vt 0.341368 0.506774
vt 0.347534 0.504270
vt 0.334955 0.508774
vt 0.334034 0.528070
vt 0.335562 0.498812
vt 0.341745 0.497336
vt 0.347419 0.495992
vt 0.348236 0.487057
vt 0.342986 0.476409
vt 0.349074 0.477106
vt 0.342349 0.487205
vt 0.336725 0.476971
vt 0.349210 0.466491
vt 0.337344 0.465376
vt 0.343499 0.465155
vt 0.336147 0.488182
vt 0.338116 0.453627
vt 0.344204 0.453901
vt 0.349436 0.456489
vt 0.345510 0.442775
vt 0.353540 0.439190
vt 0.350864 0.447800
vt 0.340043 0.429952
vt 0.339110 0.441861
vt 0.340374 0.418201
vt 0.348032 0.429384
vt 0.354676 0.421044
vt 0.347087 0.416029
vt 0.353136 0.411780
vt 0.357483 0.430647
vt 0.340665 0.406868
vt 0.358518 0.405967
vt 0.352887 0.402988
vt 0.356985 0.401059
vt 0.360390 0.413659
vt 0.347129 0.405233
vt 0.362055 0.423300
vt 0.354192 0.393751
vt 0.349680 0.383750
vt 0.356569 0.383429
vt 0.347975 0.394641
vt 0.342758 0.384575
vt 0.352358 0.372320
vt 0.359671 0.371865
vt 0.345264 0.373181
vt 0.359520 0.394317
vt 0.341345 0.395737
vt 0.349240 0.361385
vt 0.356280 0.360313
vt 0.363680 0.359410
vt 0.366855 0.372207
vt 0.363025 0.384336
vt 0.368690 0.346566
vt 0.366969 0.335789
vt 0.373980 0.333973
vt 0.361491 0.347888
vt 0.360586 0.337633
vt 0.371445 0.324868
vt 0.378629 0.322297
vt 0.365267 0.327621
vt 0.354751 0.349235
vt 0.380868 0.374759
vt 0.368838 0.387311
vt 0.373733 0.373529
vt 0.384537 0.392211
vt 0.388903 0.373952
vt 0.381895 0.412545
vt 0.374843 0.394379
vt 0.366489 0.405773
vt 0.373990 0.414740
vt 0.367383 0.418373
vt 0.363637 0.398051
vt 0.397147 0.372277
vt 0.393107 0.390380
vt 0.390351 0.410894
vt 0.431372 0.366637
vt 0.434288 0.384392
vt 0.429274 0.384842
vt 0.436056 0.366117
vt 0.438742 0.384076
vt 0.433125 0.405387
vt 0.427805 0.405756
vt 0.437825 0.405157
vt 0.425984 0.367329
vt 0.440255 0.365727
vt 0.444186 0.365423
vt 0.442836 0.383845
vt 0.442068 0.405010
vt 0.421702 0.406324
vt 0.423501 0.385477
vt 0.464236 0.364395
vt 0.467454 0.382914
vt 0.462930 0.383061
vt 0.468685 0.364218
vt 0.472114 0.382766
vt 0.466561 0.404395
vt 0.461992 0.404505
vt 0.471300 0.404279
vt 0.459947 0.364573
vt 0.473242 0.364043
vt 0.477853 0.363868
vt 0.476842 0.382615
vt 0.476125 0.404161
vt 0.457679 0.404608
vt 0.458609 0.383204
vt 0.405158 0.370697
vt 0.409412 0.387437
vt 0.401436 0.388783
vt 0.412744 0.369349
vt 0.416835 0.386337
vt 0.407012 0.408179
vt 0.398814 0.409439
vt 0.414717 0.407134
vt 0.419741 0.368229
vt 0.448039 0.365170
vt 0.450615 0.383493
vt 0.446752 0.383656
vt 0.451906 0.364951
vt 0.454531 0.383345
vt 0.449830 0.404795
vt 0.446017 0.404894
vt 0.453664 0.404702
vt 0.455853 0.364755
vt 0.485064 0.363472
vt 0.491830 0.381996
vt 0.484336 0.382288
vt 0.492274 0.363120
vt 0.499324 0.381775
vt 0.491542 0.403701
vt 0.483834 0.403919
vt 0.499250 0.403532
vt 0.499485 0.362858
vt 0.506696 0.362729
vt 0.506818 0.381661
vt 0.506959 0.403437
vt 0.507123 0.428783
vt 0.541661 0.270078
vt 0.537071 0.277622
vt 0.534218 0.269012
vt 0.550005 0.270801
vt 0.545020 0.280333
vt 0.551962 0.289201
vt 0.552435 0.279503
vt 0.556439 0.288067
vt 0.545663 0.288366
vt 0.550837 0.293242
vt 0.540199 0.285961
vt 0.530865 0.276703
vt 0.527710 0.268245
vt 0.559825 0.271738
vt 0.561032 0.297298
vt 0.563319 0.288710
vt 0.566418 0.297941
vt 0.557298 0.297837
vt 0.561094 0.280260
vt 0.551900 0.299510
vt 0.555449 0.299979
vt 0.554833 0.302527
vt 0.547878 0.296595
vt 0.539024 0.294427
vt 0.543523 0.295009
vt 0.534862 0.285141
vt 0.516632 0.268178
vt 0.512001 0.276526
vt 0.511292 0.267855
vt 0.521992 0.268087
vt 0.519183 0.278479
vt 0.525577 0.287026
vt 0.525221 0.276761
vt 0.529823 0.285250
vt 0.517643 0.286913
vt 0.522990 0.291479
vt 0.511925 0.284968
vt 0.534557 0.294446
vt 0.530564 0.295530
vt 0.521965 0.297977
vt 0.527477 0.298078
vt 0.525594 0.301057
vt 0.517039 0.295294
vt 0.511720 0.294043
vt 0.697800 0.467216
vt 0.693980 0.478103
vt 0.693487 0.466266
vt 0.698158 0.479165
vt 0.694520 0.489640
vt 0.689357 0.477011
vt 0.688742 0.465271
vt 0.690000 0.488436
vt 0.701670 0.455939
vt 0.697461 0.455123
vt 0.701867 0.468152
vt 0.702081 0.480223
vt 0.698566 0.490825
vt 0.702339 0.492011
vt 0.699053 0.502051
vt 0.695142 0.500726
vt 0.690713 0.499384
vt 0.685546 0.498005
vt 0.684800 0.487196
vt 0.684099 0.475867
vt 0.683383 0.464196
vt 0.688112 0.453377
vt 0.682594 0.452363
vt 0.693004 0.454283
vt 0.656250 0.519531
vt 0.664063 0.515625
vt 0.656250 0.515625
vt 0.709819 0.356164
vt 0.710188 0.359089
vt 0.708946 0.358616
vt 0.706910 0.334924
vt 0.708660 0.346965
vt 0.707316 0.346089
vt 0.704614 0.360723
vt 0.708154 0.366957
vt 0.703143 0.353489
vt 0.712132 0.377212
vt 0.710472 0.361433
vt 0.693712 0.315872
vt 0.693565 0.330182
vt 0.685473 0.317975
vt 0.705892 0.328036
vt 0.706039 0.328924
vt 0.701614 0.330484
vt 0.699660 0.342679
vt 0.690040 0.373195
vt 0.688159 0.384256
vt 0.685503 0.372941
vt 0.692733 0.384512
vt 0.689733 0.395554
vt 0.683125 0.383865
vt 0.680493 0.372539
vt 0.684636 0.395115
vt 0.690310 0.362028
vt 0.685933 0.361816
vt 0.694327 0.373367
vt 0.697062 0.384707
vt 0.694396 0.395868
vt 0.698823 0.396131
vt 0.695422 0.407364
vt 0.690676 0.406960
vt 0.685508 0.406438
vt 0.679726 0.405728
vt 0.678903 0.394476
vt 0.677410 0.383264
vt 0.674787 0.371921
vt 0.676264 0.360993
vt 0.670575 0.360280
vt 0.681317 0.361488
vt 0.585207 0.275216
vt 0.571827 0.282000
vt 0.571636 0.273226
vt 0.599788 0.277373
vt 0.586070 0.285928
vt 0.595225 0.295904
vt 0.601531 0.286695
vt 0.605900 0.295952
vt 0.588981 0.299304
vt 0.571843 0.290317
vt 0.580957 0.293574
vt 0.614347 0.280612
vt 0.611337 0.305740
vt 0.618173 0.298372
vt 0.621519 0.307703
vt 0.602180 0.305286
vt 0.615812 0.289638
vt 0.586890 0.305268
vt 0.595672 0.306721
vt 0.592170 0.308835
vt 0.580021 0.301600
vt 0.572960 0.299250
vt 0.640625 0.519531
vt 0.648438 0.523438
vt 0.648438 0.519531
vt 0.632812 0.519531
vt 0.640625 0.523438
vt 0.648438 0.515625
vt 0.640625 0.515625
vt 0.632813 0.515625
vt 0.625000 0.515625
vt 0.625000 0.519531
vt 0.632812 0.523438
vt 0.469361 0.606893
vt 0.474577 0.610734
vt 0.457724 0.610843
vt 0.656250 0.523438
vt 0.633959 0.554597
vt 0.628562 0.547636
vt 0.637684 0.552961
vt 0.614987 0.544945
vt 0.606248 0.549985
vt 0.605444 0.545561
vt 0.622578 0.540809
vt 0.620232 0.551330
vt 0.650954 0.553434
vt 0.642126 0.545552
vt 0.646489 0.558146
vt 0.648343 0.558041
vt 0.634512 0.537852
vt 0.604284 0.533737
vt 0.595519 0.544989
vt 0.595867 0.533307
vt 0.612367 0.533020
vt 0.594677 0.549098
vt 0.628357 0.531091
vt 0.619372 0.529876
vt 0.624361 0.525325
vt 0.688603 0.575094
vt 0.680726 0.573519
vt 0.680254 0.571453
vt 0.649666 0.511618
vt 0.642653 0.511689
vt 0.660697 0.560529
vt 0.670708 0.566567
vt 0.659508 0.563350
vt 0.670518 0.568643
vt 0.544877 0.548931
vt 0.541128 0.543853
vt 0.548211 0.545193
vt 0.528870 0.543920
vt 0.520095 0.549102
vt 0.518938 0.545394
vt 0.536144 0.539082
vt 0.533523 0.548774
vt 0.555820 0.545183
vt 0.551118 0.533967
vt 0.556976 0.534011
vt 0.554335 0.548762
vt 0.545506 0.532593
vt 0.517536 0.534158
vt 0.526294 0.532676
vt 0.540812 0.528761
vt 0.533234 0.528785
vt 0.537687 0.523334
vt 0.584103 0.548712
vt 0.578601 0.542937
vt 0.586272 0.544506
vt 0.569257 0.543258
vt 0.563307 0.548690
vt 0.562996 0.544905
vt 0.573689 0.538120
vt 0.587924 0.532847
vt 0.581215 0.531350
vt 0.562426 0.533681
vt 0.576333 0.527631
vt 0.570950 0.527953
vt 0.573467 0.522759
vt 0.567152 0.532019
vt 0.702838 0.583310
vt 0.704532 0.581635
vt 0.706288 0.584036
vt 0.689483 0.577585
vt 0.695173 0.577402
vt 0.696285 0.580470
vt 0.699996 0.578357
vt 0.701220 0.581909
vt 0.703269 0.578028
vt 0.706504 0.579188
vt 0.708441 0.581942
vt 0.710319 0.585058
vt 0.671480 0.560592
vt 0.680798 0.556883
vt 0.680345 0.565602
vt 0.662442 0.553523
vt 0.672623 0.552036
vt 0.681329 0.546597
vt 0.664545 0.544713
vt 0.673814 0.542501
vt 0.688236 0.568950
vt 0.654025 0.543980
vt 0.657374 0.534018
vt 0.666677 0.536543
vt 0.660778 0.527757
vt 0.668057 0.528655
vt 0.674593 0.532719
vt 0.681632 0.535940
vt 0.688219 0.538454
vt 0.688288 0.549416
vt 0.688213 0.559986
vt 0.618092 0.459801
vt 0.610483 0.487563
vt 0.609849 0.458992
vt 0.618475 0.511924
vt 0.618436 0.487695
vt 0.602820 0.487116
vt 0.602067 0.458232
vt 0.603461 0.513426
vt 0.625609 0.433255
vt 0.617067 0.432143
vt 0.626684 0.460638
vt 0.625575 0.511108
vt 0.626687 0.488025
vt 0.611099 0.513258
vt 0.595882 0.512975
vt 0.595561 0.486585
vt 0.594869 0.457631
vt 0.600945 0.430253
vt 0.593777 0.429592
vt 0.608777 0.431123
vt 0.569137 0.485686
vt 0.565150 0.457443
vt 0.568846 0.457261
vt 0.569682 0.510152
vt 0.565478 0.486517
vt 0.561510 0.457566
vt 0.566030 0.512439
vt 0.561800 0.486964
vt 0.572850 0.457105
vt 0.568517 0.428913
vt 0.572495 0.428894
vt 0.573079 0.485105
vt 0.573299 0.508469
vt 0.562053 0.513523
vt 0.557660 0.513782
vt 0.557877 0.487114
vt 0.557679 0.457634
vt 0.561040 0.428952
vt 0.557123 0.428961
vt 0.564768 0.428934
vt 0.531885 0.486160
vt 0.523407 0.457616
vt 0.531410 0.457526
vt 0.532215 0.510718
vt 0.524005 0.486931
vt 0.515369 0.457666
vt 0.524828 0.513008
vt 0.515839 0.487260
vt 0.538658 0.428891
vt 0.530774 0.428828
vt 0.539593 0.485121
vt 0.539392 0.457410
vt 0.538906 0.507568
vt 0.516516 0.513936
vt 0.515006 0.428759
vt 0.522890 0.428779
vt 0.701974 0.554220
vt 0.698797 0.563195
vt 0.698410 0.552944
vt 0.702352 0.564006
vt 0.699249 0.571949
vt 0.694183 0.561970
vt 0.693951 0.551431
vt 0.694521 0.570989
vt 0.704533 0.545297
vt 0.701487 0.543740
vt 0.704955 0.555547
vt 0.705215 0.564945
vt 0.702677 0.572145
vt 0.705095 0.576977
vt 0.705233 0.572480
vt 0.693628 0.540480
vt 0.697951 0.542189
vt 0.710022 0.558545
vt 0.707723 0.566401
vt 0.707619 0.557098
vt 0.710046 0.567972
vt 0.707437 0.574003
vt 0.709606 0.576229
vt 0.707322 0.546971
vt 0.709833 0.548681
vt 0.709632 0.517636
vt 0.706689 0.526403
vt 0.706407 0.515771
vt 0.709682 0.528554
vt 0.706998 0.536743
vt 0.709727 0.538781
vt 0.704051 0.535015
vt 0.703555 0.524721
vt 0.703082 0.514235
vt 0.706176 0.504711
vt 0.702668 0.503376
vt 0.709594 0.506038
vt 0.699634 0.512764
vt 0.696616 0.521530
vt 0.695859 0.511286
vt 0.700269 0.523133
vt 0.697338 0.531738
vt 0.692335 0.519867
vt 0.691516 0.509776
vt 0.693072 0.529990
vt 0.700904 0.533384
vt 0.687824 0.528054
vt 0.687165 0.518100
vt 0.686365 0.508211
vt 0.553473 0.457666
vt 0.548987 0.486886
vt 0.548948 0.457642
vt 0.553565 0.487149
vt 0.547981 0.512934
vt 0.544309 0.486146
vt 0.544220 0.457547
vt 0.543320 0.510692
vt 0.552857 0.428957
vt 0.552867 0.513773
vt 0.543525 0.428918
vt 0.548292 0.428941
vt 0.538655 0.305265
vt 0.537903 0.317823
vt 0.534611 0.305736
vt 0.542074 0.317768
vt 0.540635 0.331680
vt 0.533764 0.318136
vt 0.530932 0.306962
vt 0.536273 0.331608
vt 0.542826 0.305342
vt 0.546167 0.317907
vt 0.544912 0.331796
vt 0.549049 0.331955
vt 0.547254 0.347164
vt 0.542889 0.347026
vt 0.538429 0.346896
vt 0.533923 0.346770
vt 0.531872 0.331562
vt 0.529655 0.318599
vt 0.527537 0.308584
vt 0.522525 0.306750
vt 0.518117 0.317187
vt 0.517288 0.305313
vt 0.523902 0.317807
vt 0.519190 0.330871
vt 0.512275 0.316867
vt 0.511854 0.304634
vt 0.512841 0.330674
vt 0.525532 0.331186
vt 0.527088 0.346436
vt 0.520253 0.346150
vt 0.513420 0.345961
vt 0.588359 0.457283
vt 0.582823 0.485902
vt 0.582540 0.457121
vt 0.588847 0.486258
vt 0.582488 0.511675
vt 0.577592 0.485334
vt 0.577386 0.457060
vt 0.577402 0.509731
vt 0.587425 0.429178
vt 0.588751 0.512596
vt 0.576892 0.428894
vt 0.581833 0.428967
vt 0.565850 0.308081
vt 0.566896 0.320078
vt 0.562260 0.308065
vt 0.570636 0.320471
vt 0.571094 0.333768
vt 0.563677 0.319993
vt 0.559658 0.308819
vt 0.567457 0.333378
vt 0.570452 0.308759
vt 0.575043 0.321174
vt 0.575112 0.334298
vt 0.579711 0.334998
vt 0.578994 0.349371
vt 0.574643 0.348854
vt 0.570706 0.348457
vt 0.566965 0.348144
vt 0.563969 0.333049
vt 0.560598 0.319839
vt 0.557309 0.309269
vt 0.554286 0.308158
vt 0.553782 0.318625
vt 0.550712 0.306638
vt 0.557307 0.319292
vt 0.556783 0.332406
vt 0.550071 0.318170
vt 0.546869 0.305728
vt 0.552999 0.332154
vt 0.560431 0.332717
vt 0.563230 0.347884
vt 0.559431 0.347665
vt 0.555528 0.347477
vt 0.551478 0.347312
vt 0.652206 0.463848
vt 0.643459 0.458609
vt 0.649240 0.449485
vt 0.654963 0.481971
vt 0.656181 0.467667
vt 0.657612 0.492128
vt 0.647252 0.491073
vt 0.651707 0.518690
vt 0.655381 0.501539
vt 0.656812 0.515252
vt 0.640030 0.519962
vt 0.646773 0.531914
vt 0.632693 0.513556
vt 0.635429 0.461137
vt 0.635466 0.489105
vt 0.653439 0.438943
vt 0.647368 0.432188
vt 0.651041 0.430460
vt 0.656475 0.448508
vt 0.641586 0.434049
vt 0.661593 0.458217
vt 0.659401 0.454726
vt 0.660178 0.477492
vt 0.660522 0.466637
vt 0.663625 0.493070
vt 0.661630 0.486852
vt 0.662151 0.498493
vt 0.663447 0.524581
vt 0.662019 0.516726
vt 0.661267 0.506813
vt 0.634067 0.434216
vt 0.617159 0.316883
vt 0.614831 0.328250
vt 0.608600 0.315991
vt 0.623133 0.329350
vt 0.621022 0.341997
vt 0.606917 0.327341
vt 0.601312 0.315960
vt 0.612959 0.340834
vt 0.626046 0.318536
vt 0.631353 0.330695
vt 0.629046 0.342878
vt 0.636897 0.343721
vt 0.634644 0.357172
vt 0.627003 0.356978
vt 0.619038 0.355975
vt 0.611049 0.354528
vt 0.605133 0.339500
vt 0.599465 0.326299
vt 0.594920 0.315673
vt 0.588462 0.313805
vt 0.586016 0.323356
vt 0.582002 0.311506
vt 0.592474 0.324869
vt 0.591095 0.336946
vt 0.580183 0.322120
vt 0.575909 0.309840
vt 0.585043 0.335881
vt 0.597811 0.338172
vt 0.603405 0.353145
vt 0.596268 0.351931
vt 0.589754 0.350895
vt 0.583976 0.350041
vt 0.708977 0.381987
vt 0.702409 0.372907
vt 0.705763 0.371175
vt 0.711165 0.394615
vt 0.705330 0.384135
vt 0.701298 0.384780
vt 0.698507 0.373419
vt 0.703160 0.396316
vt 0.702076 0.361488
vt 0.712024 0.377319
vt 0.712982 0.392120
vt 0.712488 0.408394
vt 0.707321 0.395991
vt 0.704349 0.408073
vt 0.699933 0.407722
vt 0.694574 0.362137
vt 0.698571 0.362004
vt 0.686427 0.329749
vt 0.687936 0.340317
vt 0.680651 0.329893
vt 0.693315 0.340946
vt 0.693823 0.351107
vt 0.683249 0.340272
vt 0.676417 0.330705
vt 0.689397 0.350931
vt 0.677742 0.319004
vt 0.698265 0.351604
vt 0.684891 0.350749
vt 0.678681 0.340174
vt 0.672502 0.331115
vt 0.668787 0.322557
vt 0.667769 0.324960
vt 0.671836 0.320251
vt 0.667393 0.329955
vt 0.668621 0.338745
vt 0.661969 0.328618
vt 0.673744 0.339559
vt 0.675412 0.349906
vt 0.663545 0.338072
vt 0.657282 0.328238
vt 0.670265 0.349259
vt 0.662414 0.322071
vt 0.680255 0.350408
vt 0.664656 0.348395
vt 0.658265 0.337191
vt 0.652872 0.327783
vt 0.651840 0.320096
vt 0.649665 0.321642
vt 0.656237 0.319849
vt 0.712758 0.470317
vt 0.709565 0.481624
vt 0.709507 0.469500
vt 0.705902 0.481200
vt 0.705818 0.469029
vt 0.706013 0.493148
vt 0.709585 0.493913
vt 0.705750 0.456755
vt 0.709498 0.457524
vt 0.712619 0.458182
vt 0.713179 0.422400
vt 0.709607 0.433414
vt 0.709307 0.420919
vt 0.713305 0.435665
vt 0.709595 0.445568
vt 0.705492 0.432234
vt 0.705085 0.420070
vt 0.705675 0.444476
vt 0.712967 0.447456
vt 0.701454 0.443717
vt 0.701147 0.431564
vt 0.700668 0.419545
vt 0.708582 0.408335
vt 0.696148 0.419079
vt 0.691967 0.430366
vt 0.691378 0.418571
vt 0.696689 0.430985
vt 0.692503 0.442290
vt 0.686778 0.429648
vt 0.686163 0.417953
vt 0.687440 0.441476
vt 0.697108 0.443020
vt 0.681717 0.440526
vt 0.680911 0.428772
vt 0.680303 0.417158
vt 0.641177 0.289951
vt 0.629748 0.294413
vt 0.628257 0.285321
vt 0.652147 0.292025
vt 0.646403 0.302166
vt 0.661282 0.311599
vt 0.658291 0.300715
vt 0.667790 0.309516
vt 0.651739 0.312223
vt 0.660090 0.316038
vt 0.646664 0.313421
vt 0.629921 0.302276
vt 0.639965 0.307404
vt 0.639654 0.280681
vt 0.627836 0.276057
vt 0.656897 0.285884
vt 0.649789 0.284074
vt 0.661047 0.291424
vt 0.676415 0.307698
vt 0.667822 0.299035
vt 0.645335 0.318174
vt 0.639041 0.314130
vt 0.630996 0.310568
vt 0.667978 0.519869
vt 0.674261 0.513788
vt 0.674629 0.523121
vt 0.667562 0.510751
vt 0.673872 0.504626
vt 0.680984 0.516151
vt 0.681482 0.525826
vt 0.680311 0.506543
vt 0.667675 0.502202
vt 0.667683 0.493924
vt 0.673374 0.495194
vt 0.679576 0.496590
vt 0.666750 0.485000
vt 0.671862 0.474284
vt 0.672638 0.485071
vt 0.665509 0.464448
vt 0.665783 0.475060
vt 0.678129 0.474766
vt 0.678852 0.485968
vt 0.677360 0.463180
vt 0.665154 0.454450
vt 0.671203 0.463038
vt 0.676436 0.451442
vt 0.660827 0.437205
vt 0.668903 0.440686
vt 0.663614 0.445781
vt 0.656775 0.428714
vt 0.666208 0.427329
vt 0.666982 0.413964
vt 0.659458 0.419075
vt 0.660878 0.409792
vt 0.673723 0.416049
vt 0.674204 0.427795
vt 0.675290 0.439690
vt 0.670353 0.451794
vt 0.652109 0.421427
vt 0.661014 0.400998
vt 0.655422 0.404049
vt 0.656891 0.399122
vt 0.666801 0.403168
vt 0.653649 0.411765
vt 0.673286 0.404720
vt 0.659590 0.391777
vt 0.663973 0.381717
vt 0.665819 0.392587
vt 0.657080 0.381486
vt 0.661146 0.370322
vt 0.670906 0.382453
vt 0.672463 0.393598
vt 0.668252 0.371091
vt 0.654269 0.392412
vt 0.650635 0.382477
vt 0.653828 0.369962
vt 0.646648 0.370397
vt 0.649656 0.357560
vt 0.657068 0.358366
vt 0.664122 0.359346
vt 0.644479 0.344782
vt 0.646059 0.333983
vt 0.651695 0.346010
vt 0.639025 0.332259
vt 0.641441 0.323123
vt 0.652466 0.335743
vt 0.658451 0.347269
vt 0.647654 0.325794
vt 0.642130 0.357147
vt 0.634225 0.320645
vt 0.644861 0.385527
vt 0.632669 0.373131
vt 0.639788 0.371809
vt 0.650200 0.396199
vt 0.638947 0.392672
vt 0.640064 0.413021
vt 0.647448 0.403958
vt 0.646717 0.416569
vt 0.632130 0.410928
vt 0.629226 0.390629
vt 0.624623 0.372429
vt 0.623654 0.409386
vt 0.616358 0.370860
vt 0.620633 0.388910
vt 0.582064 0.365664
vt 0.579378 0.383455
vt 0.577374 0.365205
vt 0.584397 0.383841
vt 0.580812 0.404433
vt 0.574920 0.383197
vt 0.573170 0.364868
vt 0.576110 0.404264
vt 0.587460 0.366286
vt 0.590178 0.384400
vt 0.586136 0.404734
vt 0.592246 0.405223
vt 0.571865 0.404171
vt 0.570824 0.383018
vt 0.569236 0.364616
vt 0.549175 0.363846
vt 0.546196 0.382406
vt 0.544723 0.363727
vt 0.550722 0.382494
vt 0.547366 0.403873
vt 0.541534 0.382317
vt 0.540164 0.363611
vt 0.542626 0.403819
vt 0.553465 0.363969
vt 0.555043 0.382581
vt 0.551936 0.403925
vt 0.556250 0.403971
vt 0.537800 0.403762
vt 0.536804 0.382228
vt 0.535552 0.363495
vt 0.608328 0.369384
vt 0.604291 0.386178
vt 0.600725 0.368135
vt 0.612284 0.387421
vt 0.606959 0.406888
vt 0.596854 0.385175
vt 0.593714 0.367105
vt 0.599241 0.405942
vt 0.615173 0.408042
vt 0.565380 0.364412
vt 0.563041 0.382767
vt 0.561510 0.364243
vt 0.566905 0.382880
vt 0.564101 0.404057
vt 0.559123 0.382670
vt 0.557561 0.364099
vt 0.560266 0.404014
vt 0.567915 0.404107
vt 0.528337 0.363193
vt 0.521810 0.381802
vt 0.521122 0.362934
vt 0.529307 0.381998
vt 0.522378 0.403502
vt 0.514314 0.381678
vt 0.513909 0.362765
vt 0.514668 0.403432
vt 0.530089 0.403620
vt 0.713689 0.408304
vt 0.668248 0.588888
vt 0.369932 0.277953
vt 0.300312 0.410956
vt 0.300272 0.425587
vt 0.577143 0.267612
vt 0.392606 0.274213
vt 0.383880 0.275609
vt 0.481468 0.263685
vt 0.000000 0.000000
vt 0.000000 0.000000
vt 0.000000 0.000000
vt 0.000000 0.000000
vt 0.304191 0.538705
vt 0.538140 0.263921
vt 0.000000 0.000000
vt 0.000000 0.000000
vt 0.545657 0.264537
vt 0.564414 0.605672
vt 0.576942 0.606809
vt 0.000000 0.000000
vt 0.000000 0.000000
vt 0.676148 0.605598
vt 0.678772 0.605527
vt 0.303917 0.527285
vt 0.473982 0.264334
vt 0.000000 0.000000
vt 0.000000 0.000000
vt 0.000000 0.000000
vt 0.000000 0.000000
vt 0.666319 0.287902
vt 0.666882 0.288350
vt 0.713078 0.459639
vt 0.712732 0.469006
vt 0.000000 0.000000
vt 0.000000 0.000000
vt 0.000000 0.000000
vt 0.451796 0.266572
vt 0.466474 0.265047
vt 0.000000 0.000000
vt 0.000000 0.000000
vt 0.000000 0.000000
vt 0.000000 0.000000
vt 0.300980 0.450952
vt 0.301491 0.460959
vt 0.304768 0.560257
vt 0.388613 0.596076
vt 0.374712 0.595880
vt 0.373846 0.594606
vt 0.000000 0.000000
vt 0.000000 0.000000
vt 0.713874 0.425965
vt 0.000000 0.000000
vt 0.000000 0.000000
vt 0.000000 0.000000
vt 0.000000 0.000000
vt 0.000000 0.000000
vt 0.000000 0.000000
vt 0.000000 0.000000
vt 0.000000 0.000000
vt 0.000000 0.000000
vt 0.000000 0.000000
vt 0.000000 0.000000
vt 0.000000 0.000000
vt 0.000000 0.000000
vt 0.378888 0.603823
vt 0.380566 0.602013
vt 0.381394 0.603807
vt 0.000000 0.000000
vt 0.000000 0.000000
vt 0.706944 0.605309
vt 0.700660 0.605248
vt 0.459669 0.593495
vt 0.446562 0.593533
vt 0.530646 0.263369
vt 0.000000 0.000000
vt 0.000000 0.000000
vt 0.711587 0.524651
vt 0.000000 0.000000
vt 0.000000 0.000000
vt 0.710938 0.568370
vt 0.520080 0.262799
vt 0.381516 0.602408
vt 0.391982 0.601939
vt 0.394176 0.602327
vt 0.712129 0.493910
vt 0.000000 0.000000
vt 0.000000 0.000000
vt 0.608049 0.271175
vt 0.710676 0.577375
vt 0.588830 0.474246
vt 0.588868 0.474176
vt 0.590817 0.473373
vt 0.000000 0.000000
vt 0.000000 0.000000
vt 0.000000 0.000000
vt 0.000000 0.000000
vt 0.304810 0.561571
vt 0.305132 0.570989
vt 0.713531 0.448286
vt 0.484398 0.598405
vt 0.491547 0.595824
vt 0.000000 0.000000
vt 0.000000 0.000000
vt 0.642334 0.276198
vt 0.686116 0.305712
vt 0.415910 0.599671
vt 0.409638 0.599061
vt 0.407095 0.597858
vt 0.352782 0.284552
vt 0.000000 0.000000
vt 0.000000 0.000000
vt 0.000000 0.000000
vt 0.000000 0.000000
vt 0.000000 0.000000
vt 0.687610 0.605323
vt 0.692561 0.605220
vt 0.000000 0.000000
vt 0.000000 0.000000
vt 0.000000 0.000000
vt 0.304302 0.543280
vt 0.304517 0.552414
vt 0.713032 0.392969
vt 0.000000 0.000000
vt 0.000000 0.000000
vt 0.344622 0.291240
vt 0.318585 0.316745
vt 0.317818 0.317587
vt 0.664835 0.605941
vt 0.666488 0.605889
vt 0.681498 0.301264
vt 0.684775 0.304328
vt 0.713655 0.442211
vt 0.000000 0.000000
vt 0.000000 0.000000
vt 0.471969 0.603457
vt 0.465705 0.604147
vt 0.474496 0.602221
vt 0.000000 0.000000
vt 0.503635 0.262610
vt 0.506051 0.262587
vt 0.573130 0.595275
vt 0.587925 0.599290
vt 0.589748 0.601478
vt 0.000000 0.000000
vt 0.711410 0.540651
vt 0.000000 0.000000
vt 0.000000 0.000000
vt 0.429895 0.600747
vt 0.440706 0.600647
vt 0.440797 0.601412
vt 0.000000 0.000000
vt 0.305511 0.579989
vt 0.000000 0.000000
vt 0.498757 0.262690
vt 0.000000 0.000000
vt 0.000000 0.000000
vt 0.302911 0.494680
vt 0.511765 0.590126
vt 0.488929 0.263161
vt 0.491013 0.263034
vt 0.632421 0.590279
vt 0.000000 0.000000
vt 0.000000 0.000000
vt 0.419492 0.270414
vt 0.631229 0.274489
vt 0.300342 0.428631
vt 0.000000 0.000000
vt 0.000000 0.000000
vt 0.000000 0.000000
vt 0.000000 0.000000
vt 0.000000 0.000000
vt 0.440843 0.606210
vt 0.451735 0.605404
vt 0.000000 0.000000
vt 0.000000 0.000000
vt 0.000000 0.000000
vt 0.000000 0.000000
vt 0.000000 0.000000
vt 0.000000 0.000000
vt 0.000000 0.000000
vt 0.547388 0.590474
vt 0.526860 0.263130
vt 0.000000 0.000000
vt 0.000000 0.000000
vt 0.712170 0.492034
vt 0.435030 0.268526
vt 0.000000 0.000000
vt 0.619632 0.272762
vt 0.617366 0.272420
vt 0.000000 0.000000
vt 0.000000 0.000000
vt 0.711462 0.536074
vt 0.337173 0.297736
vt 0.458154 0.602037
vt 0.442397 0.601519
vt 0.300777 0.444878
vt 0.560353 0.265874
vt 0.550016 0.264923
vt 0.513346 0.262596
vt 0.711139 0.558948
vt 0.423495 0.607059
vt 0.407128 0.607164
vt 0.407244 0.605568
vt 0.492026 0.262979
vt 0.000000 0.000000
vt 0.000000 0.000000
vt 0.667817 0.289147
vt 0.653533 0.277914
vt 0.000000 0.000000
vt 0.000000 0.000000
vt 0.508467 0.262579
vt 0.326544 0.308046
vt 0.604725 0.596611
vt 0.613004 0.594391
vt 0.590127 0.602587
vt 0.358756 0.279819
vt 0.000000 0.000000
vt 0.000000 0.000000
vt 0.711864 0.506929
vt 0.000000 0.000000
vt 0.000000 0.000000
vt 0.000000 0.000000
vt 0.000000 0.000000
vt 0.000000 0.000000
vt 0.000000 0.000000
vt 0.561464 0.265990
vt 0.404170 0.272482
vt 0.450686 0.266703
vt 0.000000 0.000000
vt 0.000000 0.000000
vt 0.301580 0.462300
vt 0.000000 0.000000
vt 0.000000 0.000000
vt 0.000000 0.000000
vt 0.000000 0.000000
vt 0.000000 0.000000
vt 0.000000 0.000000
vt 0.000000 0.000000
vt 0.711163 0.557633
vt 0.406920 0.598612
vt 0.386795 0.599573
vt 0.399322 0.598418
vt 0.000000 0.000000
vt 0.000000 0.000000
vt 0.000000 0.000000
vt 0.000000 0.000000
vt 0.000000 0.000000
vt 0.000000 0.000000
vt 0.000000 0.000000
vt 0.303411 0.509569
vt 0.303795 0.521903
vt 0.496273 0.594098
vt 0.694189 0.314306
vt 0.302977 0.496555
vt 0.000000 0.000000
vt 0.000000 0.000000
vt 0.592703 0.269302
vt 0.000000 0.000000
vt 0.000000 0.000000
vt 0.000000 0.000000
vt 0.000000 0.000000
vt 0.000000 0.000000
vt 0.000000 0.000000
vt 0.492644 0.599829
vt 0.474657 0.602815
vt 0.457569 0.606969
vt 0.457585 0.610231
vt 0.440343 0.597564
vt 0.473590 0.597269
vt 0.589588 0.604626
vt 0.558218 0.598267
vt 0.526778 0.587597
vt 0.523966 0.609567
vt 0.424380 0.593808
vt 0.440960 0.593596
vt 0.434669 0.593668
vt 0.000000 0.000000
vt 0.000000 0.000000
vt 0.479067 0.606947
vt 0.480500 0.605460
vt 0.394177 0.602466
vt 0.523376 0.605574
vt 0.000000 0.000000
vt 0.000000 0.000000
vt 0.664724 0.608856
vt 0.632202 0.609066
vt 0.633569 0.605601
vt 0.000000 0.000000
vt 0.000000 0.000000
vt 0.704253 0.599845
vt 0.705950 0.600568
vt 0.613924 0.606706
vt 0.632060 0.607267
vt 0.000000 0.000000
vt 0.000000 0.000000
vt 0.000000 0.000000
vt 0.622044 0.592410
vt 0.000000 0.000000
vt 0.651617 0.586960
vt 0.653070 0.586782
vt 0.438514 0.597365
vt 0.431798 0.597213
vt 0.413607 0.596672
vt 0.407318 0.596493
vt 0.374025 0.601925
vt 0.406963 0.601712
vt 0.000000 0.000000
vt 0.489687 0.605400
vt 0.491165 0.606880
vt 0.483661 0.606929
vt 0.000000 0.000000
vt 0.306928 0.331519
vt 0.303179 0.361736
vt 0.593489 0.519221
vt 0.591662 0.520957
vt 0.591598 0.520935
vt 0.442374 0.549142
vt 0.307976 0.588879
vt 0.522062 0.440709
vt 0.529682 0.449529
vt 0.517051 0.439305
vt 0.300785 0.395617
vt 0.664063 0.519531
vt 0.591662 0.520957
vt 0.593489 0.519221
vt 0.591598 0.520935
vt 0.700199 0.321280
vt 0.694967 0.315137
vt 0.625000 0.523438
vt 0.632813 0.527344
vt 0.474262 0.609996
vt 0.611938 0.605741
vt 0.613815 0.610039
vt 0.597133 0.610146
vt 0.573421 0.548297
vt 0.529682 0.449529
vt 0.522062 0.440709
vt 0.517051 0.439305
vt 0.708326 0.586296
vt 0.575367 0.504065
vt 0.593750 0.523438
vt 0.593750 0.523522
vt 0.712105 0.377650
vt 0.712442 0.480977
vt 0.713901 0.422924
vt 0.360956 0.279443
vt 0.371616 0.277670
vt 0.572527 0.267096
vt 0.586152 0.268561
vt 0.394869 0.273843
vt 0.478615 0.263933
vt 0.485251 0.263398
vt 0.000000 0.000000
vt 0.000000 0.000000
vt 0.304069 0.533216
vt 0.533502 0.263580
vt 0.541191 0.264182
vt 0.589903 0.607887
vt 0.000000 0.000000
vt 0.000000 0.000000
vt 0.557124 0.604965
vt 0.685457 0.605374
vt 0.470935 0.264634
vt 0.000000 0.000000
vt 0.000000 0.000000
vt 0.659569 0.282567
vt 0.713150 0.458298
vt 0.546771 0.481046
vt 0.542513 0.476299
vt 0.541961 0.475734
vt 0.000000 0.000000
vt 0.000000 0.000000
vt 0.000000 0.000000
vt 0.378756 0.603498
vt 0.378070 0.603503
vt 0.378659 0.602025
vt 0.000000 0.000000
vt 0.000000 0.000000
vt 0.396495 0.601910
vt 0.406967 0.602244
vt 0.394306 0.602326
vt 0.000000 0.000000
vt 0.462120 0.265488
vt 0.471367 0.404236
vt 0.497771 0.427762
vt 0.499073 0.429023
vt 0.000000 0.000000
vt 0.000000 0.000000
vt 0.401717 0.596336
vt 0.000000 0.000000
vt 0.713817 0.436340
vt 0.000000 0.000000
vt 0.000000 0.000000
vt 0.000000 0.000000
vt 0.000000 0.000000
vt 0.000000 0.000000
vt 0.714656 0.605525
vt 0.000000 0.000000
vt 0.000000 0.000000
vt 0.000000 0.000000
vt 0.000000 0.000000
vt 0.000000 0.000000
vt 0.473571 0.593534
vt 0.000000 0.000000
vt 0.711640 0.519268
vt 0.711512 0.530584
vt 0.000000 0.000000
vt 0.515872 0.262635
vt 0.521093 0.262840
vt 0.000000 0.000000
vt 0.000000 0.000000
vt 0.000000 0.000000
vt 0.000000 0.000000
vt 0.000000 0.000000
vt 0.000000 0.000000
vt 0.000000 0.000000
vt 0.000000 0.000000
vt 0.000000 0.000000
vt 0.000000 0.000000
vt 0.600506 0.270219
vt 0.614704 0.272036
vt 0.381014 0.276090
vt 0.381202 0.276043
vt 0.000000 0.000000
vt 0.000000 0.000000
vt 0.000000 0.000000
vt 0.000000 0.000000
vt 0.301253 0.526799
vt 0.640646 0.275938
vt 0.651328 0.277568
vt 0.407075 0.598793
vt 0.428122 0.600643
vt 0.345546 0.290432
vt 0.346104 0.289976
vt 0.000000 0.000000
vt 0.000000 0.000000
vt 0.699240 0.605248
vt 0.000000 0.000000
vt 0.675351 0.295543
vt 0.000000 0.000000
vt 0.453506 0.605278
vt 0.474529 0.603156
vt 0.501229 0.262640
vt 0.593655 0.378910
vt 0.593517 0.375000
vt 0.593517 0.375000
vt 0.589851 0.599851
vt 0.563747 0.593072
vt 0.711312 0.549788
vt 0.496232 0.262762
vt 0.496345 0.262756
vt 0.501172 0.262635
vt 0.593796 0.382811
vt 0.593796 0.382796
vt 0.597217 0.382772
vt 0.000000 0.000000
vt 0.411702 0.271430
vt 0.416337 0.270817
vt 0.426033 0.269590
vt 0.628367 0.274054
vt 0.631047 0.274461
vt 0.300538 0.439009
vt 0.560203 0.496283
vt 0.561393 0.497521
vt 0.557973 0.493810
vt 0.000000 0.000000
vt 0.523179 0.262941
vt 0.623973 0.605663
vt 0.706218 0.600680
vt 0.715076 0.604945
vt 0.439639 0.267950
vt 0.327866 0.306645
vt 0.331103 0.303537
vt 0.397526 0.273426
vt 0.474385 0.600336
vt 0.000000 0.000000
vt 0.000000 0.000000
vt 0.474521 0.601931
vt 0.597217 0.382772
vt 0.593796 0.382796
vt 0.593796 0.382811
vt 0.510931 0.262573
vt 0.515759 0.262631
vt 0.000000 0.000000
vt 0.000000 0.000000
vt 0.439244 0.606338
vt 0.000000 0.000000
vt 0.000000 0.000000
vt 0.000000 0.000000
vt 0.510873 0.262578
vt 0.589990 0.601144
vt 0.591686 0.600592
vt 0.000000 0.000000
vt 0.301881 0.471492
vt 0.546771 0.481046
vt 0.547626 0.481968
vt 0.543465 0.477776
vt 0.298555 0.395159
vt 0.000000 0.000000
vt 0.358555 0.279509
vt 0.000000 0.000000
vt 0.499074 0.429024
vt 0.497771 0.427763
vt 0.471367 0.404236
vt 0.000000 0.000000
vt 0.000000 0.000000
vt 0.373836 0.600669
vt 0.406611 0.597701
vt 0.000000 0.000000
vt 0.508996 0.590747
vt 0.595863 0.269665
vn -0.0729 -0.9909 0.1131
vn -0.0727 -0.9911 0.1118
vn -0.0728 -0.9910 0.1125
vn -0.0727 -0.9910 0.1121
vn -0.0730 -0.9909 0.1130
vn -0.0729 -0.9910 0.1125
vn -0.0729 -0.9909 0.1128
vn -0.0728 -0.9910 0.1120
vn -0.0727 -0.9911 0.1113
vn -0.0727 -0.9911 0.1114
vn -0.0727 -0.9911 0.1115
vn -0.0726 -0.9911 0.1116
vn -0.0726 -0.9911 0.1113
vn -0.0727 -0.9910 0.1125
vn -0.0730 -0.9908 0.1137
vn -0.0729 -0.9909 0.1132
vn 0.0000 -0.9929 0.1193
vn -0.0000 -0.9928 0.1194
vn 0.0000 -0.9928 0.1196
vn -0.0000 -0.9929 0.1194
vn -0.0305 -0.9859 0.1644
vn -0.0142 -0.9889 0.1480
vn -0.0300 -0.9859 0.1647
vn -0.0138 -0.9888 0.1485
vn -0.0495 -0.9820 0.1824
vn -0.0314 -0.9859 0.1643
vn -0.0147 -0.9889 0.1478
vn 0.0002 -0.9910 0.1336
vn 0.0005 -0.9910 0.1340
vn 0.0009 -0.9909 0.1343
vn -0.0134 -0.9888 0.1488
vn -0.0293 -0.9859 0.1648
vn -0.0474 -0.9820 0.1830
vn -0.0482 -0.9819 0.1830
vn -0.0490 -0.9819 0.1828
vn -0.0196 -0.9931 0.1160
vn -0.0195 -0.9932 0.1150
vn -0.0195 -0.9931 0.1157
vn -0.0195 -0.9931 0.1152
vn -0.0197 -0.9930 0.1168
vn -0.0196 -0.9931 0.1159
vn -0.0195 -0.9932 0.1149
vn -0.0194 -0.9934 0.1135
vn -0.0194 -0.9934 0.1134
vn -0.0194 -0.9933 0.1138
vn -0.0194 -0.9933 0.1139
vn -0.0194 -0.9932 0.1147
vn -0.0195 -0.9931 0.1159
vn -0.0196 -0.9930 0.1169
vn -0.0196 -0.9929 0.1173
vn -0.0196 -0.9930 0.1167
vn 0.0065 -0.9913 0.1318
vn 0.0040 -0.9913 0.1319
vn 0.0067 -0.9913 0.1318
vn 0.0038 -0.9913 0.1319
vn 0.0095 -0.9912 0.1318
vn 0.0065 -0.9912 0.1319
vn 0.0066 -0.9912 0.1319
vn 0.0042 -0.9913 0.1319
vn 0.0043 -0.9913 0.1319
vn 0.0016 -0.9912 0.1320
vn 0.0015 -0.9912 0.1320
vn 0.0017 -0.9913 0.1320
vn 0.0018 -0.9913 0.1320
vn 0.0017 -0.9913 0.1319
vn 0.0039 -0.9913 0.1319
vn 0.0064 -0.9913 0.1318
vn 0.0093 -0.9912 0.1317
vn 0.0094 -0.9912 0.1317
vn 0.0095 -0.9912 0.1317
vn 0.0522 -0.9977 0.0437
vn 0.0890 -0.9950 0.0455
vn 0.0519 -0.9977 0.0442
vn 0.0884 -0.9950 0.0461
vn 0.0148 -0.9990 0.0412
vn 0.0526 -0.9977 0.0431
vn 0.0896 -0.9950 0.0450
vn 0.1258 -0.9910 0.0467
vn 0.1250 -0.9910 0.0473
vn 0.1241 -0.9911 0.0478
vn 0.1231 -0.9912 0.0483
vn 0.0880 -0.9950 0.0466
vn 0.0514 -0.9977 0.0448
vn 0.0144 -0.9990 0.0429
vn 0.0145 -0.9990 0.0423
vn 0.0146 -0.9990 0.0418
vn -0.0288 -0.9893 0.1427
vn -0.0303 -0.9859 0.1646
vn -0.0297 -0.9894 0.1424
vn -0.0312 -0.9859 0.1643
vn -0.0264 -0.9922 0.1214
vn -0.0279 -0.9894 0.1428
vn -0.0294 -0.9859 0.1648
vn -0.0310 -0.9818 0.1872
vn -0.0319 -0.9818 0.1870
vn -0.0328 -0.9819 0.1867
vn -0.0290 -0.9923 0.1204
vn -0.0282 -0.9923 0.1210
vn -0.0273 -0.9923 0.1211
vn -0.6371 0.7672 -0.0746
vn -0.6120 0.7870 -0.0781
vn -0.6379 0.7662 -0.0775
vn -0.6125 0.7863 -0.0810
vn -0.5871 0.8054 -0.0814
vn -0.5866 0.8055 -0.0844
vn -0.5868 0.8050 -0.0874
vn -0.6130 0.7856 -0.0840
vn -0.6388 0.7652 -0.0804
vn -0.6388 0.7652 -0.0805
vn -0.6639 0.7438 -0.0768
vn -0.6151 0.7854 -0.0692
vn -0.6401 0.7651 -0.0696
vn -0.6621 0.7459 -0.0729
vn -0.6631 0.7453 -0.0698
vn -0.6641 0.7447 -0.0667
vn -0.6409 0.7648 -0.0663
vn -0.6155 0.7853 -0.0658
vn -0.5879 0.8063 -0.0653
vn -0.5879 0.8063 -0.0654
vn -0.5878 0.8061 -0.0687
vn -0.5878 0.8061 -0.0689
vn -0.0239 0.8728 0.4874
vn -0.0244 0.8678 0.4963
vn -0.0229 0.8601 0.5096
vn -0.0221 0.8664 0.4989
vn -0.0212 0.8722 0.4886
vn -0.0203 0.8778 0.4786
vn -0.0203 0.8778 0.4787
vn -0.0231 0.8783 0.4775
vn 0.4075 -0.8637 -0.2967
vn 0.3973 -0.8724 -0.2848
vn 0.3843 -0.8814 -0.2749
vn 0.3950 -0.8726 -0.2872
vn 0.4053 -0.8639 -0.2991
vn 0.4151 -0.8552 -0.3104
vn 0.6080 -0.7902 0.0768
vn 0.6329 -0.7708 0.0734
vn 0.6086 -0.7895 0.0797
vn 0.6339 -0.7697 0.0762
vn 0.6570 -0.7504 0.0730
vn 0.6598 -0.7476 0.0754
vn 0.6348 -0.7686 0.0791
vn 0.6091 -0.7888 0.0826
vn 0.5829 -0.8079 0.0861
vn 0.5828 -0.8084 0.0831
vn 0.6351 -0.7689 0.0738
vn 0.6365 -0.7680 0.0709
vn 0.6113 -0.7882 0.0705
vn 0.5840 -0.8087 0.0701
vn 0.5840 -0.8087 0.0703
vn 0.5842 -0.8089 0.0667
vn 0.5842 -0.8089 0.0668
vn 0.6118 -0.7881 0.0672
vn 0.6118 -0.7881 0.0673
vn 0.6372 -0.7677 0.0677
vn 0.6605 -0.7477 0.0680
vn 0.6595 -0.7483 0.0711
vn 0.6585 -0.7489 0.0741
vn -0.0240 0.8813 0.4719
vn -0.0240 0.8814 0.4718
vn -0.0240 0.8814 0.4719
vn 0.0000 0.8811 0.4728
vn 0.0000 0.8811 0.4729
vn -0.4026 0.8687 0.2887
vn -0.4122 0.8604 0.2997
vn -0.4206 0.8527 0.3097
vn -0.4192 0.8525 0.3124
vn -0.4101 0.8606 0.3019
vn -0.4004 0.8690 0.2908
vn -0.3900 0.8775 0.2790
vn -0.0252 0.8814 0.4717
vn -0.7455 0.5959 0.2987
vn -0.7455 0.5959 0.2986
vn -0.7454 0.5959 0.2986
vn -0.7455 0.5958 0.2988
vn -0.7455 0.5959 0.2985
vn 0.0729 -0.9909 0.1132
vn 0.0728 -0.9909 0.1132
vn 0.0728 -0.9910 0.1125
vn 0.0730 -0.9908 0.1137
vn 0.0730 -0.9908 0.1139
vn 0.0729 -0.9908 0.1137
vn 0.0726 -0.9911 0.1118
vn 0.0727 -0.9911 0.1118
vn 0.0727 -0.9911 0.1113
vn 0.0729 -0.9910 0.1125
vn 0.0729 -0.9909 0.1130
vn -0.0000 -0.9929 0.1192
vn 0.0000 -0.9929 0.1190
vn -0.0000 -0.9929 0.1191
vn 0.0305 -0.9859 0.1644
vn 0.0299 -0.9859 0.1647
vn 0.0142 -0.9889 0.1480
vn 0.0138 -0.9888 0.1484
vn 0.0495 -0.9820 0.1825
vn 0.0489 -0.9819 0.1827
vn 0.0482 -0.9819 0.1830
vn 0.0474 -0.9820 0.1831
vn 0.0293 -0.9859 0.1648
vn 0.0134 -0.9888 0.1488
vn -0.0009 -0.9909 0.1344
vn -0.0005 -0.9910 0.1340
vn -0.0002 -0.9910 0.1336
vn 0.0003 -0.9911 0.1333
vn 0.0148 -0.9889 0.1478
vn 0.0196 -0.9931 0.1156
vn 0.0196 -0.9930 0.1163
vn 0.0195 -0.9932 0.1150
vn 0.0195 -0.9932 0.1152
vn 0.0197 -0.9930 0.1169
vn 0.0197 -0.9929 0.1170
vn 0.0197 -0.9929 0.1171
vn 0.0197 -0.9929 0.1173
vn 0.0196 -0.9929 0.1170
vn 0.0196 -0.9929 0.1173
vn 0.0194 -0.9933 0.1139
vn 0.0194 -0.9934 0.1134
vn 0.0194 -0.9934 0.1133
vn 0.0194 -0.9933 0.1136
vn 0.0195 -0.9932 0.1149
vn 0.0196 -0.9931 0.1160
vn -0.0096 -0.9912 0.1318
vn -0.0095 -0.9912 0.1317
vn -0.0094 -0.9912 0.1317
vn -0.0095 -0.9913 0.1317
vn -0.0094 -0.9913 0.1317
vn 0.0288 -0.9893 0.1427
vn 0.0297 -0.9894 0.1424
vn 0.0303 -0.9859 0.1646
vn 0.0312 -0.9859 0.1643
vn 0.0264 -0.9923 0.1214
vn 0.0273 -0.9923 0.1212
vn 0.0282 -0.9923 0.1210
vn 0.0290 -0.9923 0.1204
vn 0.0306 -0.9894 0.1419
vn 0.0321 -0.9859 0.1641
vn 0.0337 -0.9819 0.1866
vn 0.0328 -0.9819 0.1867
vn 0.0319 -0.9818 0.1870
vn 0.0310 -0.9818 0.1872
vn 0.0294 -0.9859 0.1648
vn 0.0279 -0.9894 0.1428
vn 0.6371 0.7672 -0.0746
vn 0.6379 0.7662 -0.0775
vn 0.6119 0.7870 -0.0781
vn 0.6125 0.7863 -0.0810
vn 0.6639 0.7438 -0.0768
vn 0.6388 0.7652 -0.0804
vn 0.6388 0.7652 -0.0805
vn 0.6130 0.7856 -0.0840
vn 0.5868 0.8050 -0.0874
vn 0.5866 0.8055 -0.0844
vn 0.5871 0.8054 -0.0814
vn 0.6151 0.7854 -0.0692
vn 0.6401 0.7651 -0.0696
vn 0.5878 0.8061 -0.0687
vn 0.5879 0.8063 -0.0653
vn 0.6156 0.7853 -0.0658
vn 0.6409 0.7648 -0.0663
vn 0.6641 0.7447 -0.0667
vn 0.6631 0.7453 -0.0698
vn 0.6621 0.7458 -0.0729
vn 0.0240 0.8728 0.4874
vn 0.0244 0.8678 0.4963
vn 0.0231 0.8783 0.4775
vn 0.0220 0.8664 0.4989
vn 0.0230 0.8601 0.5096
vn -0.4075 -0.8637 -0.2967
vn -0.3973 -0.8724 -0.2848
vn -0.3972 -0.8724 -0.2848
vn -0.4151 -0.8552 -0.3104
vn -0.4053 -0.8639 -0.2991
vn -0.3950 -0.8726 -0.2872
vn -0.3843 -0.8814 -0.2748
vn -0.0249 -0.8837 -0.4675
vn -0.6080 -0.7902 0.0768
vn -0.6085 -0.7895 0.0797
vn -0.6085 -0.7896 0.0795
vn -0.6329 -0.7708 0.0734
vn -0.6339 -0.7697 0.0762
vn -0.5827 -0.8084 0.0831
vn -0.5829 -0.8080 0.0861
vn -0.6347 -0.7687 0.0791
vn -0.6599 -0.7476 0.0754
vn -0.6570 -0.7504 0.0730
vn -0.6350 -0.7690 0.0738
vn -0.6113 -0.7882 0.0705
vn -0.6585 -0.7489 0.0741
vn -0.5841 -0.8089 0.0667
vn -0.5840 -0.8087 0.0701
vn 0.0240 0.8813 0.4719
vn 0.0240 0.8814 0.4719
vn 0.0240 0.8814 0.4718
vn 0.4026 0.8687 0.2887
vn 0.4122 0.8604 0.2997
vn 0.3900 0.8775 0.2790
vn 0.4004 0.8690 0.2908
vn 0.4101 0.8606 0.3019
vn 0.4206 0.8528 0.3097
vn 0.4206 0.8527 0.3097
vn -0.0217 -0.8623 -0.5059
vn -0.0204 -0.8708 -0.4913
vn -0.0191 -0.8787 -0.4770
vn -0.0230 -0.8795 -0.4753
vn 0.0252 0.8814 0.4717
vn 0.7455 0.5959 0.2987
vn 0.7455 0.5960 0.2985
vn 0.7455 0.5959 0.2986
vn 0.7454 0.5959 0.2986
vn 0.7454 0.5960 0.2986
vn 0.7455 0.5958 0.2987
vn 0.0851 0.8692 -0.4870
vn 0.0682 0.9258 -0.3718
vn 0.0817 0.9364 -0.3413
vn 0.0816 0.9364 -0.3413
vn 0.0821 0.9272 -0.3654
vn 0.0748 0.8770 -0.4746
vn 0.0635 0.8659 -0.4962
vn 0.0436 0.9584 -0.2822
vn 0.0435 0.9584 -0.2822
vn 0.0494 0.9591 -0.2786
vn 0.0536 0.9234 -0.3800
vn 0.0774 0.9638 -0.2551
vn 0.0962 0.9549 -0.2809
vn 0.0544 0.9621 -0.2672
vn 0.0812 0.9551 -0.2848
vn 0.0858 0.9248 -0.3707
vn 0.0859 0.9248 -0.3707
vn 0.0865 0.9545 -0.2854
vn 0.0868 0.8772 -0.4722
vn 0.0287 0.8746 -0.4840
vn 0.0124 0.9340 -0.3571
vn 0.0189 0.9456 -0.3247
vn 0.0255 0.9329 -0.3591
vn 0.0106 0.8778 -0.4790
vn 0.0089 0.8712 -0.4908
vn 0.0089 0.8713 -0.4907
vn 0.0006 0.9619 -0.2734
vn 0.0031 0.9634 -0.2680
vn 0.0038 0.9295 -0.3689
vn 0.0039 0.9295 -0.3688
vn 0.0179 0.9712 -0.2376
vn 0.0325 0.9646 -0.2618
vn 0.0047 0.9669 -0.2552
vn 0.0384 0.9590 -0.2809
vn 0.0386 0.9261 -0.3754
vn 0.0345 0.9609 -0.2746
vn 0.0374 0.8697 -0.4922
vn 0.0373 0.8697 -0.4922
vn 0.2257 0.9726 -0.0555
vn 0.2244 0.9728 -0.0570
vn 0.2297 0.9713 -0.0617
vn 0.2290 0.9714 -0.0624
vn 0.1884 0.9807 -0.0517
vn 0.2219 0.9737 -0.0525
vn 0.2218 0.9737 -0.0525
vn 0.2182 0.9744 -0.0546
vn 0.1872 0.9807 -0.0572
vn 0.1958 0.9789 -0.0588
vn 0.1959 0.9789 -0.0587
vn 0.2020 0.9774 -0.0628
vn 0.2049 0.9763 -0.0699
vn 0.2312 0.9703 -0.0714
vn 0.2325 0.9699 -0.0720
vn 0.2324 0.9700 -0.0721
vn 0.1981 0.9776 -0.0713
vn 0.1933 0.9792 -0.0610
vn 0.1931 0.9793 -0.0611
vn 0.1901 0.9802 -0.0547
vn 0.3790 0.8837 -0.2747
vn 0.4110 0.8796 -0.2396
vn 0.2645 0.9208 -0.2866
vn 0.2947 0.9193 -0.2607
vn 0.3456 0.8848 -0.3126
vn 0.2984 0.9304 -0.2130
vn 0.3623 0.9109 -0.1977
vn 0.3622 0.9109 -0.1977
vn 0.3622 0.9109 -0.1978
vn 0.3090 0.9201 -0.2408
vn 0.1879 0.9698 -0.1553
vn 0.1739 0.9722 -0.1565
vn 0.1964 0.9721 -0.1280
vn 0.1821 0.9745 -0.1311
vn 0.1730 0.9687 -0.1781
vn 0.1812 0.9661 -0.1837
vn 0.1695 0.9686 -0.1821
vn 0.1438 0.9741 -0.1744
vn 0.1444 0.9774 -0.1541
vn 0.1490 0.9800 -0.1323
vn 0.1490 0.9800 -0.1322
vn 0.1544 0.9820 -0.1091
vn 0.1903 0.9759 -0.1065
vn 0.2038 0.9736 -0.1032
vn 0.2039 0.9735 -0.1032
vn 0.1867 0.9773 -0.0998
vn 0.1843 0.9751 -0.1236
vn 0.1798 0.9722 -0.1502
vn 0.0985 0.8901 -0.4450
vn 0.0841 0.9325 -0.3514
vn 0.0758 0.9423 -0.3260
vn 0.0861 0.9296 -0.3584
vn 0.0955 0.8938 -0.4381
vn 0.0932 0.8824 -0.4612
vn 0.0760 0.9565 -0.2815
vn 0.0692 0.9589 -0.2752
vn 0.0865 0.9270 -0.3650
vn 0.0584 0.9670 -0.2480
vn 0.0695 0.9600 -0.2714
vn 0.0584 0.9627 -0.2643
vn 0.0804 0.9511 -0.2981
vn 0.0990 0.9221 -0.3741
vn 0.0737 0.9551 -0.2870
vn 0.1115 0.8918 -0.4386
vn 0.1114 0.8917 -0.4386
vn -0.0132 0.9997 0.0213
vn -0.0047 0.9997 -0.0230
vn -0.0061 1.0000 0.0075
vn 0.0095 0.9998 -0.0190
vn 0.0034 0.9992 -0.0392
vn -0.0492 0.9864 0.1569
vn -0.0019 0.9984 -0.0569
vn -0.0022 0.9986 -0.0524
vn -0.0021 0.9986 -0.0524
vn 0.0019 0.9988 -0.0492
vn 0.0159 0.9989 -0.0435
vn 0.0016 0.9993 0.0383
vn 0.0034 0.9989 -0.0478
vn 0.0034 0.9988 -0.0478
vn 0.0275 0.9939 0.1067
vn 0.0071 0.9935 0.1136
vn 0.0100 0.9974 0.0707
vn 0.0153 0.9997 0.0184
vn 0.0212 0.9650 0.2614
vn 0.0106 0.9922 0.1239
vn -0.0011 0.9647 0.2632
vn 0.0456 0.9988 0.0171
vn 0.0378 0.9992 0.0125
vn 0.0362 0.9459 0.3224
vn 0.0112 0.9995 -0.0301
vn -0.0056 0.9999 -0.0085
vn 0.0328 0.9995 -0.0038
vn -0.0028 0.9999 0.0161
vn -0.0056 0.9405 0.3397
vn -0.0052 1.0000 0.0084
vn 0.0496 0.9958 0.0765
vn 0.0868 0.9950 0.0497
vn 0.0569 0.9812 0.1844
vn 0.0381 0.9985 -0.0385
vn 0.0642 0.9974 -0.0341
vn 0.0247 0.9974 0.0671
vn 0.0248 0.9974 0.0671
vn 0.1090 0.9931 -0.0425
vn 0.0896 0.9957 -0.0230
vn 0.0977 0.9946 -0.0340
vn 0.0557 0.9984 0.0117
vn 0.0383 0.9566 0.2887
vn 0.0718 0.9974 -0.0023
vn 0.1143 0.9850 0.1293
vn 0.1889 0.9814 0.0342
vn 0.2114 0.9774 0.0051
vn 0.1963 0.9803 -0.0203
vn 0.1466 0.9892 0.0020
vn 0.0995 0.9945 0.0325
vn 0.0603 0.9957 0.0696
vn 0.0910 0.9952 -0.0356
vn 0.1047 0.9935 -0.0454
vn 0.0700 0.9970 -0.0343
vn 0.0822 0.9957 -0.0418
vn 0.0904 0.9957 -0.0181
vn 0.1071 0.9934 -0.0411
vn 0.1208 0.9914 -0.0514
vn 0.1351 0.9891 -0.0593
vn 0.1183 0.9915 -0.0534
vn 0.0965 0.9941 -0.0495
vn 0.0690 0.9965 -0.0480
vn 0.0531 0.9976 -0.0434
vn 0.0454 0.9982 -0.0396
vn 0.0381 0.9989 -0.0289
vn 0.0562 0.9983 -0.0167
vn 0.0739 0.9972 -0.0134
vn 0.0074 0.9976 -0.0688
vn 0.0149 0.9976 -0.0683
vn 0.0148 0.9976 -0.0683
vn 0.0044 0.9978 -0.0659
vn 0.0125 0.9978 -0.0651
vn 0.0075 0.9973 -0.0728
vn 0.0074 0.9973 -0.0728
vn 0.0107 0.9974 -0.0717
vn 0.0168 0.9973 -0.0713
vn 0.0169 0.9973 -0.0713
vn 0.0272 0.9971 -0.0714
vn 0.0269 0.9973 -0.0681
vn 0.0259 0.9976 -0.0646
vn 0.0260 0.9976 -0.0646
vn 0.0224 0.9980 -0.0591
vn 0.0090 0.9981 -0.0604
vn 0.0011 0.9981 -0.0619
vn -0.0025 0.9980 -0.0633
vn 0.0001 0.9978 -0.0668
vn 0.0031 0.9976 -0.0698
vn 0.1053 0.9918 -0.0730
vn 0.0961 0.9926 -0.0736
vn 0.0961 0.9927 -0.0736
vn 0.1050 0.9922 -0.0668
vn 0.0957 0.9932 -0.0656
vn 0.0956 0.9925 -0.0763
vn 0.0972 0.9922 -0.0777
vn 0.0878 0.9930 -0.0791
vn 0.0685 0.9944 -0.0804
vn 0.0753 0.9944 -0.0743
vn 0.0762 0.9950 -0.0649
vn 0.0684 0.9966 -0.0456
vn 0.0851 0.9951 -0.0495
vn 0.0955 0.9939 -0.0547
vn 0.1030 0.9929 -0.0592
vn 0.1071 0.9919 -0.0675
vn 0.1034 0.9920 -0.0722
vn 0.0057 0.9970 -0.0768
vn 0.0042 0.9971 -0.0762
vn 0.0015 0.9976 -0.0688
vn 0.0016 0.9977 -0.0671
vn 0.0017 0.9977 -0.0671
vn 0.0081 0.9966 -0.0820
vn 0.0071 0.9966 -0.0818
vn 0.0051 0.9966 -0.0817
vn 0.0019 0.9967 -0.0816
vn 0.0014 0.9971 -0.0759
vn 0.0002 0.9978 -0.0665
vn -0.0008 0.9989 -0.0461
vn -0.0009 0.9989 -0.0461
vn -0.0025 0.9988 -0.0482
vn -0.0046 0.9986 -0.0526
vn -0.0019 0.9983 -0.0577
vn 0.0014 0.9975 -0.0711
vn 0.0063 0.9970 -0.0777
vn 0.1746 0.9822 -0.0700
vn 0.1518 0.9863 -0.0645
vn 0.1618 0.9851 -0.0586
vn 0.1617 0.9851 -0.0587
vn 0.1371 0.9891 -0.0535
vn 0.2101 0.9741 -0.0834
vn 0.2102 0.9741 -0.0833
vn 0.1913 0.9783 -0.0800
vn 0.1703 0.9826 -0.0737
vn 0.1512 0.9863 -0.0664
vn 0.1346 0.9892 -0.0580
vn 0.1203 0.9916 -0.0475
vn 0.1050 0.9941 -0.0258
vn 0.1243 0.9917 -0.0335
vn 0.1529 0.9874 -0.0409
vn 0.1874 0.9811 -0.0474
vn 0.1948 0.9789 -0.0616
vn 0.2021 0.9766 -0.0732
vn 0.2536 0.9649 -0.0678
vn 0.2625 0.9633 -0.0556
vn 0.2332 0.9694 -0.0766
vn 0.2220 0.9716 -0.0820
vn 0.2290 0.9707 -0.0725
vn 0.2303 0.9712 -0.0604
vn 0.2304 0.9712 -0.0604
vn 0.2278 0.9727 -0.0451
vn 0.2524 0.9669 -0.0365
vn 0.2525 0.9669 -0.0365
vn 0.1518 0.9849 -0.0832
vn 0.1813 0.9796 -0.0863
vn 0.1244 0.9893 -0.0761
vn 0.1526 0.9850 -0.0811
vn 0.1720 0.9810 -0.0899
vn 0.1926 0.9768 -0.0932
vn 0.2101 0.9735 -0.0903
vn 0.2086 0.9744 -0.0838
vn 0.2324 0.9680 -0.0942
vn 0.2324 0.9681 -0.0942
vn 0.2237 0.9705 -0.0901
vn 0.2245 0.9697 -0.0959
vn 0.2105 0.9734 -0.0902
vn 0.2106 0.9734 -0.0902
vn 0.2060 0.9749 -0.0845
vn 0.2343 0.9684 -0.0853
vn 0.2302 0.9696 -0.0829
vn 0.2045 0.9757 -0.0788
vn 0.2046 0.9757 -0.0788
vn 0.1984 0.9765 -0.0837
vn 0.1865 0.9790 -0.0824
vn 0.1697 0.9826 -0.0757
vn 0.1698 0.9826 -0.0756
vn 0.1915 0.9779 -0.0838
vn 0.2098 0.9736 -0.0903
vn 0.2168 0.9718 -0.0930
vn 0.2181 0.9711 -0.0971
vn 0.2135 0.9724 -0.0941
vn 0.0332 0.9966 -0.0758
vn 0.0331 0.9966 -0.0758
vn 0.0239 0.9968 -0.0767
vn 0.0377 0.9971 -0.0662
vn 0.0304 0.9972 -0.0680
vn 0.0457 0.9957 -0.0812
vn 0.0298 0.9962 -0.0815
vn 0.0203 0.9964 -0.0818
vn 0.0161 0.9965 -0.0820
vn 0.0196 0.9968 -0.0777
vn 0.0268 0.9972 -0.0703
vn 0.0287 0.9981 -0.0554
vn 0.0368 0.9981 -0.0500
vn 0.0409 0.9981 -0.0460
vn 0.0409 0.9981 -0.0461
vn 0.0511 0.9977 -0.0445
vn 0.0522 0.9965 -0.0650
vn 0.0502 0.9959 -0.0751
vn 0.0501 0.9959 -0.0751
vn 0.0312 0.9822 -0.1851
vn 0.0314 0.9828 -0.1821
vn 0.0269 0.9871 -0.1580
vn 0.0270 0.9871 -0.1580
vn 0.0240 0.9874 -0.1561
vn 0.0363 0.9739 -0.2241
vn 0.0353 0.9745 -0.2215
vn 0.0352 0.9745 -0.2215
vn 0.0367 0.9756 -0.2166
vn 0.0333 0.9775 -0.2085
vn 0.0318 0.9836 -0.1773
vn 0.0228 0.9879 -0.1537
vn 0.0227 0.9879 -0.1537
vn 0.0178 0.9906 -0.1353
vn 0.0177 0.9906 -0.1353
vn 0.0196 0.9905 -0.1361
vn 0.0249 0.9903 -0.1368
vn 0.0329 0.9899 -0.1377
vn 0.0329 0.9866 -0.1595
vn 0.0341 0.9817 -0.1871
vn 0.0046 0.9842 -0.1772
vn 0.0047 0.9835 -0.1806
vn 0.0086 0.9881 -0.1535
vn 0.0066 0.9879 -0.1547
vn 0.0034 0.9795 -0.2016
vn 0.0010 0.9779 -0.2091
vn 0.0020 0.9765 -0.2153
vn 0.0011 0.9759 -0.2182
vn 0.0024 0.9833 -0.1820
vn 0.0023 0.9833 -0.1821
vn 0.0029 0.9879 -0.1550
vn 0.0026 0.9910 -0.1339
vn 0.0068 0.9909 -0.1341
vn 0.0096 0.9909 -0.1342
vn 0.0110 0.9909 -0.1343
vn 0.0093 0.9884 -0.1515
vn 0.0042 0.9851 -0.1719
vn 0.0041 0.9851 -0.1719
vn 0.0605 0.9958 -0.0692
vn 0.0604 0.9958 -0.0692
vn 0.0778 0.9945 -0.0701
vn 0.0637 0.9959 -0.0645
vn 0.0636 0.9959 -0.0646
vn 0.0847 0.9943 -0.0653
vn 0.0414 0.9965 -0.0722
vn 0.0413 0.9965 -0.0722
vn 0.0571 0.9957 -0.0731
vn 0.0571 0.9957 -0.0730
vn 0.0722 0.9946 -0.0740
vn 0.0857 0.9935 -0.0751
vn 0.0931 0.9931 -0.0712
vn 0.0930 0.9931 -0.0713
vn 0.1014 0.9926 -0.0667
vn 0.1114 0.9920 -0.0590
vn 0.1114 0.9920 -0.0589
vn 0.0925 0.9941 -0.0568
vn 0.0655 0.9962 -0.0566
vn 0.0656 0.9962 -0.0566
vn 0.0656 0.9962 -0.0565
vn 0.0423 0.9974 -0.0578
vn 0.0441 0.9969 -0.0644
vn 0.0433 0.9967 -0.0685
vn 0.0434 0.9967 -0.0685
vn 0.0737 0.9782 -0.1940
vn 0.0834 0.9774 -0.1941
vn 0.0637 0.9846 -0.1628
vn 0.0701 0.9841 -0.1630
vn 0.0741 0.9701 -0.2312
vn 0.0831 0.9689 -0.2330
vn 0.0965 0.9675 -0.2338
vn 0.0948 0.9698 -0.2248
vn 0.0948 0.9698 -0.2249
vn 0.0791 0.9788 -0.1888
vn 0.0697 0.9844 -0.1615
vn 0.0665 0.9880 -0.1392
vn 0.0668 0.9880 -0.1392
vn 0.0633 0.9883 -0.1386
vn 0.0568 0.9889 -0.1375
vn 0.0493 0.9895 -0.1362
vn 0.0566 0.9852 -0.1618
vn 0.0654 0.9790 -0.1929
vn 0.0478 0.9817 -0.1841
vn 0.0455 0.9812 -0.1873
vn 0.0555 0.9855 -0.1603
vn 0.0498 0.9857 -0.1611
vn 0.0514 0.9764 -0.2099
vn 0.0429 0.9754 -0.2161
vn 0.0429 0.9740 -0.2224
vn 0.0404 0.9736 -0.2248
vn 0.0408 0.9813 -0.1882
vn 0.0423 0.9861 -0.1608
vn 0.0422 0.9861 -0.1608
vn 0.0437 0.9894 -0.1388
vn 0.0436 0.9894 -0.1388
vn 0.0530 0.9888 -0.1395
vn 0.0529 0.9888 -0.1395
vn 0.0601 0.9884 -0.1396
vn 0.0646 0.9881 -0.1395
vn 0.0623 0.9852 -0.1599
vn 0.0581 0.9814 -0.1827
vn 0.0580 0.9814 -0.1827
vn 0.0104 0.9972 -0.0735
vn 0.0104 0.9973 -0.0734
vn 0.0034 0.9974 -0.0719
vn 0.0027 0.9978 -0.0659
vn 0.0073 0.9980 -0.0622
vn 0.0084 0.9979 -0.0635
vn 0.0199 0.9972 -0.0718
vn 0.0194 0.9972 -0.0724
vn 0.0142 0.9969 -0.0775
vn 0.0143 0.9969 -0.0775
vn 0.0073 0.9970 -0.0768
vn 0.0228 0.9969 -0.0754
vn 0.0064 0.9972 -0.0742
vn 0.0020 0.9975 -0.0708
vn 0.0063 0.9971 -0.0757
vn 0.0001 0.9980 -0.0630
vn 0.0035 0.9982 -0.0600
vn -0.0003 0.9977 -0.0672
vn 0.0192 0.9988 -0.0444
vn 0.0192 0.9988 -0.0443
vn 0.0211 0.9985 -0.0514
vn 0.0077 0.9985 -0.0549
vn 0.0454 0.9974 -0.0565
vn 0.0439 0.9970 -0.0644
vn 0.0240 0.9983 -0.0525
vn 0.0656 0.9951 -0.0740
vn 0.0537 0.9958 -0.0746
vn 0.0537 0.9958 -0.0745
vn 0.0502 0.9963 -0.0693
vn 0.0529 0.9960 -0.0714
vn 0.0340 0.9967 -0.0743
vn 0.0514 0.9961 -0.0715
vn 0.0543 0.9801 -0.1909
vn 0.0544 0.9801 -0.1908
vn 0.0546 0.9805 -0.1886
vn 0.0489 0.9854 -0.1632
vn 0.0488 0.9854 -0.1632
vn 0.0478 0.9857 -0.1619
vn 0.0477 0.9857 -0.1619
vn 0.0641 0.9701 -0.2340
vn 0.0640 0.9701 -0.2341
vn 0.0625 0.9711 -0.2301
vn 0.0626 0.9711 -0.2301
vn 0.0630 0.9724 -0.2246
vn 0.0598 0.9747 -0.2152
vn 0.0514 0.9815 -0.1843
vn 0.0515 0.9815 -0.1843
vn 0.0457 0.9860 -0.1602
vn 0.0409 0.9894 -0.1395
vn 0.0408 0.9894 -0.1396
vn 0.0428 0.9891 -0.1410
vn 0.0427 0.9891 -0.1410
vn 0.0446 0.9888 -0.1427
vn 0.0496 0.9880 -0.1460
vn 0.0531 0.9849 -0.1647
vn 0.0568 0.9798 -0.1919
vn 0.0447 0.9817 -0.1853
vn 0.0528 0.9804 -0.1896
vn 0.0422 0.9863 -0.1594
vn 0.0456 0.9860 -0.1605
vn 0.0454 0.9860 -0.1605
vn 0.0448 0.9767 -0.2099
vn 0.0447 0.9767 -0.2099
vn 0.0480 0.9747 -0.2185
vn 0.0593 0.9724 -0.2255
vn 0.0681 0.9710 -0.2292
vn 0.0592 0.9796 -0.1919
vn 0.0591 0.9796 -0.1919
vn 0.0502 0.9857 -0.1611
vn 0.0422 0.9899 -0.1353
vn 0.0423 0.9899 -0.1353
vn 0.0383 0.9900 -0.1355
vn 0.0372 0.9900 -0.1363
vn 0.0381 0.9897 -0.1378
vn 0.0380 0.9897 -0.1378
vn 0.0427 0.9864 -0.1589
vn 0.0428 0.9864 -0.1589
vn 0.0444 0.9823 -0.1818
vn 0.1964 0.9688 -0.1511
vn 0.1964 0.9688 -0.1512
vn 0.1580 0.9770 -0.1434
vn 0.2010 0.9705 -0.1333
vn 0.1559 0.9801 -0.1225
vn 0.1558 0.9802 -0.1225
vn 0.2332 0.9555 -0.1804
vn 0.2332 0.9555 -0.1803
vn 0.1773 0.9697 -0.1679
vn 0.1492 0.9752 -0.1635
vn 0.1512 0.9742 -0.1678
vn 0.1512 0.9742 -0.1677
vn 0.1563 0.9772 -0.1436
vn 0.1545 0.9807 -0.1197
vn 0.1486 0.9841 -0.0978
vn 0.1433 0.9845 -0.1014
vn 0.1870 0.9760 -0.1118
vn 0.2932 0.9443 -0.1498
vn 0.2705 0.9479 -0.1683
vn 0.2705 0.9479 -0.1682
vn 0.1461 0.9662 -0.2124
vn 0.1171 0.9735 -0.1966
vn 0.1543 0.9673 -0.2013
vn 0.1233 0.9741 -0.1895
vn 0.1877 0.9480 -0.2570
vn 0.1367 0.9641 -0.2275
vn 0.1170 0.9705 -0.2107
vn 0.1174 0.9711 -0.2077
vn 0.1184 0.9728 -0.1992
vn 0.1268 0.9723 -0.1961
vn 0.1398 0.9723 -0.1873
vn 0.1353 0.9744 -0.1797
vn 0.1614 0.9693 -0.1855
vn 0.2162 0.9550 -0.2033
vn 0.2161 0.9550 -0.2033
vn 0.2205 0.9491 -0.2248
vn 0.2082 0.9485 -0.2387
vn 0.1728 0.9543 -0.2437
vn 0.1875 0.9487 -0.2545
vn 0.1778 0.9563 -0.2322
vn 0.1802 0.9556 -0.2330
vn 0.1355 0.9653 -0.2234
vn 0.1618 0.9554 -0.2471
vn 0.1879 0.9449 -0.2681
vn 0.1894 0.9447 -0.2679
vn 0.1764 0.9535 -0.2445
vn 0.1608 0.9626 -0.2181
vn 0.1488 0.9695 -0.1949
vn 0.1719 0.9629 -0.2082
vn 0.1720 0.9629 -0.2082
vn 0.1787 0.9609 -0.2116
vn 0.1653 0.9651 -0.2033
vn 0.1566 0.9634 -0.2174
vn 0.1567 0.9634 -0.2174
vn 0.1462 0.9641 -0.2216
vn 0.0938 0.9941 -0.0537
vn 0.0911 0.9943 -0.0551
vn 0.0912 0.9943 -0.0551
vn 0.0952 0.9937 -0.0597
vn 0.0884 0.9947 -0.0529
vn 0.0883 0.9947 -0.0529
vn 0.0904 0.9945 -0.0532
vn 0.0900 0.9945 -0.0533
vn 0.1278 0.9904 -0.0522
vn 0.1278 0.9903 -0.0549
vn 0.1307 0.9896 -0.0605
vn 0.1381 0.9880 -0.0694
vn 0.1332 0.9885 -0.0722
vn 0.1120 0.9914 -0.0675
vn 0.1086 0.9921 -0.0621
vn 0.1085 0.9921 -0.0622
vn 0.1005 0.9932 -0.0586
vn 0.1613 0.9829 -0.0888
vn 0.1268 0.9886 -0.0818
vn 0.1418 0.9867 -0.0791
vn 0.1419 0.9867 -0.0791
vn 0.1362 0.9885 -0.0655
vn 0.1363 0.9885 -0.0655
vn 0.1322 0.9896 -0.0568
vn 0.1291 0.9902 -0.0526
vn 0.1292 0.9902 -0.0526
vn 0.0932 0.9942 -0.0540
vn 0.0918 0.9942 -0.0559
vn 0.2121 0.9749 -0.0674
vn 0.2008 0.9772 -0.0693
vn 0.2148 0.9749 -0.0577
vn 0.2054 0.9768 -0.0598
vn 0.1874 0.9790 -0.0803
vn 0.2089 0.9745 -0.0825
vn 0.1964 0.9768 -0.0849
vn 0.1587 0.9835 -0.0871
vn 0.1629 0.9841 -0.0713
vn 0.1690 0.9836 -0.0624
vn 0.1691 0.9836 -0.0624
vn 0.1776 0.9824 -0.0580
vn 0.2115 0.9758 -0.0551
vn 0.2179 0.9745 -0.0530
vn 0.1876 0.9809 -0.0519
vn 0.1875 0.9806 -0.0565
vn 0.1874 0.9807 -0.0565
vn 0.1876 0.9800 -0.0658
vn 0.1423 0.9006 -0.4107
vn 0.1363 0.9191 -0.3697
vn 0.1364 0.9191 -0.3697
vn 0.1365 0.9191 -0.3697
vn 0.1679 0.9323 -0.3203
vn 0.1339 0.9487 -0.2866
vn 0.1312 0.9411 -0.3116
vn 0.1277 0.9104 -0.3936
vn 0.1276 0.9104 -0.3937
vn 0.1303 0.8926 -0.4317
vn 0.1430 0.8751 -0.4623
vn 0.0913 0.9480 -0.3049
vn 0.1110 0.9456 -0.3059
vn 0.1111 0.9456 -0.3058
vn 0.1164 0.9180 -0.3790
vn 0.1822 0.9416 -0.2831
vn 0.1816 0.9430 -0.2789
vn 0.1463 0.9441 -0.2953
vn 0.1241 0.9663 -0.2255
vn 0.1216 0.9638 -0.2372
vn 0.1464 0.9572 -0.2498
vn 0.1675 0.9413 -0.2931
vn 0.1522 0.9261 -0.3452
vn 0.1523 0.9261 -0.3452
vn 0.1306 0.9574 -0.2574
vn 0.1408 0.8797 -0.4543
vn 0.1407 0.8796 -0.4544
vn 0.1386 0.8802 -0.4539
vn 0.1428 0.9026 -0.4061
vn 0.1427 0.9026 -0.4062
vn 0.1149 0.9911 -0.0673
vn 0.1394 0.9877 -0.0702
vn 0.1191 0.9904 -0.0706
vn 0.1446 0.9868 -0.0735
vn 0.1446 0.9868 -0.0736
vn 0.0835 0.9947 -0.0601
vn 0.1086 0.9923 -0.0597
vn 0.1308 0.9894 -0.0626
vn 0.1307 0.9894 -0.0626
vn 0.1496 0.9864 -0.0681
vn 0.1615 0.9840 -0.0752
vn 0.1692 0.9825 -0.0777
vn 0.1721 0.9822 -0.0749
vn 0.1721 0.9822 -0.0750
vn 0.1461 0.9866 -0.0731
vn 0.1216 0.9899 -0.0722
vn 0.0947 0.9930 -0.0712
vn 0.0882 0.9937 -0.0687
vn 0.0883 0.9937 -0.0687
vn 0.0843 0.9943 -0.0659
vn 0.1098 0.9915 -0.0700
vn 0.1351 0.9886 -0.0666
vn 0.1034 0.9924 -0.0671
vn 0.1269 0.9898 -0.0644
vn 0.0927 0.9928 -0.0755
vn 0.1178 0.9904 -0.0725
vn 0.1425 0.9873 -0.0699
vn 0.1700 0.9830 -0.0687
vn 0.1701 0.9830 -0.0687
vn 0.1644 0.9843 -0.0639
vn 0.1561 0.9858 -0.0612
vn 0.1458 0.9875 -0.0604
vn 0.1181 0.9909 -0.0642
vn 0.0979 0.9929 -0.0671
vn 0.0778 0.9946 -0.0686
vn 0.0794 0.9944 -0.0693
vn 0.0840 0.9938 -0.0730
vn 0.0717 0.9946 -0.0746
vn 0.0913 0.9933 -0.0712
vn 0.0814 0.9937 -0.0770
vn 0.0534 0.9952 -0.0821
vn 0.0511 0.9954 -0.0807
vn 0.0675 0.9951 -0.0722
vn 0.0880 0.9937 -0.0698
vn 0.0513 0.9958 -0.0752
vn 0.1343 0.9890 -0.0615
vn 0.1232 0.9902 -0.0656
vn 0.1070 0.9921 -0.0659
vn 0.1123 0.9897 -0.0889
vn 0.1122 0.9897 -0.0890
vn 0.0801 0.9926 -0.0910
vn 0.1155 0.9906 -0.0736
vn 0.0394 0.9947 -0.0952
vn 0.0392 0.9946 -0.0956
vn 0.0337 0.9955 -0.0881
vn 0.0574 0.9940 -0.0934
vn 0.0269 0.9964 -0.0808
vn 0.0269 0.9964 -0.0807
vn 0.0373 0.9963 -0.0778
vn 0.0373 0.9963 -0.0779
vn 0.0317 0.9959 -0.0850
vn 0.0623 0.9900 -0.1263
vn 0.0624 0.9900 -0.1262
vn 0.0819 0.9882 -0.1293
vn 0.0652 0.9884 -0.1373
vn 0.0843 0.9861 -0.1433
vn 0.0844 0.9861 -0.1433
vn 0.0447 0.9929 -0.1103
vn 0.0610 0.9919 -0.1112
vn 0.0610 0.9919 -0.1113
vn 0.0813 0.9905 -0.1110
vn 0.0814 0.9905 -0.1110
vn 0.1109 0.9877 -0.1104
vn 0.1099 0.9853 -0.1311
vn 0.1099 0.9827 -0.1489
vn 0.1121 0.9801 -0.1638
vn 0.0878 0.9841 -0.1546
vn 0.0698 0.9867 -0.1467
vn 0.0697 0.9867 -0.1467
vn 0.0555 0.9887 -0.1392
vn 0.0496 0.9903 -0.1299
vn 0.0454 0.9916 -0.1208
vn 0.0453 0.9916 -0.1209
vn 0.0743 0.9826 -0.1705
vn 0.0955 0.9792 -0.1788
vn 0.0754 0.9780 -0.1943
vn 0.0753 0.9780 -0.1943
vn 0.1008 0.9742 -0.2017
vn 0.1007 0.9743 -0.2018
vn 0.1007 0.9742 -0.2017
vn 0.0600 0.9868 -0.1504
vn 0.0736 0.9850 -0.1561
vn 0.0917 0.9821 -0.1646
vn 0.0918 0.9821 -0.1646
vn 0.1172 0.9771 -0.1775
vn 0.1259 0.9726 -0.1952
vn 0.1383 0.9658 -0.2195
vn 0.1516 0.9569 -0.2479
vn 0.1143 0.9639 -0.2405
vn 0.0846 0.9678 -0.2372
vn 0.0700 0.9693 -0.2357
vn 0.0619 0.9793 -0.1925
vn 0.0620 0.9793 -0.1925
vn 0.0606 0.9841 -0.1669
vn 0.0607 0.9841 -0.1669
vn 0.0277 0.9935 -0.1103
vn 0.0281 0.9941 -0.1050
vn 0.0185 0.9958 -0.0895
vn 0.0184 0.9958 -0.0895
vn 0.0112 0.9959 -0.0895
vn 0.0211 0.9946 -0.1013
vn 0.0447 0.9902 -0.1319
vn 0.0386 0.9913 -0.1259
vn 0.0373 0.9919 -0.1211
vn 0.0348 0.9922 -0.1194
vn 0.0349 0.9922 -0.1194
vn 0.0269 0.9945 -0.1014
vn 0.0371 0.9918 -0.1222
vn 0.0123 0.9968 -0.0789
vn 0.0110 0.9967 -0.0806
vn 0.0191 0.9960 -0.0875
vn 0.0123 0.9965 -0.0825
vn 0.0180 0.9960 -0.0873
vn 0.0079 0.9966 -0.0815
vn 0.0294 0.9943 -0.1024
vn 0.0313 0.9932 -0.1121
vn 0.0229 0.9953 -0.0939
vn 0.0526 0.9938 -0.0983
vn 0.0623 0.9931 -0.0997
vn 0.0525 0.9949 -0.0859
vn 0.0526 0.9949 -0.0859
vn 0.0643 0.9941 -0.0871
vn 0.0440 0.9924 -0.1145
vn 0.0441 0.9924 -0.1145
vn 0.0537 0.9918 -0.1158
vn 0.0618 0.9912 -0.1172
vn 0.0619 0.9912 -0.1172
vn 0.0667 0.9907 -0.1184
vn 0.0692 0.9925 -0.1010
vn 0.0735 0.9934 -0.0884
vn 0.0792 0.9936 -0.0801
vn 0.0678 0.9946 -0.0789
vn 0.0541 0.9955 -0.0778
vn 0.0407 0.9962 -0.0767
vn 0.0400 0.9956 -0.0847
vn 0.0410 0.9944 -0.0971
vn 0.0413 0.9944 -0.0971
vn 0.0251 0.9942 -0.1042
vn 0.0250 0.9942 -0.1043
vn 0.0187 0.9944 -0.1039
vn 0.0261 0.9953 -0.0934
vn 0.0188 0.9955 -0.0933
vn 0.0339 0.9923 -0.1195
vn 0.0337 0.9923 -0.1195
vn 0.0338 0.9923 -0.1195
vn 0.0245 0.9926 -0.1190
vn 0.0190 0.9928 -0.1185
vn 0.0161 0.9929 -0.1182
vn 0.0154 0.9945 -0.1038
vn 0.0152 0.9955 -0.0933
vn 0.0153 0.9961 -0.0863
vn 0.0194 0.9961 -0.0863
vn 0.0191 0.9961 -0.0864
vn 0.0276 0.9959 -0.0863
vn 0.0412 0.9954 -0.0862
vn 0.0378 0.9949 -0.0935
vn 0.0350 0.9939 -0.1046
vn 0.0351 0.9939 -0.1046
vn 0.0237 0.9950 -0.0969
vn 0.0238 0.9950 -0.0969
vn 0.0259 0.9950 -0.0960
vn 0.0182 0.9963 -0.0842
vn 0.0216 0.9963 -0.0836
vn 0.0316 0.9927 -0.1168
vn 0.0317 0.9927 -0.1168
vn 0.0303 0.9929 -0.1147
vn 0.0304 0.9929 -0.1147
vn 0.0314 0.9930 -0.1136
vn 0.0359 0.9929 -0.1134
vn 0.0359 0.9929 -0.1135
vn 0.0315 0.9949 -0.0961
vn 0.0282 0.9961 -0.0839
vn 0.0272 0.9967 -0.0760
vn 0.0190 0.9969 -0.0757
vn 0.0141 0.9970 -0.0763
vn 0.0124 0.9969 -0.0773
vn 0.0179 0.9962 -0.0855
vn 0.0244 0.9948 -0.0987
vn 0.0685 0.9923 -0.1036
vn 0.0608 0.9927 -0.1044
vn 0.0762 0.9929 -0.0913
vn 0.0678 0.9934 -0.0926
vn 0.0671 0.9906 -0.1194
vn 0.0633 0.9907 -0.1201
vn 0.0560 0.9912 -0.1204
vn 0.0454 0.9917 -0.1202
vn 0.0489 0.9933 -0.1048
vn 0.0490 0.9933 -0.1048
vn 0.0538 0.9942 -0.0934
vn 0.0605 0.9945 -0.0857
vn 0.0770 0.9934 -0.0846
vn 0.0861 0.9928 -0.0830
vn 0.0863 0.9929 -0.0814
vn 0.0864 0.9929 -0.0814
vn 0.0780 0.9929 -0.0898
vn 0.0714 0.9922 -0.1023
vn 0.0714 0.9922 -0.1024
vn 0.0076 0.9946 -0.1033
vn 0.0054 0.9946 -0.1032
vn 0.0074 0.9956 -0.0930
vn 0.0052 0.9956 -0.0930
vn 0.0096 0.9930 -0.1176
vn 0.0088 0.9931 -0.1171
vn 0.0059 0.9931 -0.1170
vn 0.0022 0.9932 -0.1168
vn 0.0020 0.9947 -0.1031
vn 0.0020 0.9957 -0.0930
vn 0.0020 0.9963 -0.0863
vn 0.0053 0.9963 -0.0863
vn 0.0075 0.9962 -0.0862
vn 0.0086 0.9962 -0.0862
vn 0.0085 0.9956 -0.0930
vn 0.0087 0.9946 -0.1034
vn -0.0851 0.8692 -0.4870
vn -0.0745 0.8770 -0.4747
vn -0.0821 0.9272 -0.3654
vn -0.0817 0.9364 -0.3413
vn -0.0816 0.9364 -0.3413
vn -0.0682 0.9258 -0.3718
vn -0.0635 0.8659 -0.4962
vn -0.0868 0.8772 -0.4722
vn -0.0816 0.9551 -0.2847
vn -0.0865 0.9545 -0.2854
vn -0.0859 0.9248 -0.3707
vn -0.0774 0.9638 -0.2551
vn -0.0544 0.9621 -0.2672
vn -0.0962 0.9549 -0.2809
vn -0.0436 0.9584 -0.2822
vn -0.0436 0.9584 -0.2821
vn -0.0536 0.9235 -0.3799
vn -0.0536 0.9234 -0.3800
vn -0.0494 0.9591 -0.2786
vn -0.0287 0.8746 -0.4840
vn -0.0107 0.8778 -0.4790
vn -0.0255 0.9329 -0.3591
vn -0.0189 0.9456 -0.3247
vn -0.0124 0.9340 -0.3571
vn -0.0089 0.8713 -0.4907
vn -0.0089 0.8712 -0.4908
vn -0.0369 0.8696 -0.4923
vn -0.0367 0.8696 -0.4924
vn -0.0384 0.9590 -0.2809
vn -0.0345 0.9609 -0.2746
vn -0.0385 0.9261 -0.3754
vn -0.0179 0.9712 -0.2376
vn -0.0047 0.9669 -0.2552
vn -0.0325 0.9646 -0.2618
vn -0.0008 0.9619 -0.2733
vn -0.0039 0.9295 -0.3688
vn -0.0031 0.9634 -0.2680
vn -0.2256 0.9726 -0.0556
vn -0.2257 0.9726 -0.0555
vn -0.2290 0.9714 -0.0620
vn -0.2287 0.9715 -0.0621
vn -0.2244 0.9728 -0.0570
vn -0.2290 0.9714 -0.0624
vn -0.1879 0.9808 -0.0519
vn -0.1899 0.9803 -0.0548
vn -0.1929 0.9793 -0.0612
vn -0.1981 0.9776 -0.0713
vn -0.1981 0.9776 -0.0714
vn -0.2328 0.9699 -0.0719
vn -0.2325 0.9699 -0.0720
vn -0.2312 0.9703 -0.0714
vn -0.2052 0.9762 -0.0697
vn -0.2020 0.9774 -0.0628
vn -0.1957 0.9789 -0.0588
vn -0.1872 0.9807 -0.0572
vn -0.2183 0.9744 -0.0546
vn -0.2182 0.9744 -0.0546
vn -0.2217 0.9737 -0.0526
vn -0.0252 0.9978 -0.0613
vn -0.4110 0.8796 -0.2396
vn -0.3790 0.8837 -0.2747
vn -0.2984 0.9304 -0.2130
vn -0.3091 0.9201 -0.2407
vn -0.3624 0.9108 -0.1976
vn -0.3623 0.9109 -0.1977
vn -0.3624 0.9108 -0.1977
vn -0.2644 0.9208 -0.2866
vn -0.3456 0.8848 -0.3126
vn -0.2947 0.9193 -0.2607
vn -0.1879 0.9698 -0.1553
vn -0.1964 0.9721 -0.1280
vn -0.1739 0.9722 -0.1565
vn -0.1821 0.9745 -0.1311
vn -0.1731 0.9687 -0.1781
vn -0.1797 0.9722 -0.1502
vn -0.1843 0.9751 -0.1236
vn -0.1865 0.9774 -0.0999
vn -0.2037 0.9736 -0.1032
vn -0.2038 0.9736 -0.1032
vn -0.1903 0.9759 -0.1065
vn -0.1544 0.9820 -0.1091
vn -0.1543 0.9820 -0.1091
vn -0.1490 0.9800 -0.1323
vn -0.1444 0.9774 -0.1541
vn -0.1434 0.9742 -0.1744
vn -0.1694 0.9686 -0.1821
vn -0.1811 0.9661 -0.1837
vn -0.1811 0.9662 -0.1837
vn -0.0984 0.8901 -0.4450
vn -0.0956 0.8939 -0.4380
vn -0.0956 0.8939 -0.4379
vn -0.0861 0.9296 -0.3584
vn -0.0757 0.9423 -0.3260
vn -0.0841 0.9325 -0.3513
vn -0.0932 0.8824 -0.4612
vn -0.1114 0.8917 -0.4386
vn -0.0804 0.9511 -0.2981
vn -0.0736 0.9551 -0.2870
vn -0.0990 0.9221 -0.3741
vn -0.0584 0.9670 -0.2479
vn -0.0584 0.9627 -0.2643
vn -0.0694 0.9600 -0.2714
vn -0.0761 0.9566 -0.2814
vn -0.0865 0.9270 -0.3649
vn -0.0692 0.9589 -0.2753
vn -0.0813 0.9955 -0.0495
vn -0.1001 0.9937 -0.0506
vn -0.0542 0.9972 -0.0516
vn -0.0788 0.9957 -0.0485
vn -0.0969 0.9941 -0.0485
vn -0.1086 0.9928 -0.0512
vn -0.1110 0.9924 -0.0527
vn -0.1125 0.9922 -0.0530
vn -0.0559 0.9971 -0.0517
vn 0.0132 0.9997 0.0213
vn 0.0061 1.0000 0.0075
vn 0.0047 0.9997 -0.0230
vn -0.0095 0.9998 -0.0190
vn 0.0492 0.9864 0.1569
vn -0.0034 0.9992 -0.0392
vn -0.0159 0.9989 -0.0435
vn -0.0034 0.9989 -0.0478
vn -0.0034 0.9988 -0.0478
vn -0.0016 0.9993 0.0383
vn 0.0019 0.9984 -0.0569
vn -0.0019 0.9988 -0.0492
vn 0.0022 0.9986 -0.0524
vn -0.0275 0.9939 0.1067
vn 0.1149 -0.9827 0.1455
vn -0.0153 0.9997 0.0184
vn -0.0100 0.9974 0.0707
vn -0.0071 0.9935 0.1136
vn -0.0212 0.9650 0.2614
vn 0.0011 0.9647 0.2632
vn -0.0105 0.9922 0.1238
vn -0.0105 0.9922 0.1239
vn -0.0456 0.9988 0.0171
vn -0.0362 0.9459 0.3224
vn -0.0378 0.9992 0.0125
vn 0.0028 0.9999 0.0161
vn 0.0052 1.0000 0.0084
vn 0.0056 0.9405 0.3397
vn -0.0112 0.9995 -0.0301
vn -0.0328 0.9995 -0.0038
vn 0.0056 0.9999 -0.0085
vn -0.0496 0.9958 0.0765
vn -0.0569 0.9812 0.1844
vn -0.0868 0.9950 0.0497
vn -0.0380 0.9985 -0.0384
vn -0.0381 0.9985 -0.0385
vn -0.0248 0.9974 0.0671
vn -0.0247 0.9974 0.0671
vn -0.0641 0.9974 -0.0342
vn -0.0556 0.9984 0.0117
vn -0.0718 0.9974 -0.0023
vn -0.0383 0.9567 0.2887
vn -0.1090 0.9931 -0.0425
vn -0.0977 0.9946 -0.0340
vn -0.0896 0.9957 -0.0230
vn -0.1143 0.9850 0.1293
vn -0.0603 0.9957 0.0696
vn -0.0995 0.9945 0.0325
vn -0.1465 0.9892 0.0019
vn -0.1963 0.9803 -0.0203
vn -0.1964 0.9803 -0.0206
vn -0.2114 0.9774 0.0051
vn -0.1889 0.9814 0.0342
vn -0.0910 0.9952 -0.0356
vn -0.0700 0.9970 -0.0341
vn -0.1047 0.9935 -0.0454
vn -0.0822 0.9957 -0.0418
vn -0.0904 0.9957 -0.0181
vn -0.0739 0.9972 -0.0134
vn -0.0562 0.9983 -0.0167
vn -0.0381 0.9989 -0.0289
vn -0.0454 0.9982 -0.0397
vn -0.0531 0.9976 -0.0433
vn -0.0690 0.9965 -0.0480
vn -0.0966 0.9941 -0.0494
vn -0.1183 0.9915 -0.0534
vn -0.1351 0.9891 -0.0593
vn -0.1208 0.9914 -0.0514
vn -0.1071 0.9934 -0.0411
vn -0.0075 0.9976 -0.0687
vn -0.0044 0.9978 -0.0659
vn -0.0151 0.9976 -0.0682
vn -0.0128 0.9978 -0.0650
vn -0.0128 0.9978 -0.0651
vn -0.0075 0.9973 -0.0728
vn -0.0033 0.9976 -0.0697
vn 0.0001 0.9978 -0.0667
vn 0.0026 0.9980 -0.0633
vn -0.0011 0.9981 -0.0619
vn -0.0090 0.9981 -0.0604
vn -0.0224 0.9980 -0.0591
vn -0.0258 0.9976 -0.0646
vn -0.0269 0.9973 -0.0681
vn -0.0267 0.9971 -0.0715
vn -0.0169 0.9973 -0.0713
vn -0.0108 0.9974 -0.0717
vn -0.1052 0.9918 -0.0730
vn -0.1049 0.9922 -0.0668
vn -0.1050 0.9922 -0.0668
vn -0.0961 0.9927 -0.0736
vn -0.0960 0.9927 -0.0736
vn -0.0956 0.9933 -0.0656
vn -0.0956 0.9925 -0.0763
vn -0.1033 0.9920 -0.0722
vn -0.1071 0.9919 -0.0675
vn -0.1030 0.9929 -0.0592
vn -0.0955 0.9939 -0.0547
vn -0.0851 0.9951 -0.0495
vn -0.0684 0.9966 -0.0456
vn -0.0762 0.9950 -0.0649
vn -0.0753 0.9944 -0.0743
vn -0.0685 0.9944 -0.0804
vn -0.0878 0.9930 -0.0791
vn -0.0972 0.9922 -0.0777
vn -0.0057 0.9970 -0.0768
vn -0.0015 0.9976 -0.0688
vn -0.0042 0.9971 -0.0762
vn -0.0016 0.9977 -0.0671
vn -0.0085 0.9966 -0.0819
vn -0.0063 0.9970 -0.0777
vn -0.0014 0.9975 -0.0711
vn 0.0019 0.9983 -0.0577
vn 0.0046 0.9986 -0.0526
vn 0.0025 0.9988 -0.0482
vn 0.0007 0.9989 -0.0460
vn 0.0007 0.9989 -0.0461
vn -0.0011 0.9978 -0.0662
vn -0.0019 0.9971 -0.0758
vn -0.0020 0.9967 -0.0816
vn -0.0053 0.9966 -0.0817
vn -0.0069 0.9966 -0.0819
vn -0.0071 0.9966 -0.0818
vn -0.1746 0.9821 -0.0700
vn -0.1618 0.9851 -0.0586
vn -0.1619 0.9851 -0.0586
vn -0.1518 0.9863 -0.0644
vn -0.1371 0.9891 -0.0535
vn -0.2103 0.9741 -0.0833
vn -0.2021 0.9766 -0.0732
vn -0.1949 0.9789 -0.0616
vn -0.1875 0.9811 -0.0475
vn -0.1874 0.9811 -0.0474
vn -0.1530 0.9874 -0.0409
vn -0.1529 0.9874 -0.0409
vn -0.1244 0.9917 -0.0334
vn -0.1243 0.9917 -0.0335
vn -0.1051 0.9941 -0.0257
vn -0.1050 0.9941 -0.0258
vn -0.1203 0.9916 -0.0475
vn -0.1346 0.9892 -0.0580
vn -0.1512 0.9863 -0.0664
vn -0.1703 0.9826 -0.0737
vn -0.1913 0.9783 -0.0800
vn -0.2536 0.9649 -0.0678
vn -0.2624 0.9633 -0.0556
vn -0.2625 0.9633 -0.0556
vn -0.2523 0.9669 -0.0366
vn -0.2524 0.9669 -0.0366
vn -0.2278 0.9727 -0.0452
vn -0.2304 0.9712 -0.0604
vn -0.2303 0.9712 -0.0604
vn -0.2290 0.9707 -0.0725
vn -0.2220 0.9716 -0.0820
vn -0.2332 0.9694 -0.0766
vn -0.1518 0.9849 -0.0832
vn -0.1813 0.9796 -0.0863
vn -0.2086 0.9744 -0.0838
vn -0.2101 0.9735 -0.0903
vn -0.1926 0.9768 -0.0932
vn -0.1720 0.9810 -0.0899
vn -0.1525 0.9850 -0.0812
vn -0.1244 0.9893 -0.0761
vn -0.2325 0.9680 -0.0942
vn -0.2326 0.9680 -0.0941
vn -0.2245 0.9697 -0.0959
vn -0.2237 0.9705 -0.0901
vn -0.2105 0.9734 -0.0902
vn -0.2058 0.9749 -0.0846
vn -0.2135 0.9724 -0.0942
vn -0.2180 0.9711 -0.0972
vn -0.2179 0.9711 -0.0972
vn -0.2171 0.9717 -0.0929
vn -0.2098 0.9736 -0.0903
vn -0.2099 0.9735 -0.0903
vn -0.1915 0.9779 -0.0838
vn -0.1698 0.9826 -0.0756
vn -0.1865 0.9790 -0.0824
vn -0.1985 0.9765 -0.0837
vn -0.2046 0.9757 -0.0788
vn -0.2303 0.9696 -0.0829
vn -0.2343 0.9684 -0.0853
vn -0.0331 0.9966 -0.0758
vn -0.0376 0.9971 -0.0662
vn -0.0236 0.9968 -0.0767
vn -0.0304 0.9972 -0.0680
vn -0.0457 0.9957 -0.0812
vn -0.0501 0.9959 -0.0751
vn -0.0522 0.9965 -0.0650
vn -0.0511 0.9977 -0.0445
vn -0.0408 0.9981 -0.0461
vn -0.0368 0.9981 -0.0500
vn -0.0288 0.9981 -0.0554
vn -0.0287 0.9981 -0.0554
vn -0.0267 0.9972 -0.0703
vn -0.0195 0.9968 -0.0777
vn -0.0158 0.9965 -0.0820
vn -0.0157 0.9965 -0.0820
vn -0.0201 0.9964 -0.0818
vn -0.0297 0.9962 -0.0816
vn -0.0312 0.9822 -0.1851
vn -0.0270 0.9871 -0.1580
vn -0.0314 0.9828 -0.1821
vn -0.0240 0.9874 -0.1561
vn -0.0368 0.9739 -0.2241
vn -0.0367 0.9739 -0.2241
vn -0.0344 0.9817 -0.1871
vn -0.0329 0.9866 -0.1595
vn -0.0325 0.9899 -0.1378
vn -0.0249 0.9903 -0.1368
vn -0.0199 0.9905 -0.1360
vn -0.0200 0.9905 -0.1360
vn -0.0176 0.9906 -0.1354
vn -0.0177 0.9906 -0.1353
vn -0.0228 0.9879 -0.1537
vn -0.0318 0.9836 -0.1773
vn -0.0333 0.9775 -0.2085
vn -0.0367 0.9756 -0.2166
vn -0.0353 0.9745 -0.2215
vn -0.0046 0.9842 -0.1772
vn -0.0087 0.9881 -0.1534
vn -0.0086 0.9881 -0.1534
vn -0.0046 0.9835 -0.1807
vn -0.0045 0.9835 -0.1807
vn -0.0067 0.9880 -0.1546
vn -0.0066 0.9879 -0.1546
vn -0.0034 0.9795 -0.2016
vn -0.0041 0.9851 -0.1719
vn -0.0041 0.9851 -0.1720
vn -0.0094 0.9884 -0.1514
vn -0.0108 0.9909 -0.1343
vn -0.0095 0.9909 -0.1343
vn -0.0068 0.9909 -0.1341
vn -0.0027 0.9910 -0.1339
vn -0.0024 0.9879 -0.1552
vn -0.0027 0.9879 -0.1550
vn -0.0022 0.9833 -0.1821
vn -0.0009 0.9759 -0.2183
vn -0.0020 0.9765 -0.2153
vn -0.0010 0.9779 -0.2091
vn -0.0604 0.9958 -0.0692
vn -0.0636 0.9959 -0.0646
vn -0.0777 0.9945 -0.0701
vn -0.0777 0.9945 -0.0702
vn -0.0846 0.9943 -0.0653
vn -0.0413 0.9965 -0.0722
vn -0.0428 0.9967 -0.0686
vn -0.0429 0.9967 -0.0686
vn -0.0439 0.9970 -0.0645
vn -0.0428 0.9974 -0.0576
vn -0.0654 0.9963 -0.0567
vn -0.0925 0.9941 -0.0568
vn -0.1113 0.9920 -0.0590
vn -0.1113 0.9920 -0.0589
vn -0.1014 0.9926 -0.0667
vn -0.0930 0.9931 -0.0713
vn -0.0857 0.9935 -0.0751
vn -0.0720 0.9946 -0.0741
vn -0.0570 0.9957 -0.0731
vn -0.0738 0.9782 -0.1940
vn -0.0638 0.9846 -0.1628
vn -0.0834 0.9774 -0.1941
vn -0.0702 0.9841 -0.1630
vn -0.0744 0.9701 -0.2312
vn -0.0655 0.9790 -0.1929
vn -0.0566 0.9852 -0.1618
vn -0.0494 0.9894 -0.1362
vn -0.0574 0.9888 -0.1375
vn -0.0638 0.9883 -0.1386
vn -0.0660 0.9881 -0.1392
vn -0.0698 0.9844 -0.1615
vn -0.0791 0.9788 -0.1888
vn -0.0948 0.9698 -0.2248
vn -0.0965 0.9675 -0.2338
vn -0.0831 0.9689 -0.2330
vn -0.0478 0.9817 -0.1841
vn -0.0554 0.9855 -0.1603
vn -0.0554 0.9855 -0.1604
vn -0.0453 0.9813 -0.1873
vn -0.0454 0.9813 -0.1873
vn -0.0497 0.9857 -0.1611
vn -0.0498 0.9857 -0.1611
vn -0.0514 0.9764 -0.2099
vn -0.0580 0.9814 -0.1827
vn -0.0621 0.9852 -0.1599
vn -0.0645 0.9881 -0.1395
vn -0.0600 0.9884 -0.1396
vn -0.0529 0.9888 -0.1395
vn -0.0435 0.9894 -0.1388
vn -0.0434 0.9894 -0.1388
vn -0.0420 0.9861 -0.1608
vn -0.0407 0.9813 -0.1882
vn -0.0403 0.9736 -0.2248
vn -0.0402 0.9736 -0.2248
vn -0.0429 0.9740 -0.2224
vn -0.0429 0.9754 -0.2161
vn -0.0107 0.9972 -0.0739
vn -0.0194 0.9972 -0.0724
vn -0.0199 0.9972 -0.0717
vn -0.0084 0.9979 -0.0635
vn -0.0073 0.9980 -0.0623
vn -0.0028 0.9978 -0.0659
vn -0.0033 0.9974 -0.0719
vn -0.0142 0.9969 -0.0775
vn -0.0228 0.9969 -0.0755
vn -0.0228 0.9969 -0.0754
vn -0.0074 0.9970 -0.0769
vn -0.0530 0.9960 -0.0714
vn -0.0529 0.9960 -0.0714
vn -0.0514 0.9961 -0.0715
vn -0.0340 0.9967 -0.0742
vn -0.0656 0.9951 -0.0740
vn -0.0656 0.9951 -0.0739
vn -0.0502 0.9963 -0.0692
vn -0.0502 0.9963 -0.0693
vn -0.0536 0.9958 -0.0745
vn -0.0454 0.9974 -0.0565
vn -0.0240 0.9983 -0.0525
vn -0.0439 0.9970 -0.0643
vn -0.0439 0.9970 -0.0644
vn -0.0192 0.9988 -0.0443
vn -0.0192 0.9988 -0.0444
vn -0.0077 0.9985 -0.0549
vn -0.0211 0.9985 -0.0514
vn -0.0003 0.9980 -0.0629
vn -0.0000 0.9977 -0.0671
vn -0.0036 0.9982 -0.0599
vn -0.0065 0.9972 -0.0742
vn -0.0064 0.9972 -0.0742
vn -0.0062 0.9971 -0.0757
vn -0.0020 0.9975 -0.0708
vn -0.0544 0.9801 -0.1908
vn -0.0494 0.9854 -0.1631
vn -0.0547 0.9805 -0.1885
vn -0.0481 0.9856 -0.1618
vn -0.0644 0.9701 -0.2338
vn -0.0645 0.9701 -0.2338
vn -0.0562 0.9798 -0.1920
vn -0.0526 0.9849 -0.1648
vn -0.0499 0.9880 -0.1459
vn -0.0447 0.9888 -0.1427
vn -0.0432 0.9891 -0.1409
vn -0.0433 0.9891 -0.1409
vn -0.0410 0.9894 -0.1395
vn -0.0461 0.9860 -0.1601
vn -0.0459 0.9860 -0.1601
vn -0.0516 0.9815 -0.1843
vn -0.0599 0.9747 -0.2152
vn -0.0631 0.9724 -0.2246
vn -0.0627 0.9711 -0.2301
vn -0.0447 0.9817 -0.1853
vn -0.0421 0.9863 -0.1594
vn -0.0516 0.9805 -0.1898
vn -0.0455 0.9860 -0.1605
vn -0.0456 0.9860 -0.1605
vn -0.0447 0.9767 -0.2099
vn -0.0443 0.9823 -0.1819
vn -0.0424 0.9864 -0.1589
vn -0.0385 0.9897 -0.1378
vn -0.0373 0.9900 -0.1363
vn -0.0384 0.9900 -0.1355
vn -0.0384 0.9900 -0.1354
vn -0.0423 0.9899 -0.1353
vn -0.0504 0.9857 -0.1611
vn -0.0595 0.9796 -0.1918
vn -0.0675 0.9710 -0.2293
vn -0.0592 0.9724 -0.2256
vn -0.0593 0.9724 -0.2255
vn -0.0480 0.9747 -0.2185
vn -0.1964 0.9688 -0.1511
vn -0.2010 0.9705 -0.1333
vn -0.1579 0.9770 -0.1435
vn -0.1580 0.9770 -0.1434
vn -0.1559 0.9801 -0.1225
vn -0.2332 0.9555 -0.1804
vn -0.2333 0.9555 -0.1804
vn -0.2705 0.9479 -0.1682
vn -0.2704 0.9479 -0.1682
vn -0.2931 0.9443 -0.1497
vn -0.1870 0.9760 -0.1118
vn -0.1433 0.9845 -0.1014
vn -0.1487 0.9840 -0.0978
vn -0.1545 0.9807 -0.1197
vn -0.1562 0.9772 -0.1436
vn -0.1512 0.9742 -0.1678
vn -0.1512 0.9742 -0.1677
vn -0.1491 0.9752 -0.1635
vn -0.1773 0.9697 -0.1679
vn -0.1461 0.9662 -0.2124
vn -0.1542 0.9673 -0.2013
vn -0.1171 0.9735 -0.1966
vn -0.1233 0.9741 -0.1895
vn -0.1877 0.9480 -0.2570
vn -0.2082 0.9485 -0.2387
vn -0.2205 0.9491 -0.2248
vn -0.2162 0.9550 -0.2033
vn -0.2162 0.9549 -0.2033
vn -0.1614 0.9693 -0.1855
vn -0.1613 0.9693 -0.1855
vn -0.1353 0.9744 -0.1797
vn -0.1398 0.9723 -0.1873
vn -0.1268 0.9723 -0.1961
vn -0.1183 0.9728 -0.1992
vn -0.1175 0.9711 -0.2077
vn -0.1170 0.9705 -0.2107
vn -0.1367 0.9641 -0.2275
vn -0.1728 0.9543 -0.2437
vn -0.1777 0.9563 -0.2322
vn -0.1875 0.9487 -0.2545
vn -0.1802 0.9556 -0.2330
vn -0.1355 0.9653 -0.2234
vn -0.1461 0.9641 -0.2216
vn -0.1566 0.9634 -0.2174
vn -0.1653 0.9651 -0.2033
vn -0.1784 0.9609 -0.2116
vn -0.1721 0.9628 -0.2082
vn -0.1489 0.9695 -0.1949
vn -0.1608 0.9626 -0.2181
vn -0.1763 0.9535 -0.2445
vn -0.1893 0.9447 -0.2679
vn -0.1878 0.9449 -0.2681
vn -0.1618 0.9554 -0.2471
vn -0.0937 0.9941 -0.0538
vn -0.0908 0.9943 -0.0552
vn -0.0910 0.9943 -0.0552
vn -0.0950 0.9937 -0.0597
vn -0.1380 0.9880 -0.0695
vn -0.1381 0.9880 -0.0695
vn -0.1305 0.9896 -0.0605
vn -0.1279 0.9903 -0.0549
vn -0.1279 0.9904 -0.0522
vn -0.0906 0.9945 -0.0531
vn -0.0909 0.9944 -0.0530
vn -0.0880 0.9947 -0.0530
vn -0.0881 0.9947 -0.0530
vn -0.1333 0.9884 -0.0722
vn -0.1086 0.9921 -0.0621
vn -0.1120 0.9914 -0.0675
vn -0.1005 0.9932 -0.0586
vn -0.1006 0.9932 -0.0586
vn -0.0918 0.9942 -0.0559
vn -0.0933 0.9942 -0.0540
vn -0.1295 0.9902 -0.0525
vn -0.1323 0.9896 -0.0567
vn -0.1322 0.9896 -0.0568
vn -0.1364 0.9885 -0.0655
vn -0.1419 0.9867 -0.0791
vn -0.1268 0.9886 -0.0817
vn -0.1613 0.9829 -0.0888
vn -0.2119 0.9749 -0.0675
vn -0.2148 0.9749 -0.0578
vn -0.2006 0.9772 -0.0694
vn -0.2054 0.9768 -0.0598
vn -0.1875 0.9790 -0.0802
vn -0.1873 0.9801 -0.0659
vn -0.1872 0.9801 -0.0660
vn -0.1871 0.9801 -0.0660
vn -0.1868 0.9808 -0.0568
vn -0.1871 0.9810 -0.0521
vn -0.2179 0.9745 -0.0530
vn -0.2116 0.9758 -0.0551
vn -0.1777 0.9824 -0.0580
vn -0.1690 0.9836 -0.0624
vn -0.1629 0.9841 -0.0714
vn -0.1587 0.9835 -0.0871
vn -0.1964 0.9768 -0.0849
vn -0.2088 0.9745 -0.0826
vn -0.1423 0.9006 -0.4107
vn -0.1281 0.9104 -0.3934
vn -0.1284 0.9104 -0.3932
vn -0.1312 0.9411 -0.3116
vn -0.1339 0.9487 -0.2866
vn -0.1680 0.9323 -0.3203
vn -0.1364 0.9191 -0.3697
vn -0.1429 0.8751 -0.4623
vn -0.1303 0.8926 -0.4317
vn -0.1409 0.8797 -0.4542
vn -0.1410 0.8797 -0.4541
vn -0.1429 0.9026 -0.4061
vn -0.1383 0.8801 -0.4542
vn -0.1384 0.8801 -0.4541
vn -0.1675 0.9413 -0.2931
vn -0.1306 0.9574 -0.2574
vn -0.1523 0.9261 -0.3452
vn -0.1241 0.9663 -0.2255
vn -0.1464 0.9572 -0.2498
vn -0.1216 0.9638 -0.2372
vn -0.1822 0.9416 -0.2831
vn -0.1463 0.9441 -0.2953
vn -0.1816 0.9430 -0.2789
vn -0.0911 0.9479 -0.3051
vn -0.1165 0.9181 -0.3788
vn -0.1111 0.9456 -0.3058
vn -0.1148 0.9911 -0.0674
vn -0.1148 0.9911 -0.0673
vn -0.1191 0.9904 -0.0706
vn -0.1393 0.9878 -0.0702
vn -0.1446 0.9868 -0.0736
vn -0.0835 0.9947 -0.0600
vn -0.0846 0.9943 -0.0656
vn -0.0882 0.9937 -0.0688
vn -0.0883 0.9937 -0.0687
vn -0.0946 0.9930 -0.0712
vn -0.1215 0.9900 -0.0723
vn -0.1462 0.9866 -0.0731
vn -0.1717 0.9823 -0.0752
vn -0.1716 0.9823 -0.0753
vn -0.1692 0.9825 -0.0777
vn -0.1615 0.9840 -0.0752
vn -0.1495 0.9864 -0.0681
vn -0.1306 0.9894 -0.0627
vn -0.1307 0.9894 -0.0626
vn -0.1084 0.9923 -0.0599
vn -0.1085 0.9923 -0.0598
vn -0.1098 0.9915 -0.0699
vn -0.1034 0.9924 -0.0671
vn -0.1351 0.9886 -0.0666
vn -0.1352 0.9886 -0.0666
vn -0.1269 0.9898 -0.0644
vn -0.0927 0.9928 -0.0755
vn -0.0840 0.9938 -0.0730
vn -0.0794 0.9944 -0.0693
vn -0.0778 0.9946 -0.0686
vn -0.0979 0.9929 -0.0671
vn -0.1181 0.9909 -0.0642
vn -0.1458 0.9875 -0.0604
vn -0.1561 0.9858 -0.0612
vn -0.1644 0.9843 -0.0639
vn -0.1702 0.9830 -0.0686
vn -0.1702 0.9830 -0.0687
vn -0.1425 0.9873 -0.0699
vn -0.1179 0.9904 -0.0725
vn -0.0717 0.9946 -0.0746
vn -0.0511 0.9954 -0.0807
vn -0.0534 0.9952 -0.0822
vn -0.0534 0.9952 -0.0821
vn -0.0814 0.9937 -0.0771
vn -0.0913 0.9933 -0.0713
vn -0.0675 0.9951 -0.0723
vn -0.0513 0.9959 -0.0751
vn -0.0880 0.9937 -0.0698
vn -0.0269 0.9964 -0.0808
vn -0.0318 0.9959 -0.0848
vn -0.0373 0.9963 -0.0779
vn -0.0394 0.9947 -0.0953
vn -0.0574 0.9940 -0.0933
vn -0.0573 0.9940 -0.0934
vn -0.0338 0.9955 -0.0881
vn -0.0338 0.9955 -0.0880
vn -0.1122 0.9897 -0.0890
vn -0.1155 0.9906 -0.0736
vn -0.1155 0.9906 -0.0737
vn -0.0800 0.9926 -0.0911
vn -0.1343 0.9890 -0.0615
vn -0.1070 0.9921 -0.0659
vn -0.1232 0.9902 -0.0656
vn -0.0621 0.9900 -0.1263
vn -0.0653 0.9884 -0.1372
vn -0.0652 0.9884 -0.1373
vn -0.0827 0.9882 -0.1289
vn -0.0840 0.9861 -0.1434
vn -0.0841 0.9861 -0.1434
vn -0.0450 0.9929 -0.1102
vn -0.0451 0.9929 -0.1101
vn -0.0452 0.9916 -0.1209
vn -0.0496 0.9903 -0.1299
vn -0.0554 0.9887 -0.1392
vn -0.0697 0.9867 -0.1467
vn -0.0879 0.9841 -0.1546
vn -0.0878 0.9841 -0.1546
vn -0.1120 0.9801 -0.1638
vn -0.1121 0.9801 -0.1638
vn -0.1103 0.9827 -0.1488
vn -0.1099 0.9853 -0.1311
vn -0.1100 0.9853 -0.1311
vn -0.1110 0.9877 -0.1104
vn -0.0814 0.9905 -0.1110
vn -0.0613 0.9919 -0.1111
vn -0.0745 0.9825 -0.1705
vn -0.0754 0.9780 -0.1943
vn -0.0956 0.9792 -0.1788
vn -0.1008 0.9742 -0.2017
vn -0.0591 0.9868 -0.1506
vn -0.0608 0.9841 -0.1668
vn -0.0619 0.9793 -0.1925
vn -0.0620 0.9793 -0.1925
vn -0.0700 0.9693 -0.2357
vn -0.0846 0.9678 -0.2371
vn -0.1144 0.9639 -0.2404
vn -0.1516 0.9569 -0.2479
vn -0.1383 0.9658 -0.2195
vn -0.1259 0.9727 -0.1952
vn -0.1171 0.9771 -0.1776
vn -0.0915 0.9821 -0.1646
vn -0.0916 0.9821 -0.1646
vn -0.0917 0.9821 -0.1646
vn -0.0729 0.9850 -0.1563
vn -0.0277 0.9935 -0.1103
vn -0.0211 0.9946 -0.1014
vn -0.0112 0.9959 -0.0895
vn -0.0184 0.9958 -0.0895
vn -0.0183 0.9958 -0.0895
vn -0.0281 0.9941 -0.1050
vn -0.0447 0.9903 -0.1319
vn -0.0373 0.9919 -0.1211
vn -0.0386 0.9913 -0.1259
vn -0.0387 0.9913 -0.1259
vn -0.0294 0.9943 -0.1024
vn -0.0229 0.9953 -0.0940
vn -0.0313 0.9932 -0.1121
vn -0.0123 0.9965 -0.0825
vn -0.0081 0.9966 -0.0815
vn -0.0180 0.9960 -0.0873
vn -0.0122 0.9968 -0.0790
vn -0.0122 0.9968 -0.0789
vn -0.0189 0.9960 -0.0875
vn -0.0110 0.9967 -0.0805
vn -0.0349 0.9922 -0.1194
vn -0.0371 0.9918 -0.1222
vn -0.0269 0.9945 -0.1014
vn -0.0523 0.9938 -0.0984
vn -0.0522 0.9938 -0.0984
vn -0.0523 0.9949 -0.0859
vn -0.0623 0.9931 -0.0997
vn -0.0643 0.9941 -0.0871
vn -0.0446 0.9924 -0.1144
vn -0.0445 0.9924 -0.1144
vn -0.0415 0.9944 -0.0970
vn -0.0412 0.9944 -0.0971
vn -0.0397 0.9956 -0.0848
vn -0.0400 0.9956 -0.0847
vn -0.0397 0.9963 -0.0769
vn -0.0393 0.9963 -0.0770
vn -0.0540 0.9955 -0.0779
vn -0.0676 0.9946 -0.0789
vn -0.0791 0.9936 -0.0801
vn -0.0735 0.9934 -0.0884
vn -0.0734 0.9934 -0.0884
vn -0.0691 0.9925 -0.1011
vn -0.0666 0.9907 -0.1185
vn -0.0616 0.9912 -0.1172
vn -0.0617 0.9912 -0.1172
vn -0.0618 0.9912 -0.1172
vn -0.0538 0.9918 -0.1158
vn -0.0245 0.9942 -0.1043
vn -0.0248 0.9942 -0.1043
vn -0.0252 0.9953 -0.0936
vn -0.0256 0.9953 -0.0935
vn -0.0255 0.9953 -0.0935
vn -0.0185 0.9944 -0.1040
vn -0.0184 0.9955 -0.0934
vn -0.0332 0.9923 -0.1196
vn -0.0352 0.9939 -0.1046
vn -0.0351 0.9939 -0.1046
vn -0.0377 0.9949 -0.0936
vn -0.0412 0.9954 -0.0862
vn -0.0273 0.9959 -0.0864
vn -0.0187 0.9961 -0.0864
vn -0.0151 0.9961 -0.0864
vn -0.0152 0.9955 -0.0933
vn -0.0156 0.9945 -0.1038
vn -0.0164 0.9929 -0.1182
vn -0.0189 0.9928 -0.1185
vn -0.0242 0.9926 -0.1190
vn -0.0238 0.9950 -0.0969
vn -0.0186 0.9963 -0.0841
vn -0.0259 0.9950 -0.0960
vn -0.0258 0.9950 -0.0960
vn -0.0218 0.9963 -0.0836
vn -0.0319 0.9926 -0.1168
vn -0.0318 0.9926 -0.1168
vn -0.0245 0.9948 -0.0987
vn -0.0179 0.9962 -0.0855
vn -0.0124 0.9969 -0.0773
vn -0.0144 0.9970 -0.0762
vn -0.0188 0.9969 -0.0758
vn -0.0273 0.9967 -0.0760
vn -0.0285 0.9961 -0.0838
vn -0.0313 0.9949 -0.0961
vn -0.0314 0.9949 -0.0961
vn -0.0359 0.9929 -0.1134
vn -0.0358 0.9929 -0.1135
vn -0.0314 0.9930 -0.1136
vn -0.0315 0.9930 -0.1136
vn -0.0303 0.9929 -0.1147
vn -0.0685 0.9923 -0.1036
vn -0.0761 0.9929 -0.0913
vn -0.0607 0.9927 -0.1045
vn -0.0677 0.9934 -0.0926
vn -0.0669 0.9906 -0.1194
vn -0.0713 0.9922 -0.1024
vn -0.0780 0.9929 -0.0898
vn -0.0863 0.9929 -0.0815
vn -0.0860 0.9928 -0.0830
vn -0.0771 0.9934 -0.0846
vn -0.0605 0.9945 -0.0857
vn -0.0537 0.9942 -0.0934
vn -0.0488 0.9933 -0.1048
vn -0.0454 0.9917 -0.1202
vn -0.0559 0.9912 -0.1204
vn -0.0632 0.9908 -0.1201
vn -0.0077 0.9946 -0.1032
vn -0.0073 0.9956 -0.0931
vn -0.0055 0.9947 -0.1031
vn -0.0052 0.9956 -0.0931
vn -0.0100 0.9930 -0.1174
vn -0.0089 0.9946 -0.1033
vn -0.0083 0.9956 -0.0931
vn -0.0083 0.9962 -0.0863
vn -0.0073 0.9962 -0.0863
vn -0.0051 0.9963 -0.0863
vn -0.0020 0.9963 -0.0863
vn -0.0020 0.9957 -0.0931
vn -0.0021 0.9947 -0.1031
vn -0.0023 0.9932 -0.1168
vn -0.0062 0.9931 -0.1169
vn -0.0087 0.9931 -0.1171
vn -0.2670 0.9590 -0.0948
vn -0.4149 -0.8567 -0.3063
vn -0.4149 -0.8568 -0.3063
vn 0.1529 0.8506 -0.5031
vn 0.2670 0.9590 -0.0948
vn -0.0983 0.8404 -0.5330
vn 0.1452 0.8399 -0.5229
vn 0.0676 0.7898 -0.6096
vn 0.4177 0.8562 0.3040
vn 0.1936 0.9778 -0.0800
vn -0.0800 0.7984 -0.5968
vn -0.0783 0.8079 -0.5840
vn 0.5931 -0.8018 0.0724
vn -0.0240 -0.8722 -0.4885
vn 0.1625 0.9837 -0.0770
vn 0.0800 0.7984 -0.5968
vn -0.6394 0.7654 -0.0727
vn 0.3949 0.8746 0.2813
vn -0.1645 0.8614 -0.4806
vn -0.1306 0.9901 -0.0513
vn -0.6541 0.7527 -0.0749
vn 0.0848 0.8165 -0.5711
vn 0.0783 0.8079 -0.5840
vn 0.0000 0.8812 0.4728
vn 0.0248 0.8799 0.4744
vn 0.1287 0.9901 -0.0558
vn 0.2465 0.9666 -0.0707
vn -0.6069 -0.7914 0.0731
vn -0.2225 0.9721 -0.0740
vn 0.5886 0.8046 -0.0786
vn 0.5954 0.8003 -0.0713
vn -0.6098 0.7889 -0.0758
vn 0.6622 0.7456 -0.0740
vn 0.6622 0.7456 -0.0741
vn 0.0251 0.8815 0.4715
vn 0.1647 0.9833 0.0776
vn -0.0249 -0.8837 -0.4674
vn 0.6069 -0.7914 0.0731
vn -0.0676 0.7898 -0.6096
vn -0.3988 0.8727 0.2819
vn -0.1625 0.9837 -0.0770
vn -0.2887 0.9560 -0.0513
vn -0.0173 0.7889 -0.6143
vn 0.6541 0.7527 -0.0749
vn -0.1144 0.9914 -0.0635
vn -0.6489 0.7575 -0.0714
vn -0.1172 0.8612 -0.4946
vn -0.2679 0.9629 -0.0324
vn 0.1542 0.8473 -0.5083
vn 0.0238 0.8813 0.4719
vn -0.4111 0.8624 0.2953
vn 0.2755 0.9592 -0.0630
vn -0.1286 0.9901 -0.0558
vn 0.3983 -0.8727 -0.2825
vn -0.6125 0.7872 -0.0721
vn -0.1530 0.8505 -0.5032
vn -0.2275 0.9155 -0.3318
vn 0.5832 -0.8084 0.0802
vn 0.5832 -0.8084 0.0801
vn 0.1645 0.8614 -0.4806
vn 0.4133 -0.8594 -0.3010
vn -0.0248 0.8799 0.4744
vn -0.0245 -0.8831 -0.4685
vn 0.6351 0.7688 -0.0751
vn -0.0006 0.8812 0.4728
vn 0.2223 0.9719 -0.0773
vn -0.2943 0.9477 -0.1237
vn 0.1732 0.8817 -0.4389
vn 0.2996 0.8778 -0.3738
vn -0.0241 -0.8653 -0.5007
vn -0.1950 0.9020 -0.3852
vn -0.1955 0.9019 -0.3851
vn -0.1751 0.9826 -0.0619
vn -0.5954 0.8003 -0.0713
vn -0.5832 -0.8084 0.0802
vn -0.0251 0.8816 0.4712
vn 0.0111 0.7845 -0.6200
vn 0.6203 -0.7809 0.0737
vn -0.6509 0.7555 -0.0740
vn -0.2223 0.9719 -0.0773
vn 0.0240 0.8815 0.4716
vn 0.5951 -0.8000 0.0771
vn 0.2678 0.9629 -0.0324
vn -0.0251 0.8814 0.4717
vn 0.0223 0.7872 -0.6163
vn 0.0222 0.7872 -0.6163
vn 0.6125 0.7872 -0.0721
vn 0.1029 0.9930 -0.0577
vn 0.4150 -0.8567 -0.3064
vn 0.4149 -0.8567 -0.3063
vn 0.0378 0.7876 -0.6150
vn -0.6458 -0.7600 0.0729
vn -0.0249 0.8760 0.4818
vn 0.1028 0.8537 -0.5106
vn -0.1542 0.8473 -0.5083
vn 0.2225 0.9721 -0.0739
vn 0.2225 0.9721 -0.0740
vn 0.0000 0.0000 1.0000
vn 0.0034 -1.0000 0.0032
vn -0.0035 1.0000 -0.0064
vn 0.0240 0.8635 0.5037
vn -0.5951 -0.8000 0.0771
vn -0.5886 0.8046 -0.0786
vn 0.6509 0.7555 -0.0740
vn 0.6510 0.7555 -0.0740
vn 0.6459 -0.7600 0.0729
vn -0.0379 0.7876 -0.6150
vn -0.0378 0.7876 -0.6150
vn -0.3910 -0.8768 -0.2799
vn -0.3909 -0.8768 -0.2799
vn -0.1029 0.9930 -0.0577
vn 0.0983 0.8404 -0.5330
vn -0.1452 0.8400 -0.5229
vn -0.1937 0.9778 -0.0800
vn 0.1947 0.9021 -0.3852
vn 0.1358 0.8679 -0.4778
vn 0.6026 -0.7945 0.0752
vn 0.1751 0.9826 -0.0619
vn -0.0848 0.8165 -0.5711
vn -0.0222 0.7872 -0.6163
vn -0.2755 0.9592 -0.0630
vn -0.6026 -0.7945 0.0752
vn 0.0173 0.7889 -0.6143
vn -0.1731 0.8817 -0.4389
vn -0.1542 0.8513 -0.5016
vn 0.6271 0.7754 -0.0742
vn -0.1357 0.8679 -0.4778
vn 0.2887 0.9560 -0.0513
vn -0.0111 0.7845 -0.6200
vn 0.2275 0.9155 -0.3318
vn -0.6202 -0.7809 0.0737
vn 0.1542 0.8513 -0.5016
vn 0.1541 0.8513 -0.5015
vn -0.0241 0.8634 0.5039
vn 0.2943 0.9477 -0.1237
vn -0.1361 0.9882 -0.0709
vn -0.6351 0.7688 -0.0751
vn -0.0241 0.8813 0.4720
vn 0.0248 0.8759 0.4818
vn -0.0928 0.8282 -0.5527
vn 0.1172 0.8612 -0.4946
vn 0.0928 0.8282 -0.5527
vn 0.6394 0.7655 -0.0727
vn 0.1307 0.9901 -0.0514
vn -0.6272 0.7753 -0.0742
vn -0.6622 0.7456 -0.0740
vn -0.6622 0.7456 -0.0741
vn -0.3949 0.8746 0.2813
vn -0.3950 0.8745 0.2814
vn -0.3950 0.8746 0.2814
vn 0.4111 0.8624 0.2953
vn 0.4111 0.8625 0.2953
vn -0.2465 0.9666 -0.0707
vn -0.5931 -0.8018 0.0724
vn -0.4082 0.8648 0.2926
vn -0.4082 0.8647 0.2927
vn 0.4081 0.8648 0.2925
vn 0.0240 0.8812 0.4721
vn 0.6098 0.7889 -0.0758
vn 0.1360 0.9882 -0.0709
vn 0.4050 -0.8668 -0.2910
vn 0.4050 -0.8667 -0.2911
vn -0.2994 0.8778 -0.3739
vn 0.1144 0.9914 -0.0635
vn -0.1028 0.8537 -0.5106
vn -0.0728 -0.9909 0.1132
vn -0.0727 -0.9910 0.1122
vn -0.0729 -0.9910 0.1127
vn -0.0729 -0.9909 0.1130
vn -0.0726 -0.9911 0.1118
vn -0.0728 -0.9909 0.1130
vn -0.0729 -0.9908 0.1137
vn -0.0730 -0.9908 0.1139
vn -0.0299 -0.9859 0.1647
vn -0.0139 -0.9888 0.1485
vn -0.0148 -0.9889 0.1478
vn -0.0474 -0.9820 0.1831
vn -0.0489 -0.9819 0.1828
vn -0.0195 -0.9931 0.1153
vn -0.0194 -0.9933 0.1142
vn -0.0197 -0.9930 0.1167
vn -0.0195 -0.9933 0.1141
vn -0.0194 -0.9934 0.1133
vn -0.0193 -0.9934 0.1131
vn -0.0193 -0.9934 0.1129
vn -0.0193 -0.9933 0.1139
vn -0.0195 -0.9931 0.1155
vn -0.0195 -0.9930 0.1163
vn -0.0196 -0.9930 0.1166
vn 0.0066 -0.9913 0.1318
vn 0.0041 -0.9913 0.1319
vn 0.0096 -0.9912 0.1318
vn 0.0064 -0.9912 0.1319
vn 0.0047 -0.9913 0.1319
vn 0.0019 -0.9912 0.1320
vn 0.0018 -0.9913 0.1319
vn 0.0019 -0.9913 0.1319
vn 0.0040 -0.9913 0.1318
vn 0.0093 -0.9913 0.1317
vn 0.0094 -0.9913 0.1317
vn 0.0096 -0.9912 0.1317
vn 0.0891 -0.9950 0.0455
vn 0.1240 -0.9911 0.0478
vn 0.0147 -0.9990 0.0418
vn -0.0303 -0.9859 0.1647
vn -0.0297 -0.9894 0.1425
vn -0.6370 0.7672 -0.0746
vn -0.6621 0.7458 -0.0729
vn -0.6155 0.7854 -0.0658
vn -0.0240 0.8728 0.4874
vn -0.0243 0.8678 0.4963
vn -0.0244 0.8678 0.4964
vn -0.0243 0.8678 0.4964
vn -0.0229 0.8601 0.5095
vn -0.0220 0.8664 0.4989
vn 0.3972 -0.8724 -0.2848
vn 0.3842 -0.8814 -0.2748
vn 0.6085 -0.7895 0.0797
vn 0.6569 -0.7504 0.0730
vn 0.6599 -0.7476 0.0754
vn 0.6347 -0.7687 0.0791
vn 0.5829 -0.8080 0.0861
vn 0.5827 -0.8084 0.0831
vn 0.6350 -0.7690 0.0737
vn 0.5841 -0.8089 0.0667
vn 0.6605 -0.7478 0.0680
vn -0.4206 0.8527 0.3098
vn -0.3900 0.8775 0.2791
vn -0.7454 0.5960 0.2985
vn -0.7455 0.5958 0.2987
vn -0.7454 0.5959 0.2987
vn -0.7454 0.5960 0.2986
vn 0.0729 -0.9909 0.1131
vn 0.0729 -0.9909 0.1128
vn 0.0730 -0.9909 0.1135
vn 0.0728 -0.9909 0.1130
vn 0.0726 -0.9911 0.1113
vn 0.0726 -0.9911 0.1116
vn 0.0727 -0.9911 0.1114
vn 0.0727 -0.9911 0.1115
vn 0.0728 -0.9910 0.1120
vn 0.0300 -0.9859 0.1647
vn 0.0474 -0.9820 0.1830
vn -0.0009 -0.9909 0.1343
vn 0.0147 -0.9889 0.1478
vn 0.0195 -0.9931 0.1155
vn 0.0195 -0.9931 0.1152
vn 0.0194 -0.9933 0.1142
vn 0.0197 -0.9930 0.1168
vn 0.0196 -0.9930 0.1165
vn 0.0196 -0.9930 0.1169
vn 0.0195 -0.9931 0.1157
vn 0.0194 -0.9932 0.1147
vn 0.0194 -0.9932 0.1146
vn 0.0193 -0.9934 0.1129
vn 0.0194 -0.9934 0.1132
vn 0.0195 -0.9933 0.1141
vn 0.0196 -0.9931 0.1157
vn -0.0095 -0.9912 0.1318
vn -0.0093 -0.9912 0.1317
vn 0.0297 -0.9894 0.1425
vn 0.0264 -0.9922 0.1215
vn 0.0273 -0.9923 0.1211
vn 0.0306 -0.9894 0.1420
vn 0.0321 -0.9859 0.1640
vn 0.0279 -0.9893 0.1429
vn 0.6370 0.7672 -0.0746
vn 0.5871 0.8054 -0.0815
vn 0.6621 0.7459 -0.0729
vn 0.0239 0.8728 0.4874
vn 0.0244 0.8678 0.4964
vn 0.0221 0.8664 0.4989
vn 0.0229 0.8601 0.5096
vn -0.3842 -0.8814 -0.2748
vn -0.6086 -0.7895 0.0797
vn -0.5828 -0.8084 0.0831
vn -0.5829 -0.8079 0.0861
vn -0.5830 -0.8079 0.0863
vn -0.6598 -0.7476 0.0754
vn -0.6351 -0.7689 0.0738
vn 0.4026 0.8686 0.2887
vn 0.3900 0.8775 0.2791
vn -0.0204 -0.8708 -0.4912
vn 0.0251 0.8814 0.4717
vn 0.7454 0.5959 0.2987
vn 0.7455 0.5958 0.2988
vn 0.0745 0.8770 -0.4747
vn 0.0807 0.9551 -0.2850
vn 0.0866 0.9545 -0.2854
vn 0.0107 0.8778 -0.4790
vn 0.0090 0.8713 -0.4907
vn 0.0008 0.9619 -0.2733
vn 0.0040 0.9295 -0.3688
vn 0.0389 0.9590 -0.2808
vn 0.0388 0.9590 -0.2808
vn 0.0389 0.9261 -0.3753
vn 0.0370 0.8696 -0.4923
vn 0.2256 0.9726 -0.0556
vn 0.2255 0.9726 -0.0556
vn 0.2287 0.9715 -0.0621
vn 0.2290 0.9714 -0.0620
vn 0.2291 0.9714 -0.0624
vn 0.1879 0.9808 -0.0518
vn 0.2216 0.9737 -0.0526
vn 0.2183 0.9744 -0.0546
vn 0.1957 0.9789 -0.0588
vn 0.2021 0.9774 -0.0628
vn 0.2055 0.9762 -0.0696
vn 0.2311 0.9703 -0.0714
vn 0.2328 0.9699 -0.0719
vn 0.1980 0.9776 -0.0713
vn 0.1980 0.9776 -0.0714
vn 0.1924 0.9794 -0.0613
vn 0.1899 0.9803 -0.0548
vn 0.2644 0.9209 -0.2866
vn 0.2983 0.9304 -0.2130
vn 0.3621 0.9109 -0.1977
vn 0.3621 0.9109 -0.1978
vn 0.3621 0.9110 -0.1977
vn 0.3090 0.9201 -0.2407
vn 0.1880 0.9698 -0.1552
vn 0.1731 0.9687 -0.1781
vn 0.1811 0.9661 -0.1837
vn 0.1811 0.9662 -0.1837
vn 0.1694 0.9686 -0.1821
vn 0.1434 0.9742 -0.1744
vn 0.1543 0.9820 -0.1091
vn 0.1865 0.9774 -0.0999
vn 0.1842 0.9751 -0.1236
vn 0.1797 0.9722 -0.1502
vn 0.0984 0.8901 -0.4450
vn 0.0841 0.9325 -0.3513
vn 0.0757 0.9423 -0.3260
vn 0.0862 0.9296 -0.3584
vn 0.0956 0.8939 -0.4380
vn 0.0956 0.8939 -0.4379
vn 0.0933 0.8824 -0.4611
vn 0.0761 0.9566 -0.2814
vn 0.0760 0.9566 -0.2815
vn 0.0692 0.9589 -0.2753
vn 0.0584 0.9670 -0.2479
vn 0.0694 0.9600 -0.2714
vn 0.0805 0.9511 -0.2981
vn 0.0991 0.9221 -0.3740
vn 0.1114 0.8917 -0.4387
vn -0.0019 0.9984 -0.0568
vn -0.0022 0.9986 -0.0523
vn 0.0019 0.9988 -0.0491
vn 0.0105 0.9922 0.1238
vn 0.0105 0.9922 0.1239
vn 0.0378 0.9992 0.0124
vn -0.0027 0.9999 0.0161
vn -0.0053 1.0000 0.0084
vn 0.0496 0.9958 0.0764
vn 0.0379 0.9985 -0.0384
vn 0.0380 0.9985 -0.0384
vn 0.0641 0.9974 -0.0342
vn 0.0976 0.9946 -0.0341
vn 0.0556 0.9984 0.0117
vn 0.0383 0.9567 0.2887
vn 0.1890 0.9814 0.0342
vn 0.1965 0.9803 -0.0208
vn 0.1465 0.9892 0.0019
vn 0.1047 0.9935 -0.0453
vn 0.0700 0.9970 -0.0342
vn 0.0700 0.9970 -0.0341
vn 0.0822 0.9957 -0.0417
vn 0.0904 0.9957 -0.0182
vn 0.1207 0.9914 -0.0514
vn 0.1184 0.9915 -0.0533
vn 0.0966 0.9941 -0.0493
vn 0.0966 0.9941 -0.0494
vn 0.0531 0.9976 -0.0433
vn 0.0454 0.9982 -0.0397
vn 0.0454 0.9982 -0.0398
vn 0.0076 0.9976 -0.0687
vn 0.0075 0.9976 -0.0688
vn 0.0154 0.9976 -0.0681
vn 0.0043 0.9978 -0.0658
vn 0.0042 0.9978 -0.0658
vn 0.0127 0.9978 -0.0651
vn 0.0108 0.9974 -0.0717
vn 0.0267 0.9971 -0.0715
vn 0.0258 0.9976 -0.0647
vn 0.0257 0.9976 -0.0647
vn 0.0088 0.9981 -0.0604
vn 0.0010 0.9981 -0.0618
vn -0.0027 0.9980 -0.0633
vn -0.0027 0.9980 -0.0632
vn -0.0001 0.9978 -0.0667
vn 0.0033 0.9976 -0.0697
vn 0.1049 0.9922 -0.0668
vn 0.0754 0.9944 -0.0743
vn 0.0760 0.9950 -0.0648
vn 0.0850 0.9951 -0.0495
vn 0.1070 0.9920 -0.0675
vn 0.1068 0.9920 -0.0675
vn 0.1065 0.9920 -0.0674
vn 0.1034 0.9920 -0.0723
vn 0.1035 0.9920 -0.0723
vn 0.0056 0.9970 -0.0768
vn 0.0041 0.9971 -0.0762
vn 0.0041 0.9971 -0.0761
vn 0.0014 0.9976 -0.0688
vn 0.0085 0.9966 -0.0819
vn 0.0074 0.9966 -0.0817
vn 0.0053 0.9966 -0.0817
vn 0.0020 0.9967 -0.0816
vn 0.0019 0.9971 -0.0758
vn 0.0011 0.9978 -0.0662
vn -0.0007 0.9989 -0.0460
vn -0.0007 0.9989 -0.0461
vn -0.0020 0.9983 -0.0576
vn 0.1746 0.9821 -0.0700
vn 0.1518 0.9863 -0.0644
vn 0.1619 0.9851 -0.0586
vn 0.1372 0.9891 -0.0535
vn 0.2103 0.9741 -0.0833
vn 0.1513 0.9863 -0.0664
vn 0.1051 0.9941 -0.0257
vn 0.2624 0.9633 -0.0556
vn 0.2303 0.9712 -0.0605
vn 0.2523 0.9669 -0.0366
vn 0.2524 0.9669 -0.0366
vn 0.1525 0.9850 -0.0812
vn 0.2325 0.9680 -0.0942
vn 0.2058 0.9749 -0.0846
vn 0.2057 0.9749 -0.0846
vn 0.2344 0.9684 -0.0852
vn 0.2303 0.9696 -0.0829
vn 0.2047 0.9757 -0.0787
vn 0.1985 0.9765 -0.0837
vn 0.1915 0.9779 -0.0837
vn 0.2171 0.9717 -0.0929
vn 0.2180 0.9711 -0.0972
vn 0.2135 0.9724 -0.0942
vn 0.0237 0.9968 -0.0767
vn 0.0376 0.9971 -0.0662
vn 0.0456 0.9957 -0.0812
vn 0.0296 0.9962 -0.0816
vn 0.0201 0.9964 -0.0818
vn 0.0152 0.9965 -0.0821
vn 0.0195 0.9968 -0.0777
vn 0.0267 0.9972 -0.0703
vn 0.0288 0.9981 -0.0554
vn 0.0408 0.9981 -0.0461
vn 0.0509 0.9977 -0.0445
vn 0.0529 0.9965 -0.0651
vn 0.0504 0.9959 -0.0751
vn 0.0313 0.9822 -0.1851
vn 0.0315 0.9828 -0.1821
vn 0.0370 0.9739 -0.2241
vn 0.0369 0.9739 -0.2241
vn 0.0332 0.9775 -0.2084
vn 0.0179 0.9906 -0.1353
vn 0.0180 0.9906 -0.1353
vn 0.0202 0.9905 -0.1360
vn 0.0206 0.9905 -0.1359
vn 0.0328 0.9899 -0.1378
vn 0.0349 0.9817 -0.1871
vn 0.0045 0.9835 -0.1807
vn 0.0046 0.9835 -0.1807
vn 0.0066 0.9879 -0.1546
vn 0.0035 0.9795 -0.2016
vn 0.0009 0.9759 -0.2183
vn 0.0010 0.9759 -0.2183
vn 0.0021 0.9833 -0.1821
vn 0.0024 0.9879 -0.1552
vn 0.0027 0.9910 -0.1339
vn 0.0095 0.9909 -0.1342
vn 0.0108 0.9909 -0.1343
vn 0.0094 0.9884 -0.1514
vn 0.0041 0.9851 -0.1720
vn 0.0604 0.9958 -0.0693
vn 0.0777 0.9945 -0.0701
vn 0.0846 0.9943 -0.0653
vn 0.0415 0.9965 -0.0721
vn 0.0570 0.9957 -0.0731
vn 0.0720 0.9946 -0.0741
vn 0.0856 0.9935 -0.0751
vn 0.1113 0.9920 -0.0590
vn 0.0654 0.9962 -0.0566
vn 0.0427 0.9974 -0.0577
vn 0.0426 0.9974 -0.0577
vn 0.0439 0.9970 -0.0645
vn 0.0429 0.9967 -0.0686
vn 0.0428 0.9967 -0.0686
vn 0.0738 0.9782 -0.1940
vn 0.0638 0.9846 -0.1628
vn 0.0702 0.9841 -0.1630
vn 0.0703 0.9841 -0.1630
vn 0.0744 0.9701 -0.2312
vn 0.0947 0.9698 -0.2248
vn 0.0790 0.9788 -0.1888
vn 0.0662 0.9880 -0.1392
vn 0.0661 0.9881 -0.1392
vn 0.0638 0.9883 -0.1386
vn 0.0572 0.9888 -0.1375
vn 0.0494 0.9894 -0.1362
vn 0.0655 0.9790 -0.1929
vn 0.0454 0.9812 -0.1873
vn 0.0554 0.9855 -0.1604
vn 0.0554 0.9855 -0.1603
vn 0.0497 0.9857 -0.1611
vn 0.0403 0.9736 -0.2248
vn 0.0407 0.9813 -0.1882
vn 0.0420 0.9861 -0.1608
vn 0.0433 0.9894 -0.1388
vn 0.0432 0.9894 -0.1388
vn 0.0528 0.9888 -0.1395
vn 0.0599 0.9884 -0.1396
vn 0.0600 0.9884 -0.1396
vn 0.0645 0.9881 -0.1395
vn 0.0621 0.9852 -0.1599
vn 0.0102 0.9973 -0.0731
vn 0.0028 0.9978 -0.0659
vn 0.0073 0.9980 -0.0624
vn 0.0083 0.9979 -0.0635
vn 0.0199 0.9972 -0.0717
vn 0.0193 0.9972 -0.0724
vn 0.0147 0.9969 -0.0779
vn 0.0144 0.9969 -0.0777
vn 0.0071 0.9970 -0.0767
vn 0.0228 0.9969 -0.0753
vn 0.0018 0.9975 -0.0709
vn 0.0062 0.9971 -0.0757
vn 0.0003 0.9980 -0.0629
vn 0.0004 0.9980 -0.0628
vn 0.0036 0.9982 -0.0599
vn 0.0437 0.9970 -0.0644
vn 0.0438 0.9970 -0.0644
vn 0.0656 0.9951 -0.0739
vn 0.0536 0.9958 -0.0745
vn 0.0530 0.9960 -0.0713
vn 0.0530 0.9960 -0.0714
vn 0.0340 0.9967 -0.0742
vn 0.0545 0.9801 -0.1908
vn 0.0547 0.9805 -0.1885
vn 0.0494 0.9854 -0.1631
vn 0.0481 0.9856 -0.1618
vn 0.0647 0.9701 -0.2337
vn 0.0648 0.9702 -0.2337
vn 0.0631 0.9724 -0.2246
vn 0.0516 0.9815 -0.1843
vn 0.0461 0.9860 -0.1601
vn 0.0459 0.9860 -0.1601
vn 0.0410 0.9894 -0.1395
vn 0.0432 0.9891 -0.1409
vn 0.0448 0.9888 -0.1426
vn 0.0498 0.9880 -0.1459
vn 0.0526 0.9849 -0.1648
vn 0.0562 0.9798 -0.1920
vn 0.0563 0.9798 -0.1920
vn 0.0516 0.9805 -0.1898
vn 0.0421 0.9863 -0.1594
vn 0.0455 0.9860 -0.1605
vn 0.0592 0.9724 -0.2256
vn 0.0675 0.9710 -0.2293
vn 0.0595 0.9796 -0.1918
vn 0.0504 0.9857 -0.1611
vn 0.0384 0.9900 -0.1355
vn 0.0384 0.9900 -0.1354
vn 0.0371 0.9900 -0.1363
vn 0.0384 0.9897 -0.1378
vn 0.0426 0.9864 -0.1589
vn 0.0425 0.9864 -0.1589
vn 0.0443 0.9823 -0.1819
vn 0.1576 0.9770 -0.1435
vn 0.2333 0.9555 -0.1804
vn 0.1491 0.9752 -0.1635
vn 0.1561 0.9772 -0.1436
vn 0.1546 0.9807 -0.1196
vn 0.1547 0.9807 -0.1196
vn 0.1487 0.9840 -0.0978
vn 0.2931 0.9443 -0.1497
vn 0.1542 0.9673 -0.2013
vn 0.1175 0.9711 -0.2077
vn 0.1183 0.9728 -0.1992
vn 0.1876 0.9487 -0.2545
vn 0.1777 0.9563 -0.2322
vn 0.1878 0.9449 -0.2681
vn 0.1763 0.9535 -0.2445
vn 0.1609 0.9626 -0.2181
vn 0.1721 0.9628 -0.2082
vn 0.1784 0.9609 -0.2116
vn 0.1461 0.9641 -0.2216
vn 0.0938 0.9941 -0.0538
vn 0.0908 0.9943 -0.0552
vn 0.0910 0.9943 -0.0552
vn 0.0951 0.9937 -0.0597
vn 0.0882 0.9947 -0.0529
vn 0.0881 0.9947 -0.0530
vn 0.0909 0.9944 -0.0530
vn 0.0906 0.9945 -0.0531
vn 0.1279 0.9904 -0.0522
vn 0.1279 0.9903 -0.0549
vn 0.1305 0.9896 -0.0605
vn 0.1381 0.9880 -0.0695
vn 0.1006 0.9932 -0.0586
vn 0.1268 0.9886 -0.0817
vn 0.1364 0.9885 -0.0655
vn 0.1323 0.9896 -0.0567
vn 0.1324 0.9896 -0.0567
vn 0.1295 0.9902 -0.0525
vn 0.0934 0.9942 -0.0540
vn 0.0917 0.9942 -0.0559
vn 0.2120 0.9749 -0.0675
vn 0.2006 0.9772 -0.0694
vn 0.2148 0.9749 -0.0578
vn 0.1875 0.9790 -0.0802
vn 0.2087 0.9745 -0.0826
vn 0.1629 0.9841 -0.0714
vn 0.1777 0.9824 -0.0580
vn 0.1871 0.9810 -0.0521
vn 0.1868 0.9808 -0.0568
vn 0.1871 0.9801 -0.0660
vn 0.1873 0.9801 -0.0659
vn 0.1872 0.9801 -0.0660
vn 0.1680 0.9323 -0.3203
vn 0.1339 0.9487 -0.2865
vn 0.1280 0.9104 -0.3935
vn 0.1281 0.9104 -0.3934
vn 0.0911 0.9479 -0.3052
vn 0.0911 0.9479 -0.3051
vn 0.1164 0.9181 -0.3788
vn 0.1165 0.9181 -0.3788
vn 0.1216 0.9638 -0.2373
vn 0.1463 0.9572 -0.2499
vn 0.1524 0.9261 -0.3452
vn 0.1410 0.8797 -0.4541
vn 0.1383 0.8801 -0.4542
vn 0.1385 0.8802 -0.4540
vn 0.1429 0.9026 -0.4061
vn 0.1148 0.9911 -0.0674
vn 0.1148 0.9911 -0.0673
vn 0.1393 0.9878 -0.0702
vn 0.0835 0.9947 -0.0600
vn 0.1085 0.9923 -0.0598
vn 0.1084 0.9923 -0.0599
vn 0.1306 0.9894 -0.0627
vn 0.1495 0.9864 -0.0681
vn 0.1720 0.9822 -0.0750
vn 0.1462 0.9866 -0.0731
vn 0.1215 0.9900 -0.0723
vn 0.0946 0.9930 -0.0712
vn 0.0882 0.9937 -0.0688
vn 0.0846 0.9943 -0.0656
vn 0.1098 0.9915 -0.0699
vn 0.1035 0.9924 -0.0672
vn 0.1179 0.9904 -0.0725
vn 0.1424 0.9873 -0.0699
vn 0.0978 0.9929 -0.0671
vn 0.0774 0.9947 -0.0684
vn 0.0792 0.9944 -0.0692
vn 0.0839 0.9938 -0.0730
vn 0.0913 0.9933 -0.0713
vn 0.0814 0.9937 -0.0771
vn 0.0535 0.9952 -0.0821
vn 0.0535 0.9952 -0.0820
vn 0.0511 0.9954 -0.0808
vn 0.0514 0.9959 -0.0751
vn 0.0800 0.9926 -0.0911
vn 0.0395 0.9947 -0.0951
vn 0.0338 0.9956 -0.0879
vn 0.0574 0.9940 -0.0933
vn 0.0372 0.9962 -0.0781
vn 0.0319 0.9959 -0.0844
vn 0.0621 0.9900 -0.1264
vn 0.0824 0.9882 -0.1290
vn 0.0451 0.9929 -0.1101
vn 0.0450 0.9929 -0.1102
vn 0.0613 0.9919 -0.1111
vn 0.1110 0.9877 -0.1104
vn 0.1100 0.9852 -0.1311
vn 0.1100 0.9853 -0.1311
vn 0.1101 0.9827 -0.1488
vn 0.1122 0.9801 -0.1638
vn 0.0879 0.9841 -0.1546
vn 0.0554 0.9887 -0.1392
vn 0.0452 0.9916 -0.1209
vn 0.0744 0.9826 -0.1705
vn 0.0956 0.9792 -0.1788
vn 0.1007 0.9743 -0.2017
vn 0.1006 0.9743 -0.2018
vn 0.0591 0.9868 -0.1506
vn 0.0729 0.9850 -0.1563
vn 0.0916 0.9821 -0.1646
vn 0.0915 0.9821 -0.1646
vn 0.1171 0.9771 -0.1776
vn 0.1259 0.9727 -0.1952
vn 0.0846 0.9678 -0.2371
vn 0.0699 0.9693 -0.2357
vn 0.0699 0.9693 -0.2358
vn 0.0608 0.9841 -0.1668
vn 0.0280 0.9941 -0.1050
vn 0.0182 0.9958 -0.0896
vn 0.0110 0.9959 -0.0896
vn 0.0111 0.9959 -0.0896
vn 0.0211 0.9946 -0.1014
vn 0.0447 0.9903 -0.1319
vn 0.0268 0.9945 -0.1014
vn 0.0122 0.9968 -0.0790
vn 0.0122 0.9968 -0.0789
vn 0.0190 0.9960 -0.0875
vn 0.0125 0.9965 -0.0824
vn 0.0176 0.9960 -0.0880
vn 0.0082 0.9966 -0.0814
vn 0.0229 0.9953 -0.0940
vn 0.0522 0.9938 -0.0984
vn 0.0523 0.9938 -0.0984
vn 0.0523 0.9949 -0.0859
vn 0.0522 0.9949 -0.0859
vn 0.0444 0.9924 -0.1144
vn 0.0445 0.9924 -0.1144
vn 0.0446 0.9924 -0.1144
vn 0.0538 0.9918 -0.1158
vn 0.0617 0.9912 -0.1172
vn 0.0616 0.9912 -0.1172
vn 0.0666 0.9907 -0.1185
vn 0.0690 0.9925 -0.1011
vn 0.0734 0.9934 -0.0884
vn 0.0790 0.9937 -0.0801
vn 0.0676 0.9946 -0.0789
vn 0.0540 0.9955 -0.0779
vn 0.0397 0.9963 -0.0769
vn 0.0397 0.9956 -0.0848
vn 0.0415 0.9944 -0.0970
vn 0.0244 0.9942 -0.1043
vn 0.0185 0.9944 -0.1040
vn 0.0256 0.9953 -0.0935
vn 0.0184 0.9955 -0.0934
vn 0.0242 0.9926 -0.1190
vn 0.0189 0.9928 -0.1185
vn 0.0163 0.9929 -0.1182
vn 0.0156 0.9945 -0.1038
vn 0.0151 0.9961 -0.0864
vn 0.0190 0.9961 -0.0864
vn 0.0192 0.9961 -0.0863
vn 0.0273 0.9959 -0.0864
vn 0.0377 0.9949 -0.0936
vn 0.0352 0.9939 -0.1046
vn 0.0258 0.9950 -0.0960
vn 0.0186 0.9963 -0.0841
vn 0.0187 0.9963 -0.0841
vn 0.0218 0.9963 -0.0836
vn 0.0318 0.9926 -0.1168
vn 0.0319 0.9926 -0.1168
vn 0.0315 0.9930 -0.1135
vn 0.0313 0.9949 -0.0961
vn 0.0290 0.9961 -0.0837
vn 0.0273 0.9967 -0.0760
vn 0.0189 0.9969 -0.0758
vn 0.0144 0.9970 -0.0762
vn 0.0123 0.9969 -0.0773
vn 0.0245 0.9948 -0.0987
vn 0.0684 0.9923 -0.1036
vn 0.0607 0.9927 -0.1045
vn 0.0761 0.9929 -0.0913
vn 0.0669 0.9906 -0.1194
vn 0.0632 0.9908 -0.1201
vn 0.0559 0.9912 -0.1204
vn 0.0488 0.9933 -0.1048
vn 0.0860 0.9928 -0.0830
vn 0.0863 0.9929 -0.0815
vn 0.0713 0.9922 -0.1024
vn 0.0077 0.9946 -0.1032
vn 0.0055 0.9947 -0.1031
vn 0.0073 0.9956 -0.0931
vn 0.0052 0.9956 -0.0931
vn 0.0100 0.9930 -0.1174
vn 0.0087 0.9931 -0.1171
vn 0.0057 0.9931 -0.1171
vn 0.0023 0.9932 -0.1168
vn 0.0021 0.9947 -0.1031
vn 0.0020 0.9957 -0.0931
vn 0.0051 0.9963 -0.0863
vn 0.0073 0.9962 -0.0863
vn 0.0083 0.9962 -0.0863
vn 0.0083 0.9956 -0.0931
vn 0.0089 0.9946 -0.1033
vn -0.0747 0.8770 -0.4746
vn -0.0807 0.9551 -0.2850
vn -0.0866 0.9545 -0.2854
vn -0.0858 0.9248 -0.3707
vn -0.0435 0.9584 -0.2822
vn -0.0535 0.9234 -0.3800
vn -0.0106 0.8778 -0.4790
vn -0.0091 0.8713 -0.4907
vn -0.0375 0.8697 -0.4922
vn -0.0376 0.8697 -0.4921
vn -0.0389 0.9590 -0.2808
vn -0.0388 0.9590 -0.2808
vn -0.0388 0.9261 -0.3753
vn -0.0179 0.9712 -0.2377
vn -0.0007 0.9619 -0.2734
vn -0.0006 0.9619 -0.2734
vn -0.0038 0.9295 -0.3689
vn -0.2255 0.9727 -0.0556
vn -0.2293 0.9714 -0.0619
vn -0.2292 0.9714 -0.0624
vn -0.1888 0.9807 -0.0515
vn -0.1901 0.9802 -0.0547
vn -0.1934 0.9792 -0.0610
vn -0.1983 0.9776 -0.0713
vn -0.1983 0.9775 -0.0712
vn -0.1984 0.9775 -0.0712
vn -0.2324 0.9700 -0.0721
vn -0.2053 0.9762 -0.0697
vn -0.2021 0.9773 -0.0628
vn -0.1958 0.9789 -0.0588
vn -0.2183 0.9744 -0.0545
vn -0.2218 0.9737 -0.0526
vn -0.4109 0.8796 -0.2397
vn -0.2983 0.9304 -0.2131
vn -0.3090 0.9201 -0.2408
vn -0.3623 0.9108 -0.1978
vn -0.3621 0.9109 -0.1978
vn -0.2644 0.9209 -0.2866
vn -0.1740 0.9722 -0.1565
vn -0.1730 0.9687 -0.1781
vn -0.1798 0.9722 -0.1502
vn -0.1844 0.9751 -0.1236
vn -0.1867 0.9773 -0.0998
vn -0.1904 0.9759 -0.1065
vn -0.1438 0.9741 -0.1744
vn -0.1695 0.9686 -0.1821
vn -0.1812 0.9661 -0.1837
vn -0.0955 0.8939 -0.4381
vn -0.0862 0.9296 -0.3584
vn -0.0758 0.9423 -0.3260
vn -0.0933 0.8824 -0.4611
vn -0.0737 0.9551 -0.2870
vn -0.0695 0.9600 -0.2714
vn -0.0760 0.9565 -0.2815
vn -0.0759 0.9565 -0.2815
vn -0.0759 0.9565 -0.2816
vn -0.0865 0.9270 -0.3650
vn -0.0692 0.9589 -0.2752
vn -0.0812 0.9955 -0.0493
vn -0.1001 0.9937 -0.0505
vn -0.0788 0.9957 -0.0484
vn -0.0969 0.9941 -0.0484
vn -0.1086 0.9928 -0.0511
vn -0.1125 0.9922 -0.0532
vn -0.1125 0.9922 -0.0531
vn -0.1125 0.9922 -0.0529
vn -0.0559 0.9971 -0.0516
vn 0.0019 0.9984 -0.0568
vn -0.0019 0.9988 -0.0491
vn 0.0022 0.9986 -0.0523
vn 0.1149 -0.9827 0.1456
vn -0.0071 0.9935 0.1135
vn -0.0106 0.9922 0.1239
vn -0.0378 0.9992 0.0124
vn 0.0027 0.9999 0.0161
vn 0.0053 1.0000 0.0084
vn -0.0496 0.9958 0.0764
vn -0.0379 0.9985 -0.0384
vn -0.0641 0.9974 -0.0341
vn -0.0557 0.9984 0.0117
vn -0.0383 0.9566 0.2887
vn -0.1090 0.9931 -0.0426
vn -0.0976 0.9946 -0.0341
vn -0.1966 0.9803 -0.0211
vn -0.1890 0.9814 0.0342
vn -0.0910 0.9952 -0.0355
vn -0.0700 0.9970 -0.0340
vn -0.1047 0.9935 -0.0453
vn -0.0822 0.9957 -0.0417
vn -0.0904 0.9957 -0.0182
vn -0.0454 0.9982 -0.0402
vn -0.0966 0.9941 -0.0493
vn -0.1184 0.9915 -0.0533
vn -0.1207 0.9914 -0.0514
vn -0.0074 0.9976 -0.0688
vn -0.0043 0.9978 -0.0658
vn -0.0126 0.9978 -0.0651
vn -0.0074 0.9973 -0.0728
vn -0.0031 0.9976 -0.0698
vn 0.0000 0.9978 -0.0668
vn 0.0027 0.9980 -0.0633
vn 0.0027 0.9980 -0.0632
vn -0.0009 0.9981 -0.0618
vn -0.0010 0.9981 -0.0618
vn -0.0088 0.9981 -0.0604
vn -0.0223 0.9980 -0.0591
vn -0.0257 0.9976 -0.0647
vn -0.0272 0.9971 -0.0714
vn -0.0168 0.9973 -0.0713
vn -0.0107 0.9974 -0.0717
vn -0.1054 0.9917 -0.0730
vn -0.0961 0.9926 -0.0736
vn -0.0957 0.9932 -0.0656
vn -0.0957 0.9925 -0.0763
vn -0.1034 0.9920 -0.0723
vn -0.1035 0.9920 -0.0723
vn -0.1065 0.9920 -0.0674
vn -0.0850 0.9951 -0.0495
vn -0.0760 0.9950 -0.0648
vn -0.0754 0.9944 -0.0743
vn -0.0056 0.9970 -0.0768
vn -0.0014 0.9976 -0.0688
vn -0.0041 0.9971 -0.0761
vn -0.0041 0.9971 -0.0762
vn -0.0015 0.9977 -0.0671
vn -0.0081 0.9966 -0.0820
vn -0.0062 0.9970 -0.0777
vn 0.0020 0.9983 -0.0576
vn 0.0009 0.9989 -0.0461
vn 0.0008 0.9989 -0.0461
vn -0.0002 0.9978 -0.0665
vn -0.0014 0.9971 -0.0759
vn -0.0019 0.9967 -0.0816
vn -0.0051 0.9966 -0.0817
vn -0.0074 0.9966 -0.0817
vn -0.1745 0.9822 -0.0700
vn -0.1746 0.9822 -0.0700
vn -0.2102 0.9741 -0.0833
vn -0.1948 0.9789 -0.0616
vn -0.1242 0.9917 -0.0335
vn -0.2524 0.9669 -0.0365
vn -0.2278 0.9727 -0.0451
vn -0.1526 0.9850 -0.0811
vn -0.2324 0.9680 -0.0942
vn -0.2324 0.9681 -0.0942
vn -0.2060 0.9749 -0.0845
vn -0.2136 0.9724 -0.0941
vn -0.2182 0.9711 -0.0971
vn -0.2181 0.9711 -0.0971
vn -0.2183 0.9710 -0.0971
vn -0.2168 0.9718 -0.0930
vn -0.1697 0.9826 -0.0757
vn -0.1984 0.9765 -0.0837
vn -0.2045 0.9757 -0.0788
vn -0.2302 0.9696 -0.0829
vn -0.0332 0.9966 -0.0758
vn -0.0333 0.9966 -0.0758
vn -0.0377 0.9971 -0.0662
vn -0.0239 0.9968 -0.0767
vn -0.0504 0.9959 -0.0751
vn -0.0529 0.9965 -0.0651
vn -0.0509 0.9977 -0.0445
vn -0.0510 0.9977 -0.0445
vn -0.0409 0.9981 -0.0460
vn -0.0268 0.9972 -0.0703
vn -0.0196 0.9968 -0.0777
vn -0.0162 0.9965 -0.0819
vn -0.0205 0.9964 -0.0818
vn -0.0269 0.9871 -0.1580
vn -0.0366 0.9739 -0.2241
vn -0.0332 0.9866 -0.1595
vn -0.0330 0.9899 -0.1377
vn -0.0175 0.9906 -0.1354
vn -0.0227 0.9879 -0.1537
vn -0.0332 0.9775 -0.2084
vn -0.0352 0.9745 -0.2215
vn -0.0046 0.9842 -0.1771
vn -0.0046 0.9835 -0.1806
vn -0.0066 0.9879 -0.1547
vn -0.0042 0.9851 -0.1719
vn -0.0095 0.9884 -0.1514
vn -0.0110 0.9909 -0.1343
vn -0.0096 0.9909 -0.1342
vn -0.0026 0.9910 -0.1339
vn -0.0029 0.9879 -0.1550
vn -0.0023 0.9833 -0.1821
vn -0.0011 0.9759 -0.2182
vn -0.0637 0.9959 -0.0645
vn -0.0847 0.9943 -0.0653
vn -0.0435 0.9967 -0.0685
vn -0.0433 0.9967 -0.0685
vn -0.0436 0.9970 -0.0646
vn -0.0424 0.9974 -0.0578
vn -0.0425 0.9974 -0.0577
vn -0.0655 0.9962 -0.0566
vn -0.1114 0.9920 -0.0590
vn -0.1114 0.9920 -0.0589
vn -0.0931 0.9931 -0.0712
vn -0.0722 0.9946 -0.0740
vn -0.0571 0.9957 -0.0731
vn -0.0737 0.9782 -0.1940
vn -0.0637 0.9846 -0.1628
vn -0.0739 0.9701 -0.2313
vn -0.0654 0.9790 -0.1929
vn -0.0493 0.9895 -0.1362
vn -0.0568 0.9889 -0.1375
vn -0.0633 0.9883 -0.1386
vn -0.0668 0.9880 -0.1392
vn -0.0665 0.9880 -0.1392
vn -0.0696 0.9844 -0.1615
vn -0.0947 0.9698 -0.2248
vn -0.0966 0.9675 -0.2338
vn -0.0555 0.9855 -0.1603
vn -0.0455 0.9812 -0.1873
vn -0.0498 0.9857 -0.1612
vn -0.0581 0.9814 -0.1827
vn -0.0622 0.9852 -0.1599
vn -0.0646 0.9881 -0.1395
vn -0.0601 0.9884 -0.1396
vn -0.0530 0.9888 -0.1394
vn -0.0530 0.9888 -0.1395
vn -0.0422 0.9861 -0.1608
vn -0.0408 0.9813 -0.1882
vn -0.0102 0.9973 -0.0731
vn -0.0193 0.9972 -0.0724
vn -0.0199 0.9972 -0.0718
vn -0.0200 0.9972 -0.0718
vn -0.0083 0.9979 -0.0635
vn -0.0073 0.9980 -0.0624
vn -0.0027 0.9978 -0.0659
vn -0.0034 0.9974 -0.0719
vn -0.0144 0.9969 -0.0777
vn -0.0143 0.9969 -0.0776
vn -0.0227 0.9969 -0.0759
vn -0.0228 0.9969 -0.0757
vn -0.0069 0.9970 -0.0766
vn -0.0530 0.9960 -0.0713
vn -0.0510 0.9962 -0.0713
vn -0.0537 0.9958 -0.0745
vn -0.0241 0.9983 -0.0526
vn -0.0437 0.9970 -0.0644
vn -0.0437 0.9970 -0.0645
vn -0.0211 0.9985 -0.0513
vn 0.0003 0.9977 -0.0672
vn -0.0035 0.9982 -0.0600
vn -0.0063 0.9971 -0.0757
vn -0.0019 0.9975 -0.0709
vn -0.0543 0.9801 -0.1909
vn -0.0483 0.9854 -0.1633
vn -0.0546 0.9805 -0.1886
vn -0.0478 0.9857 -0.1619
vn -0.0641 0.9701 -0.2340
vn -0.0640 0.9701 -0.2341
vn -0.0564 0.9798 -0.1920
vn -0.0563 0.9798 -0.1920
vn -0.0531 0.9849 -0.1647
vn -0.0496 0.9880 -0.1460
vn -0.0446 0.9888 -0.1427
vn -0.0428 0.9891 -0.1410
vn -0.0427 0.9891 -0.1410
vn -0.0409 0.9894 -0.1395
vn -0.0453 0.9860 -0.1602
vn -0.0457 0.9860 -0.1602
vn -0.0515 0.9815 -0.1843
vn -0.0598 0.9747 -0.2152
vn -0.0630 0.9724 -0.2246
vn -0.0625 0.9711 -0.2301
vn -0.0426 0.9863 -0.1594
vn -0.0424 0.9863 -0.1594
vn -0.0528 0.9804 -0.1896
vn -0.0454 0.9860 -0.1605
vn -0.0448 0.9767 -0.2099
vn -0.0444 0.9823 -0.1818
vn -0.0445 0.9823 -0.1818
vn -0.0428 0.9864 -0.1589
vn -0.0380 0.9897 -0.1378
vn -0.0381 0.9897 -0.1378
vn -0.0371 0.9900 -0.1363
vn -0.0382 0.9900 -0.1355
vn -0.0383 0.9900 -0.1355
vn -0.0422 0.9899 -0.1353
vn -0.0502 0.9857 -0.1611
vn -0.0592 0.9796 -0.1919
vn -0.0591 0.9796 -0.1919
vn -0.0681 0.9710 -0.2292
vn -0.1964 0.9688 -0.1512
vn -0.1578 0.9770 -0.1435
vn -0.1558 0.9802 -0.1225
vn -0.1558 0.9802 -0.1226
vn -0.2332 0.9556 -0.1803
vn -0.2705 0.9479 -0.1683
vn -0.1486 0.9840 -0.0978
vn -0.1544 0.9807 -0.1197
vn -0.1564 0.9772 -0.1436
vn -0.1543 0.9673 -0.2013
vn -0.1172 0.9735 -0.1966
vn -0.1234 0.9741 -0.1895
vn -0.2161 0.9550 -0.2033
vn -0.1615 0.9693 -0.1855
vn -0.1269 0.9723 -0.1961
vn -0.1184 0.9728 -0.1992
vn -0.1729 0.9543 -0.2437
vn -0.1778 0.9563 -0.2322
vn -0.1874 0.9487 -0.2545
vn -0.1802 0.9557 -0.2330
vn -0.1462 0.9641 -0.2216
vn -0.1787 0.9609 -0.2116
vn -0.1719 0.9629 -0.2082
vn -0.1720 0.9629 -0.2082
vn -0.1487 0.9695 -0.1949
vn -0.1894 0.9447 -0.2679
vn -0.1879 0.9449 -0.2681
vn -0.0938 0.9941 -0.0537
vn -0.0912 0.9943 -0.0551
vn -0.0911 0.9943 -0.0551
vn -0.0952 0.9937 -0.0597
vn -0.0953 0.9937 -0.0596
vn -0.1382 0.9880 -0.0694
vn -0.1307 0.9896 -0.0605
vn -0.1278 0.9903 -0.0549
vn -0.1278 0.9904 -0.0522
vn -0.0900 0.9945 -0.0533
vn -0.0904 0.9945 -0.0532
vn -0.0882 0.9947 -0.0529
vn -0.1332 0.9885 -0.0722
vn -0.0917 0.9942 -0.0559
vn -0.0932 0.9942 -0.0540
vn -0.1292 0.9902 -0.0526
vn -0.1291 0.9902 -0.0526
vn -0.1362 0.9885 -0.0655
vn -0.1363 0.9885 -0.0655
vn -0.1268 0.9886 -0.0818
vn -0.2121 0.9749 -0.0674
vn -0.2148 0.9749 -0.0577
vn -0.2008 0.9772 -0.0693
vn -0.1874 0.9790 -0.0803
vn -0.1876 0.9800 -0.0658
vn -0.1874 0.9807 -0.0565
vn -0.1875 0.9806 -0.0565
vn -0.1879 0.9808 -0.0518
vn -0.2180 0.9745 -0.0529
vn -0.2115 0.9758 -0.0551
vn -0.1776 0.9824 -0.0580
vn -0.1691 0.9836 -0.0624
vn -0.1629 0.9841 -0.0713
vn -0.2089 0.9745 -0.0825
vn -0.1276 0.9104 -0.3937
vn -0.1277 0.9104 -0.3936
vn -0.1339 0.9487 -0.2865
vn -0.1679 0.9323 -0.3203
vn -0.1430 0.8751 -0.4623
vn -0.1408 0.8797 -0.4543
vn -0.1427 0.9026 -0.4062
vn -0.1386 0.8802 -0.4539
vn -0.1463 0.9572 -0.2499
vn -0.1216 0.9638 -0.2373
vn -0.1822 0.9416 -0.2832
vn -0.1815 0.9430 -0.2789
vn -0.0911 0.9479 -0.3052
vn -0.1161 0.9178 -0.3797
vn -0.1162 0.9179 -0.3794
vn -0.1110 0.9456 -0.3059
vn -0.1149 0.9911 -0.0673
vn -0.1394 0.9877 -0.0702
vn -0.1446 0.9868 -0.0735
vn -0.0835 0.9947 -0.0601
vn -0.0834 0.9947 -0.0601
vn -0.0843 0.9943 -0.0659
vn -0.0882 0.9937 -0.0687
vn -0.0947 0.9930 -0.0712
vn -0.1216 0.9899 -0.0722
vn -0.1461 0.9866 -0.0731
vn -0.1720 0.9822 -0.0750
vn -0.1496 0.9864 -0.0681
vn -0.1308 0.9894 -0.0626
vn -0.1086 0.9923 -0.0597
vn -0.1097 0.9915 -0.0700
vn -0.1098 0.9915 -0.0700
vn -0.0839 0.9938 -0.0730
vn -0.0793 0.9944 -0.0693
vn -0.0774 0.9947 -0.0684
vn -0.0978 0.9929 -0.0671
vn -0.1560 0.9859 -0.0612
vn -0.1643 0.9843 -0.0639
vn -0.1700 0.9830 -0.0687
vn -0.1178 0.9904 -0.0725
vn -0.0535 0.9952 -0.0821
vn -0.0813 0.9937 -0.0771
vn -0.0814 0.9937 -0.0770
vn -0.0675 0.9951 -0.0722
vn -0.0514 0.9959 -0.0751
vn -0.0317 0.9959 -0.0850
vn -0.0374 0.9963 -0.0776
vn -0.0395 0.9947 -0.0951
vn -0.0338 0.9956 -0.0879
vn -0.1123 0.9897 -0.0890
vn -0.0801 0.9926 -0.0910
vn -0.0627 0.9900 -0.1261
vn -0.0819 0.9882 -0.1293
vn -0.0843 0.9861 -0.1433
vn -0.0447 0.9929 -0.1103
vn -0.0454 0.9916 -0.1208
vn -0.0453 0.9916 -0.1209
vn -0.0497 0.9903 -0.1299
vn -0.0555 0.9887 -0.1392
vn -0.0698 0.9867 -0.1467
vn -0.1123 0.9801 -0.1637
vn -0.1100 0.9827 -0.1489
vn -0.1100 0.9852 -0.1311
vn -0.1109 0.9877 -0.1104
vn -0.0813 0.9905 -0.1110
vn -0.0610 0.9919 -0.1113
vn -0.0610 0.9919 -0.1112
vn -0.0743 0.9826 -0.1705
vn -0.0955 0.9792 -0.1788
vn -0.0600 0.9868 -0.1504
vn -0.0606 0.9841 -0.1669
vn -0.0698 0.9693 -0.2358
vn -0.0845 0.9678 -0.2372
vn -0.0846 0.9678 -0.2372
vn -0.1143 0.9639 -0.2405
vn -0.1259 0.9726 -0.1952
vn -0.1172 0.9771 -0.1775
vn -0.0920 0.9821 -0.1645
vn -0.0735 0.9850 -0.1561
vn -0.0211 0.9946 -0.1013
vn -0.0110 0.9959 -0.0897
vn -0.0446 0.9903 -0.1319
vn -0.0294 0.9943 -0.1025
vn -0.0229 0.9953 -0.0939
vn -0.0125 0.9965 -0.0824
vn -0.0080 0.9966 -0.0815
vn -0.0082 0.9966 -0.0814
vn -0.0176 0.9960 -0.0880
vn -0.0123 0.9968 -0.0789
vn -0.0191 0.9960 -0.0875
vn -0.0110 0.9967 -0.0806
vn -0.0348 0.9922 -0.1195
vn -0.0268 0.9945 -0.1014
vn -0.0526 0.9938 -0.0983
vn -0.0526 0.9949 -0.0859
vn -0.0525 0.9949 -0.0859
vn -0.0440 0.9924 -0.1145
vn -0.0413 0.9944 -0.0971
vn -0.0402 0.9962 -0.0768
vn -0.0401 0.9962 -0.0768
vn -0.0543 0.9955 -0.0778
vn -0.0542 0.9955 -0.0778
vn -0.0677 0.9946 -0.0789
vn -0.0792 0.9936 -0.0801
vn -0.0692 0.9925 -0.1010
vn -0.0619 0.9912 -0.1172
vn -0.0537 0.9918 -0.1158
vn -0.0249 0.9942 -0.1043
vn -0.0261 0.9953 -0.0934
vn -0.0187 0.9944 -0.1039
vn -0.0188 0.9955 -0.0933
vn -0.0340 0.9923 -0.1195
vn -0.0350 0.9939 -0.1046
vn -0.0379 0.9949 -0.0935
vn -0.0278 0.9959 -0.0863
vn -0.0277 0.9959 -0.0863
vn -0.0191 0.9961 -0.0864
vn -0.0194 0.9961 -0.0863
vn -0.0153 0.9961 -0.0863
vn -0.0154 0.9945 -0.1038
vn -0.0161 0.9929 -0.1182
vn -0.0190 0.9928 -0.1185
vn -0.0249 0.9926 -0.1189
vn -0.0237 0.9950 -0.0969
vn -0.0183 0.9963 -0.0842
vn -0.0216 0.9963 -0.0836
vn -0.0317 0.9927 -0.1168
vn -0.0316 0.9927 -0.1168
vn -0.0244 0.9948 -0.0987
vn -0.0178 0.9962 -0.0855
vn -0.0143 0.9970 -0.0762
vn -0.0191 0.9969 -0.0757
vn -0.0189 0.9969 -0.0758
vn -0.0190 0.9969 -0.0757
vn -0.0272 0.9967 -0.0760
vn -0.0282 0.9961 -0.0839
vn -0.0359 0.9929 -0.1135
vn -0.0313 0.9930 -0.1136
vn -0.0304 0.9929 -0.1147
vn -0.0762 0.9929 -0.0913
vn -0.0678 0.9934 -0.0926
vn -0.0671 0.9906 -0.1194
vn -0.0714 0.9922 -0.1023
vn -0.0864 0.9929 -0.0814
vn -0.0863 0.9929 -0.0814
vn -0.0861 0.9928 -0.0830
vn -0.0770 0.9934 -0.0846
vn -0.0538 0.9942 -0.0934
vn -0.0539 0.9942 -0.0934
vn -0.0489 0.9933 -0.1048
vn -0.0560 0.9912 -0.1204
vn -0.0634 0.9907 -0.1201
vn -0.0076 0.9946 -0.1033
vn -0.0074 0.9956 -0.0930
vn -0.0054 0.9946 -0.1032
vn -0.0052 0.9956 -0.0930
vn -0.0096 0.9930 -0.1176
vn -0.0087 0.9946 -0.1034
vn -0.0085 0.9956 -0.0930
vn -0.0086 0.9962 -0.0862
vn -0.0075 0.9962 -0.0862
vn -0.0053 0.9963 -0.0863
vn -0.0020 0.9957 -0.0930
vn -0.0020 0.9947 -0.1031
vn -0.0022 0.9932 -0.1168
vn -0.0059 0.9931 -0.1170
vn -0.0083 0.9931 -0.1173
vn -0.4150 -0.8567 -0.3064
vn 0.1530 0.8506 -0.5031
vn 0.1452 0.8400 -0.5229
vn 0.0676 0.7898 -0.6097
vn 0.4178 0.8563 0.3038
vn 0.1936 0.9778 -0.0799
vn 0.5932 -0.8018 0.0724
vn 0.5931 -0.8019 0.0724
vn 0.5931 -0.8018 0.0727
vn 0.0252 0.8814 0.4716
vn 0.3950 0.8745 0.2814
vn 0.3950 0.8746 0.2813
vn -0.1307 0.9901 -0.0514
vn -0.1306 0.9901 -0.0514
vn -0.6540 0.7528 -0.0749
vn 0.0783 0.8079 -0.5841
vn 0.0246 0.8800 0.4744
vn 0.0245 0.8800 0.4744
vn 0.0242 0.8800 0.4743
vn 0.0248 0.8800 0.4744
vn 0.1286 0.9901 -0.0558
vn 0.2465 0.9665 -0.0707
vn -0.2225 0.9721 -0.0739
vn 0.5954 0.8002 -0.0713
vn 0.5953 0.8003 -0.0712
vn 0.5954 0.8003 -0.0712
vn 0.6622 0.7457 -0.0741
vn 0.0011 0.8811 0.4729
vn 0.0011 0.8812 0.4728
vn -0.0250 -0.8837 -0.4674
vn -0.0675 0.7898 -0.6097
vn -0.3989 0.8726 0.2820
vn -0.0240 0.8815 0.4716
vn -0.2888 0.9560 -0.0513
vn -0.0175 0.7890 -0.6142
vn -0.0172 0.7889 -0.6143
vn 0.6540 0.7528 -0.0749
vn -0.1172 0.8612 -0.4947
vn -0.2678 0.9629 -0.0324
vn 0.1541 0.8473 -0.5083
vn 0.1542 0.8472 -0.5083
vn -0.1529 0.8505 -0.5032
vn -0.1529 0.8506 -0.5031
vn -0.1530 0.8506 -0.5031
vn -0.2276 0.9155 -0.3318
vn 0.4135 -0.8592 -0.3013
vn -0.0248 0.8800 0.4744
vn -0.0242 0.8800 0.4743
vn -0.0245 -0.8832 -0.4684
vn 0.2994 0.8778 -0.3739
vn -0.1947 0.9021 -0.3852
vn -0.1951 0.9020 -0.3852
vn -0.1954 0.9019 -0.3852
vn -0.5954 0.8002 -0.0716
vn -0.5953 0.8003 -0.0712
vn -0.5832 -0.8084 0.0801
vn -0.5832 -0.8083 0.0802
vn 0.0113 0.7846 -0.6199
vn 0.0112 0.7845 -0.6200
vn 0.0010 -1.0000 -0.0064
vn 0.0079 1.0000 0.0032
vn 0.6201 -0.7811 0.0737
vn 0.6204 -0.7809 0.0737
vn 0.6203 -0.7809 0.0736
vn -0.6510 0.7555 -0.0740
vn -0.6511 0.7554 -0.0739
vn -0.6510 0.7555 -0.0739
vn 0.2679 0.9629 -0.0324
vn -0.0252 0.8815 0.4716
vn 0.0189 0.7872 -0.6164
vn 0.1028 0.9930 -0.0577
vn -0.6459 -0.7600 0.0729
vn -0.0248 0.8759 0.4818
vn -0.0248 0.8760 0.4818
vn -0.1541 0.8473 -0.5083
vn -0.1543 0.8473 -0.5083
vn 0.0241 0.8634 0.5039
vn 0.0240 0.8634 0.5040
vn 0.6510 0.7555 -0.0739
vn 0.6509 0.7555 -0.0739
vn 0.6458 -0.7600 0.0729
vn -0.0377 0.7875 -0.6152
vn -0.3909 -0.8769 -0.2799
vn -0.3909 -0.8769 -0.2798
vn -0.3908 -0.8769 -0.2798
vn -0.1452 0.8399 -0.5229
vn -0.0239 0.8813 0.4719
vn -0.1937 0.9778 -0.0799
vn 0.1955 0.9019 -0.3851
vn 0.1954 0.9019 -0.3852
vn -0.0195 0.7872 -0.6164
vn -0.0223 0.7872 -0.6163
vn -0.6025 -0.7945 0.0752
vn -0.6025 -0.7945 0.0753
vn 0.0172 0.7889 -0.6143
vn 0.0175 0.7890 -0.6142
vn -0.1732 0.8817 -0.4389
vn -0.1543 0.8513 -0.5015
vn -0.1544 0.8512 -0.5016
vn -0.1543 0.8512 -0.5016
vn 0.6272 0.7753 -0.0742
vn -0.1358 0.8679 -0.4778
vn -0.0112 0.7846 -0.6199
vn -0.0112 0.7845 -0.6200
vn 0.2276 0.9155 -0.3318
vn -0.6201 -0.7810 0.0737
vn -0.6202 -0.7810 0.0737
vn 0.1543 0.8512 -0.5016
vn 0.1544 0.8513 -0.5014
vn -0.0240 0.8634 0.5040
vn -0.1360 0.9882 -0.0709
vn -0.6350 0.7688 -0.0751
vn -0.0240 0.8812 0.4721
vn 0.0249 0.8758 0.4821
vn 0.0249 0.8757 0.4821
vn 0.0248 0.8758 0.4820
vn 0.0248 0.8761 0.4815
vn -0.0928 0.8282 -0.5526
vn 0.0928 0.8282 -0.5526
vn 0.6394 0.7654 -0.0727
vn 0.1307 0.9901 -0.0513
vn 0.1306 0.9901 -0.0513
vn -0.6271 0.7754 -0.0742
vn -0.6273 0.7753 -0.0742
vn -0.3948 0.8746 0.2813
vn 0.4112 0.8624 0.2954
vn -0.5931 -0.8019 0.0724
vn -0.5932 -0.8018 0.0724
vn -0.4081 0.8648 0.2925
vn -0.4083 0.8646 0.2928
vn 0.4082 0.8648 0.2926
vn 0.4082 0.8647 0.2926
vn 0.0241 0.8813 0.4720
vn 0.1361 0.9882 -0.0709
vn 0.4051 -0.8667 -0.2911
vn 0.4050 -0.8667 -0.2912
vn -0.2996 0.8778 -0.3738
vn -0.1028 0.8536 -0.5106
g Body_Cube.001_Body_Cube.002_Gloss_Red.002
usemtl Gloss_Red.002
s 1
f 196/1/1 200/2/1 197/3/1
s 2
f 197/3/2 201/4/2 198/5/2
s 3
f 199/6/3 203/7/3 200/2/3
s 4
f 200/2/4 204/8/4 201/4/4
s 5
f 1/9/5 196/1/5 31/10/5
s 6
f 31/10/6 197/3/7 32/11/6
s 7
f 32/11/8 198/5/8 33/12/8
s 8
f 33/12/9 71/13/9 2/14/9
s 9
f 198/5/10 72/15/11 71/13/10
s 10
f 201/4/12 73/16/13 72/15/13
s 11
f 204/8/13 9/17/13 73/16/13
s 12
f 203/7/4 51/18/4 204/8/4
s 13
f 202/19/14 50/20/14 203/7/14
s 14
f 68/21/15 49/22/15 202/19/15
s 15
f 69/23/16 202/19/16 199/6/16
s 16
f 70/24/16 199/6/16 196/1/16
s 17
f 208/25/17 206/26/17 205/27/17
s 18
f 209/28/18 207/29/18 206/26/18
s 19
f 211/30/19 209/28/19 208/25/19
s 20
f 212/31/19 210/32/19 209/28/19
s 21
f 76/33/20 34/34/20 17/35/20
s 22
f 205/27/20 35/36/20 34/34/20
s 23
f 206/26/17 36/37/17 35/36/17
s 24
f 207/29/17 1/9/17 36/37/17
s 25
f 210/32/17 70/24/17 207/29/17
s 26
f 213/38/19 69/23/19 210/32/19
s 27
f 54/39/17 68/21/17 213/38/17
s 28
f 53/40/17 213/38/17 212/31/17
s 29
f 52/41/17 212/31/17 211/30/17
s 30
f 25/42/17 211/30/17 74/43/17
s 31
f 74/43/19 208/25/19 75/44/19
s 32
f 75/44/18 205/27/18 76/33/18
s 33
f 214/45/21 218/46/21 215/47/21
s 34
f 215/47/22 219/48/22 216/49/22
s 35
f 217/50/23 221/51/23 218/46/23
s 36
f 218/46/24 222/52/24 219/48/24
s 37
f 4/53/25 214/45/25 37/54/25
s 38
f 37/54/26 215/47/26 38/55/26
s 39
f 38/55/27 216/49/27 39/56/27
s 40
f 216/49/28 84/57/28 83/58/28
s 41
f 219/48/29 85/59/29 84/57/29
s 42
f 222/52/30 12/60/30 85/59/30
s 43
f 221/51/31 57/61/31 222/52/31
s 44
f 220/62/32 56/63/32 221/51/32
s 45
f 80/64/33 55/65/33 220/62/33
s 46
f 81/66/34 220/62/34 217/50/34
s 47
f 82/67/35 217/50/35 214/45/35
s 48
f 226/68/36 224/69/36 223/70/36
s 49
f 227/71/37 225/72/37 224/69/37
s 50
f 229/73/38 227/71/38 226/68/38
s 51
f 230/74/39 228/75/39 227/71/39
s 52
f 71/13/40 40/76/40 2/14/40
s 53
f 223/70/41 41/77/41 40/76/41
s 54
f 224/69/42 42/78/42 41/77/42
s 55
f 225/72/43 6/79/43 42/78/43
s 56
f 228/75/44 86/80/44 225/72/44
s 57
f 231/81/45 87/82/45 228/75/45
s 58
f 60/83/46 88/84/46 231/81/46
s 59
f 59/85/37 231/81/37 230/74/47
s 60
f 58/86/48 230/74/48 229/73/48
s 61
f 9/17/49 229/73/49 73/16/50
s 62
f 73/16/51 226/68/51 72/15/51
s 63
f 72/15/51 223/70/51 71/13/51
s 64
f 232/87/52 236/88/52 233/89/52
s 65
f 233/89/53 237/90/53 234/91/53
s 66
f 235/92/54 239/93/54 236/88/54
s 67
f 236/88/55 240/94/55 237/90/55
s 68
f 5/95/56 232/87/56 43/96/56
s 69
f 43/96/57 233/89/58 44/97/58
s 70
f 44/97/59 234/91/60 45/98/60
s 71
f 45/98/61 79/99/61 3/100/61
s 72
f 234/91/62 78/101/62 79/99/61
s 73
f 237/90/63 77/102/63 78/101/64
s 74
f 240/94/65 10/103/65 77/102/65
s 75
f 239/93/66 63/104/66 240/94/66
s 76
f 238/105/67 62/106/52 239/93/67
s 77
f 85/59/68 61/107/68 238/105/69
s 78
f 84/57/70 238/105/69 235/92/70
s 79
f 83/58/68 235/92/69 232/87/68
s 80
f 244/108/71 242/109/71 241/110/71
s 81
f 245/111/72 243/112/72 242/109/72
s 82
f 247/113/73 245/111/73 244/108/73
s 83
f 248/114/74 246/115/74 245/111/74
s 84
f 79/99/75 67/116/75 3/100/75
s 85
f 241/110/76 66/117/76 67/116/76
s 86
f 242/109/77 65/118/77 66/117/77
s 87
f 243/112/78 7/119/78 65/118/78
s 88
f 246/115/79 91/120/79 243/112/79
s 89
f 249/121/80 90/122/80 246/115/80
s 90
f 114/123/81 89/124/81 249/121/81
s 91
f 115/125/82 249/121/82 248/114/82
s 92
f 116/126/83 248/114/83 247/113/83
s 93
f 10/103/84 247/113/84 77/102/84
s 94
f 77/102/85 244/108/85 78/101/85
s 95
f 78/101/86 241/110/86 79/99/86
s 96
f 253/127/87 251/128/87 250/129/87
s 97
f 254/130/88 252/131/88 251/128/88
s 98
f 256/132/89 254/130/89 253/127/89
s 99
f 257/133/90 255/134/90 254/130/90
s 100
f 86/80/91 46/135/91 6/79/91
s 101
f 250/129/92 47/136/92 46/135/92
s 102
f 251/128/93 48/137/93 47/136/93
s 103
f 252/131/94 4/53/94 48/137/94
s 104
f 255/134/95 82/67/95 252/131/95
s 105
f 258/138/96 81/66/96 255/134/96
s 106
f 13/139/97 256/132/97 88/84/97
s 107
f 88/84/98 253/127/98 87/82/98
s 108
f 87/82/99 250/129/99 86/80/99
s 109
f 262/140/100 260/141/100 259/142/100
s 110
f 263/143/101 261/144/101 260/141/101
s 111
f 265/145/102 263/143/102 262/140/102
s 112
f 266/146/103 264/147/103 263/143/103
s 113
f 2167/148/104 2166/149/104 264/147/104
s 114
f 267/150/105 92/151/105 264/147/105
s 115
f 45/98/106 93/152/106 267/150/106
s 116
f 44/97/107 267/150/107 266/146/107
s 117
f 43/96/108 266/146/108 265/145/109
s 118
f 5/95/110 265/145/110 94/153/110
s 119
f 269/154/111 273/155/111 270/156/111
s 120
f 270/156/112 274/157/112 271/158/112
s 121
f 268/159/113 96/160/113 95/161/113
s 122
f 271/158/114 97/162/114 96/163/114
s 123
f 274/157/115 7/119/115 97/162/115
s 124
f 273/155/116 65/118/116 274/157/116
s 125
f 272/164/117 66/117/117 273/155/117
s 126
f 3/100/118 272/164/118 93/152/119
s 127
f 93/152/120 269/154/120 92/151/121
s 128
f 275/165/122 278/166/122 276/167/122
s 129
f 2107/168/123 2105/169/123 278/166/123
s 130
f 279/170/124 4/53/124 100/171/124
s 131
f 278/166/125 48/137/125 279/170/125
s 132
f 277/172/126 47/136/126 278/166/126
s 133
f 101/173/127 46/135/128 277/172/127
s 134
f 102/174/129 277/172/129 275/165/129
s 135
f 282/175/130 281/176/130 280/177/130
s 136
f 2086/178/131 284/179/131 2090/180/131
s 137
f 11/181/132 2102/182/132 2101/183/132
s 138
f 56/63/133 284/184/133 283/185/133
s 139
f 57/61/134 283/185/134 282/186/134
s 140
f 12/60/135 282/186/135 103/187/135
s 141
f 285/188/136 288/189/136 286/190/136
s 142
f 289/191/137 2160/192/137 2164/193/137
s 143
f 287/194/138 291/195/138 288/189/138
s 144
f 288/189/139 292/196/139 289/197/139
s 145
f 2143/198/140 103/199/140 2144/200/140
s 146
f 292/196/141 12/60/141 103/187/141
s 147
f 291/195/142 61/107/142 292/196/142
s 148
f 290/201/143 62/106/143 291/195/143
s 149
f 98/202/144 63/104/144 290/201/144
s 150
f 99/203/145 290/201/145 287/194/145
s 151
f 2186/204/146 2187/205/146 294/206/146
s 152
f 297/207/147 295/208/147 294/209/147
s 153
f 298/210/148 296/211/148 295/212/148
s 154
f 296/213/149 98/214/150 99/215/149
s 155
f 299/216/151 10/103/152 98/202/151
s 156
f 115/125/153 299/216/153 298/217/154
s 157
f 114/123/155 298/217/155 297/207/155
s 158
f 14/218/156 297/207/156 106/219/156
s 159
f 106/219/157 294/209/157 105/220/157
s 160
f 105/221/158 293/222/158 104/223/158
s 161
f 303/224/159 301/225/159 300/226/159
s 162
f 304/227/159 302/228/159 301/225/159
s 163
f 306/229/159 304/227/159 303/224/159
s 164
f 307/230/159 305/231/159 304/227/159
s 165
f 305/231/159 109/232/159 302/228/159
s 166
f 308/233/159 110/234/159 305/231/159
s 167
f 33/12/160 111/235/160 308/233/160
s 168
f 32/11/161 308/233/161 307/230/161
s 169
f 31/10/159 307/230/159 306/229/159
s 170
f 1/9/159 306/229/159 112/236/159
s 171
f 112/236/159 303/224/159 113/237/159
s 172
f 309/238/162 313/239/162 310/240/162
s 173
f 310/240/163 314/241/163 311/242/163
s 174
f 311/242/162 112/236/162 113/237/162
s 175
f 314/241/163 1/9/163 112/236/163
s 176
f 313/239/163 36/37/163 314/241/163
s 177
f 312/243/163 35/36/163 313/239/163
s 178
f 108/244/163 34/34/163 312/243/163
s 179
f 107/245/162 312/243/162 309/238/162
s 180
f 318/246/164 316/247/164 315/248/164
s 181
f 316/247/165 320/249/165 317/250/165
s 182
f 94/153/166 2135/251/166 2134/252/166
s 183
f 320/249/167 5/95/167 94/153/167
s 184
f 319/253/168 39/56/168 320/249/168
s 185
f 37/54/169 319/253/169 318/246/169
s 186
f 4/53/170 318/246/170 100/171/170
s 187
f 321/254/171 325/255/171 322/256/171
s 188
f 322/256/171 326/257/171 323/258/171
s 189
f 324/259/171 328/260/171 325/255/171
s 190
f 325/255/171 329/261/171 326/257/171
s 191
f 2115/262/171 2113/263/171 326/257/171
s 192
f 326/257/171 101/173/171 102/174/171
s 193
f 329/261/171 6/79/171 101/173/171
s 194
f 328/260/171 42/78/171 329/261/171
s 195
f 327/264/171 41/77/171 328/260/171
s 196
f 111/235/171 40/76/171 327/264/171
s 197
f 110/234/171 327/264/171 324/259/171
s 198
f 109/232/171 324/259/171 321/254/171
s 199
f 330/265/172 334/266/172 331/267/172
s 200
f 331/268/173 335/269/173 332/270/173
s 201
f 333/271/172 337/272/172 334/273/172
s 202
f 334/273/173 338/274/173 335/269/173
s 203
f 332/270/174 105/220/174 104/275/174
s 204
f 335/276/173 106/277/173 105/278/173
s 205
f 338/274/175 14/218/175 106/219/175
s 206
f 337/272/176 89/124/176 338/274/176
s 207
f 336/279/174 90/122/174 337/272/174
s 208
f 97/162/172 91/120/172 336/279/172
s 209
f 96/163/173 336/279/173 333/271/173
s 210
f 95/280/173 333/271/173 330/281/173
s 211
f 339/282/177 343/283/177 340/284/177
s 212
f 340/284/178 344/285/178 341/286/178
s 213
f 343/283/179 347/287/179 344/285/179
s 214
f 15/288/180 339/282/180 157/289/180
s 215
f 157/289/180 340/284/180 156/290/180
s 216
f 156/290/181 341/286/181 155/291/181
s 217
f 155/291/182 135/292/182 23/293/182
s 218
f 347/287/183 24/294/183 136/295/183
s 219
f 346/296/183 160/297/183 347/287/183
s 220
f 345/298/184 159/299/184 346/296/184
s 221
f 119/300/185 158/301/185 345/298/185
s 222
f 118/302/186 345/298/186 342/303/186
s 223
f 117/304/187 342/303/187 339/282/187
s 224
f 351/305/18 349/306/18 348/307/18
s 225
f 352/308/19 350/309/19 349/306/19
s 226
f 354/310/18 352/308/18 351/305/18
s 227
f 355/311/188 353/312/188 352/308/188
s 228
f 120/313/20 76/33/20 17/35/20
s 229
f 348/307/18 75/44/18 76/33/18
s 230
f 349/306/19 74/43/19 75/44/19
s 231
f 350/309/17 25/42/17 74/43/17
s 232
f 353/312/20 137/314/20 350/309/20
s 233
f 356/315/17 138/316/17 353/312/17
s 234
f 155/291/20 139/317/20 356/315/20
s 235
f 156/290/189 356/315/190 355/311/190
s 236
f 157/289/17 355/311/17 354/310/17
s 237
f 15/288/17 354/310/17 122/318/17
s 238
f 122/318/17 351/305/17 121/319/17
s 239
f 121/319/20 348/307/20 120/313/20
s 240
f 357/320/191 361/321/191 358/322/191
s 241
f 358/322/192 362/323/192 359/324/192
s 242
f 360/325/193 364/326/193 361/321/193
s 243
f 361/321/194 365/327/194 362/323/194
s 244
f 19/328/195 357/320/195 163/329/195
s 245
f 163/329/196 358/322/196 162/330/196
s 246
f 162/330/197 359/324/197 161/331/197
s 247
f 161/331/198 140/332/198 27/333/198
s 248
f 359/324/199 141/334/199 140/332/199
s 249
f 362/323/200 142/335/200 141/334/200
s 250
f 365/327/201 28/336/201 142/335/201
s 251
f 364/326/202 166/337/202 365/327/202
s 252
f 363/338/203 165/339/203 364/326/203
s 253
f 125/340/204 164/341/204 363/338/204
s 254
f 124/342/205 363/338/205 360/325/205
s 255
f 369/343/206 367/344/206 366/345/206
s 256
f 370/346/207 368/347/207 367/344/207
s 257
f 372/348/208 370/346/208 369/343/208
s 258
f 373/349/209 371/350/209 370/346/209
s 259
f 126/351/210 158/301/211 16/352/210
s 260
f 366/345/212 159/299/212 158/301/212
s 261
f 367/344/213 160/297/213 159/299/213
s 262
f 368/347/214 24/294/215 160/297/214
s 263
f 371/350/207 143/353/207 368/347/207
s 264
f 374/354/208 144/355/208 371/350/208
s 265
f 169/356/216 145/357/216 374/354/216
s 266
f 168/358/217 374/354/217 373/349/217
s 267
f 167/359/218 373/349/218 372/348/218
s 268
f 21/360/219 372/348/219 128/361/219
s 269
f 128/361/220 369/343/220 127/362/220
s 270
f 127/362/221 366/345/221 126/351/221
s 271
f 20/363/222 375/364/222 164/341/222
s 272
f 164/341/223 376/365/224 165/339/223
s 273
f 165/339/224 377/366/224 166/337/223
s 274
f 166/337/225 146/367/226 28/336/225
s 275
f 381/368/227 379/369/227 378/370/227
s 276
f 382/371/228 380/372/228 379/369/228
s 277
f 384/373/229 382/371/229 381/368/229
s 278
f 385/374/230 383/375/230 382/371/230
s 279
f 132/376/231 167/359/231 21/360/231
s 280
f 378/370/232 168/358/232 167/359/232
s 281
f 379/369/233 169/356/233 168/358/233
s 282
f 380/372/234 29/377/234 169/356/234
s 283
f 383/375/235 149/378/235 380/372/235
s 284
f 386/379/236 150/380/236 383/375/236
s 285
f 161/331/237 151/381/237 386/379/237
s 286
f 162/330/238 386/379/238 385/374/238
s 287
f 163/329/239 385/374/239 384/373/239
s 288
f 19/328/240 384/373/240 134/382/240
s 289
f 134/382/241 381/368/241 133/383/241
s 290
f 133/383/242 378/370/242 132/376/242
s 291
f 390/384/243 388/385/243 387/386/243
s 292
f 391/387/244 389/388/244 388/385/244
s 293
f 393/389/245 391/387/245 390/384/245
s 294
f 394/390/246 392/391/246 391/387/246
s 295
f 389/388/247 20/363/247 175/392/247
s 296
f 392/391/248 129/393/249 389/388/249
s 297
f 395/394/250 130/395/250 392/391/250
s 298
f 174/396/251 131/397/251 395/394/251
s 299
f 173/398/252 395/394/252 394/390/252
s 300
f 173/398/253 394/390/253 2004/399/253
s 301
f 396/400/254 399/401/254 397/402/254
s 302
f 398/403/255 402/404/255 399/401/255
s 303
f 396/400/256 174/396/256 173/398/256
s 304
f 397/402/257 18/405/257 174/396/257
s 305
f 397/402/258 153/406/258 154/407/258
s 306
f 399/401/259 152/408/259 153/406/259
s 307
f 402/404/260 22/409/260 152/408/260
s 308
f 401/410/261 178/411/261 402/404/261
s 309
f 400/412/262 177/413/262 401/410/262
s 310
f 403/414/263 406/415/263 404/416/263
s 311
f 1950/417/264 407/418/264 406/415/264
s 312
f 183/419/265 404/416/265 182/420/265
s 313
f 406/415/266 134/382/266 133/383/266
s 314
f 407/418/267 19/328/267 134/382/267
s 315
f 410/421/268 409/422/268 408/423/268
s 316
f 412/424/269 411/425/269 1965/426/270
s 317
f 409/427/271 28/336/271 184/428/271
s 318
f 411/429/272 142/335/272 409/427/272
s 319
f 412/430/273 141/334/273 411/429/273
s 320
f 1955/431/274 27/432/274 140/433/274
s 321
f 413/434/275 185/435/275 186/436/275
s 322
f 414/437/275 29/377/275 185/438/275
s 323
f 415/439/276 419/440/276 416/441/276
s 324
f 416/442/277 420/443/277 417/444/278
s 325
f 1988/445/279 421/446/279 419/447/279
s 326
f 419/448/280 422/449/280 420/443/280
s 327
f 180/450/281 417/444/281 179/451/281
s 328
f 179/451/282 148/452/282 26/453/282
s 329
f 420/443/283 146/367/283 147/454/283
s 330
f 422/449/284 28/336/284 146/367/284
s 331
f 184/455/285 422/456/285 1980/457/285
s 332
f 425/458/286 424/459/286 2035/460/286
s 333
f 427/461/287 426/462/287 425/463/287
s 334
f 423/464/288 188/465/288 187/466/288
s 335
f 428/467/289 26/453/289 195/468/289
s 336
f 427/461/290 179/451/290 428/467/290
s 337
f 432/469/291 430/470/291 429/471/291
s 338
f 433/472/291 431/473/291 430/470/291
s 339
f 435/474/291 433/472/291 432/469/291
s 340
f 436/475/291 434/476/291 433/472/291
s 341
f 430/470/291 193/477/291 194/478/291
s 342
f 431/473/291 15/288/291 193/477/291
s 343
f 434/476/291 117/304/291 431/473/291
s 344
f 437/479/292 118/302/292 434/476/292
s 345
f 192/480/293 119/300/293 437/479/293
s 346
f 191/481/291 437/479/291 436/475/291
s 347
f 190/482/291 436/475/291 435/474/291
s 348
f 438/483/162 441/484/162 439/485/162
s 349
f 440/486/162 443/487/162 441/484/162
s 350
f 107/245/162 439/485/162 108/244/162
s 351
f 108/244/163 120/313/163 17/35/163
s 352
f 439/485/163 121/319/163 120/313/163
s 353
f 441/484/163 122/318/163 121/319/163
s 354
f 443/487/163 15/288/163 122/318/163
s 355
f 442/488/162 193/477/162 443/487/162
s 356
f 446/489/294 445/490/294 444/491/294
s 357
f 446/489/295 449/492/295 447/493/295
s 358
f 445/490/296 19/328/296 181/494/296
s 359
f 447/493/297 123/495/297 445/490/297
s 360
f 447/493/298 125/340/298 124/342/298
s 361
f 1972/496/299 175/392/300 449/492/299
s 362
f 451/497/301 151/498/301 450/499/301
s 363
f 453/500/302 150/380/302 451/501/302
s 364
f 185/438/303 149/378/303 453/500/303
s 365
f 186/436/304 453/502/304 452/503/304
s 366
f 454/504/305 458/505/305 455/506/305
s 367
f 455/506/305 459/507/305 456/508/305
s 368
f 457/509/305 461/510/305 458/505/305
s 369
f 458/505/305 462/511/305 459/507/305
s 370
f 190/482/305 455/506/305 191/481/305
s 371
f 191/481/305 456/508/305 192/480/305
s 372
f 192/480/305 126/351/305 16/352/305
s 373
f 456/508/305 127/362/305 126/351/305
s 374
f 459/507/305 128/361/305 127/362/305
s 375
f 462/511/305 21/360/305 128/361/305
s 376
f 461/510/305 182/420/305 462/511/305
s 377
f 461/510/305 2076/512/305 183/419/305
s 378
f 463/513/306 467/514/306 464/515/306
s 379
f 464/515/307 468/516/307 465/517/307
s 380
f 466/518/308 470/519/308 467/520/308
s 381
f 467/514/309 471/521/309 468/516/309
s 382
f 176/522/308 464/515/308 177/413/308
s 383
f 177/413/306 465/517/306 178/411/306
s 384
f 178/411/308 172/523/308 22/409/308
s 385
f 465/517/310 171/524/310 172/523/310
s 386
f 468/516/306 170/525/306 171/524/306
s 387
f 471/521/311 30/526/311 170/525/311
s 388
f 470/527/306 189/528/306 471/521/306
s 389
f 1116/529/312 1124/530/312 1115/531/312
s 390
f 1117/532/313 1114/533/313 1116/529/313
s 391
f 1120/534/314 1118/535/314 1119/536/315
s 392
f 1122/537/316 1120/534/316 1121/538/316
s 393
f 1123/539/317 1114/533/317 1122/537/317
s 394
f 588/540/318 1115/531/318 589/541/318
s 395
f 480/542/319 1117/532/320 587/543/319
s 396
f 629/544/321 1118/535/321 1117/532/321
s 397
f 587/543/322 1116/529/322 588/540/322
s 398
f 683/545/323 627/546/323 495/547/323
s 399
f 682/548/324 1119/536/324 683/545/324
s 400
f 1119/536/325 628/549/325 627/546/325
s 401
f 584/550/326 681/551/326 479/552/326
s 402
f 585/553/327 1121/538/327 584/550/328
s 403
f 1121/538/329 682/548/329 681/551/329
s 404
f 586/554/330 1122/537/330 585/553/330
s 405
f 1127/555/331 1135/556/331 1126/557/331
s 406
f 1128/558/332 1125/559/332 1127/555/332
s 407
f 1131/560/333 1129/561/333 1130/562/333
s 408
f 1133/563/334 1131/560/334 1132/564/334
s 409
f 1134/565/335 1125/559/335 1133/563/335
s 410
f 582/566/336 1126/557/337 583/567/336
s 411
f 529/568/338 1128/558/338 581/569/338
s 412
f 635/570/339 1129/561/339 1128/558/339
s 413
f 581/569/340 1127/555/341 582/566/340
s 414
f 689/571/342 633/572/342 496/573/342
s 415
f 688/574/343 1130/562/343 689/571/343
s 416
f 1130/562/344 634/575/344 633/572/344
s 417
f 587/543/345 687/576/345 480/542/345
s 418
f 588/540/346 1132/564/346 587/543/346
s 419
f 1132/564/347 688/574/347 687/576/347
s 420
f 589/541/348 1133/563/349 588/540/349
s 421
f 1136/577/350 1140/578/350 1139/579/350
s 422
f 1137/580/351 1141/581/351 1140/578/351
s 423
f 1139/579/352 1143/582/352 1142/583/352
s 424
f 1140/578/353 1144/584/353 1143/582/353
s 425
f 505/585/354 1136/577/354 757/586/354
s 426
f 768/587/355 1137/580/356 1136/577/355
s 427
f 767/588/357 1138/589/357 1137/580/357
s 428
f 766/590/358 665/591/358 1138/589/358
s 429
f 1138/589/359 664/592/360 1141/581/360
s 430
f 1141/581/361 663/593/361 1144/584/361
s 431
f 1144/584/362 482/594/362 644/595/362
s 432
f 1143/582/363 644/595/363 643/596/363
s 433
f 1142/583/364 643/596/365 642/597/365
s 434
f 759/598/366 642/597/366 499/599/366
s 435
f 758/600/367 1142/583/368 759/598/368
s 436
f 757/586/369 1139/579/369 758/600/369
s 437
f 1146/601/370 2141/602/370 2137/603/370
s 438
f 2142/604/371 2141/602/371 1146/601/371
s 439
f 657/605/372 571/606/372 476/607/372
s 440
f 658/608/373 1145/609/373 657/605/373
s 441
f 2135/610/374 2134/611/374 1145/609/374
s 442
f 487/612/375 1147/613/375 659/614/375
s 443
f 2161/615/376 590/616/377 2162/617/378
s 444
f 659/614/379 1146/601/379 658/608/379
s 445
f 1148/618/380 1152/619/380 1151/620/380
s 446
f 1149/621/381 1153/622/381 1152/619/381
s 447
f 1151/620/382 1155/623/382 1154/624/382
s 448
f 1152/619/383 1156/625/383 1155/623/383
s 449
f 504/626/384 1148/618/384 745/627/384
s 450
f 756/628/385 1149/621/385 1148/618/385
s 451
f 755/629/386 1150/630/386 1149/621/386
s 452
f 754/631/387 662/632/387 1150/630/387
s 453
f 1150/630/388 661/633/388 1153/622/388
s 454
f 1153/622/389 660/634/389 1156/625/390
s 455
f 1156/625/391 481/635/391 638/636/391
s 456
f 1155/623/392 638/636/392 637/637/392
s 457
f 1154/624/393 637/637/394 636/638/393
s 458
f 747/639/395 636/638/395 497/640/395
s 459
f 746/641/396 1154/624/396 747/639/396
s 460
f 745/627/397 1151/620/397 746/641/397
s 461
f 1159/642/398 1167/643/398 1158/644/398
s 462
f 1160/645/399 1157/646/399 1159/642/399
s 463
f 1162/647/400 1157/646/400 1161/648/400
s 464
f 1165/649/401 1163/650/401 1164/651/401
s 465
f 1166/652/402 1157/646/402 1165/649/402
s 466
f 585/553/403 1158/644/403 586/554/403
s 467
f 479/552/404 1160/645/404 584/550/404
s 468
f 623/653/405 1161/648/405 1160/645/405
s 469
f 584/550/406 1159/642/406 585/553/406
s 470
f 677/654/407 621/655/407 493/656/407
s 471
f 677/654/408 1163/650/408 1162/647/408
s 472
f 1162/647/409 622/657/409 621/655/409
s 473
f 595/658/410 675/659/410 478/660/410
s 474
f 596/661/411 1164/651/411 595/658/411
s 475
f 1164/651/412 676/662/412 675/659/412
s 476
f 597/663/413 1165/649/413 596/661/414
s 477
f 1170/664/415 1175/665/415 1169/666/415
s 478
f 1171/667/416 1168/668/416 1170/664/416
s 479
f 1174/669/417 1172/670/417 1173/671/417
s 480
f 474/672/418 1169/666/418 611/673/418
s 481
f 574/674/419 1170/664/419 1169/666/419
s 482
f 1169/666/420 612/675/420 611/673/420
s 483
f 650/676/421 572/677/421 484/678/421
s 484
f 649/679/422 1171/667/423 650/676/422
s 485
f 1171/667/424 573/680/424 572/677/424
s 486
f 607/681/425 648/682/425 473/683/425
s 487
f 608/684/426 1173/671/426 607/681/426
s 488
f 1173/671/427 649/679/428 648/682/427
s 489
f 472/685/429 1176/686/429 604/687/429
s 490
f 837/688/430 1177/689/430 1176/686/430
s 491
f 836/690/431 1178/691/431 1177/689/431
s 492
f 835/692/432 611/673/432 1178/691/432
s 493
f 1181/693/433 1186/694/433 1180/695/433
s 494
f 1182/696/434 1179/697/434 1181/693/434
s 495
f 1185/698/435 1183/699/435 1184/700/435
s 496
f 577/701/436 609/702/436 475/703/436
s 497
f 576/704/437 1180/695/437 577/701/437
s 498
f 1180/695/438 610/705/438 609/702/438
s 499
f 653/706/439 575/707/439 485/708/439
s 500
f 652/709/440 1182/696/440 653/706/440
s 501
f 1182/696/441 576/704/441 575/707/441
s 502
f 605/710/442 651/711/442 518/712/442
s 503
f 606/713/443 1184/700/443 605/710/443
s 504
f 1184/700/444 652/709/444 651/711/444
s 505
f 1189/714/445 1194/715/445 1188/716/445
s 506
f 1191/717/446 1189/714/446 1190/718/446
s 507
f 1193/719/447 1191/717/447 1192/720/447
s 508
f 570/721/448 607/681/448 473/683/448
s 509
f 570/721/449 1189/714/449 1188/716/449
s 510
f 1188/716/450 608/684/451 607/681/451
s 511
f 647/722/452 568/723/452 483/724/452
s 512
f 646/725/453 1190/718/453 647/722/453
s 513
f 1190/718/454 569/726/454 568/723/454
s 514
f 475/703/455 1192/720/455 645/727/455
s 515
f 609/702/456 1193/719/456 1192/720/456
s 516
f 645/727/457 1191/717/457 646/725/457
s 517
f 1196/728/458 1200/729/458 1199/730/458
s 518
f 2152/731/459 614/732/459 1197/733/459
s 519
f 614/732/460 1200/729/460 1197/733/460
s 520
f 613/734/461 668/735/461 1200/729/461
s 521
f 1199/730/462 668/735/462 667/736/462
s 522
f 1198/737/463 667/736/463 666/738/463
s 523
f 604/687/464 666/738/464 472/685/464
s 524
f 1202/739/465 1204/740/465 1201/741/465
s 525
f 1203/742/466 1205/743/466 1202/739/466
s 526
f 1205/743/467 1207/744/467 1204/740/467
s 527
f 1206/745/468 1208/746/468 1205/743/468
s 528
f 693/747/469 837/688/469 472/685/469
s 529
f 694/748/470 1201/741/470 693/747/470
s 530
f 695/749/471 1202/739/471 694/748/471
s 531
f 498/750/472 1203/742/472 695/749/472
s 532
f 772/751/473 1206/745/473 1203/742/473
s 533
f 773/752/474 1209/753/474 1206/745/474
s 534
f 774/754/475 771/755/475 1209/753/475
s 535
f 1209/753/476 770/756/476 1208/746/476
s 536
f 1208/746/477 769/757/477 1207/744/477
s 537
f 1207/744/478 474/672/478 835/692/478
s 538
f 1204/740/479 835/692/479 836/690/479
s 539
f 1201/741/480 836/690/480 837/688/480
s 540
f 1210/758/481 1214/759/481 1213/760/481
s 541
f 1211/761/482 1215/762/483 1214/759/482
s 542
f 1214/759/484 1216/763/484 1213/760/484
s 543
f 1214/759/485 1218/764/485 1217/765/485
s 544
f 503/766/486 1210/758/487 733/767/486
s 545
f 744/768/488 1211/761/488 1210/758/488
s 546
f 743/769/489 1212/770/490 1211/761/490
s 547
f 742/771/491 674/772/491 1212/770/491
s 548
f 1212/770/492 673/773/492 1215/762/492
s 549
f 1215/762/493 672/774/493 1218/764/494
s 550
f 1218/764/495 473/683/495 648/682/495
s 551
f 1218/764/496 649/679/496 1217/765/496
s 552
f 1217/765/497 650/676/497 1216/763/497
s 553
f 1216/763/498 484/678/498 735/775/498
s 554
f 1213/760/499 735/775/499 734/776/499
s 555
f 733/767/500 1213/760/500 734/776/500
s 556
f 1220/777/501 1222/778/501 1219/779/501
s 557
f 1221/780/502 1223/781/502 1220/777/503
s 558
f 1223/781/504 1225/782/504 1222/778/504
s 559
f 1224/783/505 1226/784/505 1223/781/505
s 560
f 732/785/506 721/786/506 502/787/506
s 561
f 731/788/507 1219/779/507 732/785/507
s 562
f 730/789/508 1220/777/508 731/788/508
s 563
f 730/789/509 680/790/509 1221/780/509
s 564
f 680/790/510 1224/783/510 1221/780/510
s 565
f 679/791/511 1227/792/511 1224/783/511
s 566
f 678/793/512 645/727/512 1227/792/512
s 567
f 1227/792/513 646/725/513 1226/784/513
s 568
f 1226/784/514 647/722/514 1225/782/514
s 569
f 1225/782/515 483/724/515 723/794/515
s 570
f 1222/778/516 723/794/516 722/795/516
s 571
f 1219/779/517 722/795/517 721/786/517
s 572
f 1229/796/518 1231/797/518 1228/798/518
s 573
f 1230/799/519 1232/800/519 1229/796/519
s 574
f 1232/800/520 1234/801/520 1231/797/520
s 575
f 1233/802/521 1235/803/522 1232/800/521
s 576
f 501/804/523 1228/798/523 709/805/523
s 577
f 720/806/524 1229/796/524 1228/798/524
s 578
f 719/807/525 1230/799/525 1229/796/525
s 579
f 718/808/526 686/809/526 1230/799/526
s 580
f 1230/799/527 685/810/527 1233/802/527
s 581
f 1233/802/528 684/811/528 1236/812/528
s 582
f 1236/812/529 518/712/530 651/711/530
s 583
f 1236/812/531 652/709/531 1235/803/531
s 584
f 1235/803/532 653/706/532 1234/801/532
s 585
f 1234/801/533 485/708/533 711/813/533
s 586
f 1231/797/534 711/813/534 710/814/534
s 587
f 1228/798/535 710/814/535 709/805/535
s 588
f 1237/815/536 1241/816/536 1240/817/536
s 589
f 1238/818/537 1242/819/537 1241/816/537
s 590
f 1240/817/538 1244/820/538 1243/821/539
s 591
f 1241/816/540 1245/822/540 1244/820/540
s 592
f 500/823/541 1237/815/542 698/824/542
s 593
f 708/825/543 1238/818/543 1237/815/543
s 594
f 707/826/544 1239/827/544 1238/818/544
s 595
f 706/828/545 695/749/545 1239/827/545
s 596
f 1239/827/546 694/748/546 1242/819/546
s 597
f 1242/819/547 693/747/547 1245/822/547
s 598
f 1245/822/548 472/685/548 666/738/548
s 599
f 1244/820/549 666/738/549 667/736/549
s 600
f 1243/821/550 667/736/550 668/735/550
s 601
f 1243/821/551 490/829/551 700/830/551
s 602
f 699/831/552 1243/821/552 700/830/552
s 603
f 698/824/553 1240/817/553 699/831/553
s 604
f 1246/832/554 1249/833/554 1248/834/554
s 605
f 1248/834/555 1251/835/555 1250/836/555
s 606
f 705/837/556 1247/838/556 1246/832/556
s 607
f 704/839/557 698/824/557 1247/838/557
s 608
f 1247/838/558 699/831/558 1249/833/558
s 609
f 1249/833/559 700/830/560 1251/835/560
s 610
f 1251/835/561 490/829/561 613/734/561
s 611
f 1250/836/562 613/734/562 614/732/563
s 612
f 1252/840/564 1255/841/564 1254/842/564
s 613
f 1254/842/565 1257/843/565 1256/844/565
s 614
f 696/845/566 1253/846/566 1252/840/566
s 615
f 697/847/567 701/848/567 1253/846/567
s 616
f 1253/846/568 702/849/568 1255/841/568
s 617
f 1255/841/569 703/850/569 1257/843/569
s 618
f 1257/843/570 500/823/570 704/839/570
s 619
f 1256/844/571 704/839/571 705/837/571
s 620
f 1258/851/572 1262/852/573 1261/853/573
s 621
f 1259/854/574 1263/855/574 1262/852/574
s 622
f 1261/853/575 1265/856/575 1264/857/575
s 623
f 1262/852/576 1266/858/577 1265/856/576
s 624
f 499/599/578 1258/851/578 701/848/578
s 625
f 642/597/579 1259/854/579 1258/851/579
s 626
f 643/596/580 1260/859/580 1259/854/580
s 627
f 644/595/581 641/860/582 1260/859/581
s 628
f 1260/859/583 640/861/583 1263/855/583
s 629
f 1263/855/584 639/862/584 1266/858/584
s 630
f 1266/858/585 498/750/586 706/828/585
s 631
f 1265/856/587 706/828/587 707/826/587
s 632
f 1264/857/588 707/826/588 708/825/588
s 633
f 703/850/589 708/825/589 500/823/589
s 634
f 702/849/590 1264/857/590 703/850/590
s 635
f 701/848/591 1261/853/591 702/849/591
s 636
f 1267/863/592 1271/864/593 1270/865/593
s 637
f 1268/866/594 1272/867/594 1271/864/594
s 638
f 1270/865/595 1274/868/595 1273/869/595
s 639
f 1271/864/596 1275/870/596 1274/868/596
s 640
f 494/871/597 1267/863/597 680/790/597
s 641
f 717/872/598 1268/866/598 1267/863/598
s 642
f 716/873/599 1269/874/599 1268/866/599
s 643
f 715/875/600 709/805/600 1269/874/600
s 644
f 1269/874/601 710/814/601 1272/867/601
s 645
f 1272/867/602 711/813/602 1275/870/602
s 646
f 1275/870/603 485/708/603 575/707/603
s 647
f 1274/868/604 575/707/604 576/704/604
s 648
f 1273/869/605 576/704/606 577/701/605
s 649
f 1273/869/607 475/703/607 678/793/607
s 650
f 1270/865/608 678/793/608 679/791/608
s 651
f 1267/863/609 679/791/610 680/790/610
s 652
f 1276/876/611 1280/877/611 1279/878/611
s 653
f 1277/879/612 1281/880/612 1280/877/612
s 654
f 1279/878/613 1283/881/613 1282/882/614
s 655
f 1280/877/615 1284/883/615 1283/881/615
s 656
f 480/542/616 1276/876/616 626/884/616
s 657
f 687/576/617 1277/879/618 1276/876/618
s 658
f 689/571/619 1277/879/619 688/574/619
s 659
f 496/573/620 1278/885/620 689/571/620
s 660
f 805/886/621 1281/880/621 1278/885/621
s 661
f 1281/880/622 807/887/623 1284/883/622
s 662
f 1284/883/624 513/888/625 825/889/624
s 663
f 1283/881/626 825/889/626 824/890/626
s 664
f 1282/882/627 824/890/627 823/891/627
s 665
f 624/892/628 823/891/628 514/893/628
s 666
f 625/894/629 1282/882/629 624/892/629
s 667
f 626/884/630 1279/878/630 625/894/630
s 668
f 1285/895/631 1289/896/631 1288/897/631
s 669
f 1286/898/632 1290/899/632 1289/896/632
s 670
f 1288/897/633 1292/900/633 1291/901/633
s 671
f 1289/896/634 1293/902/634 1292/900/634
s 672
f 496/573/635 1285/895/635 805/886/635
s 673
f 633/572/636 1286/898/636 1285/895/636
s 674
f 634/575/637 1287/903/637 1286/898/637
s 675
f 635/570/638 632/904/638 1287/903/638
s 676
f 1287/903/639 631/905/639 1290/899/640
s 677
f 1290/899/641 630/906/641 1293/902/641
s 678
f 1293/902/642 564/907/642 834/908/642
s 679
f 1292/900/643 834/908/643 833/909/643
s 680
f 1291/901/644 833/909/644 832/910/644
s 681
f 807/887/645 832/910/645 513/888/645
s 682
f 806/911/646 1291/901/646 807/887/646
s 683
f 805/886/647 1288/897/647 806/911/648
s 684
f 1294/912/649 1298/913/649 1297/914/650
s 685
f 1295/915/651 1299/916/651 1298/913/651
s 686
f 1297/914/652 1301/917/653 1300/918/652
s 687
f 1298/913/654 1302/919/654 1301/917/654
s 688
f 492/920/655 1294/912/655 674/772/656
s 689
f 729/921/657 1295/915/657 1294/912/658
s 690
f 728/922/659 1296/923/659 1295/915/659
s 691
f 727/924/660 721/786/660 1296/923/660
s 692
f 1296/923/661 722/795/662 1299/916/661
s 693
f 1299/916/663 723/794/663 1302/919/663
s 694
f 1302/919/664 483/724/665 568/723/665
s 695
f 1301/917/666 568/723/666 569/726/666
s 696
f 1300/918/667 569/726/668 570/721/669
s 697
f 672/774/670 570/721/670 473/683/670
s 698
f 673/773/671 1300/918/671 672/774/671
s 699
f 674/772/672 1297/914/673 673/773/672
s 700
f 1303/925/674 1307/926/674 1306/927/674
s 701
f 1304/928/675 1308/929/675 1307/926/675
s 702
f 1306/927/676 1310/930/676 1309/931/676
s 703
f 1307/926/677 1311/932/677 1310/930/677
s 704
f 479/552/678 1303/925/678 620/933/678
s 705
f 681/551/679 1304/928/679 1303/925/679
s 706
f 683/545/680 1304/928/680 682/548/680
s 707
f 495/547/681 1305/934/681 683/545/682
s 708
f 1305/934/683 800/935/683 1308/929/683
s 709
f 1308/929/684 801/936/684 1311/932/684
s 710
f 1311/932/685 511/937/685 822/938/686
s 711
f 1310/930/687 822/938/687 821/939/687
s 712
f 1309/931/688 821/939/688 820/940/688
s 713
f 618/941/689 820/940/689 512/942/689
s 714
f 619/943/690 1309/931/690 618/941/690
s 715
f 620/933/691 1306/927/691 619/943/691
s 716
f 1312/944/692 1316/945/692 1315/946/692
s 717
f 1313/947/693 1317/948/693 1316/945/693
s 718
f 1315/946/694 1319/949/694 1318/950/694
s 719
f 1316/945/695 1320/951/695 1319/949/695
s 720
f 495/547/696 1312/944/696 799/952/696
s 721
f 627/546/697 1313/947/697 1312/944/697
s 722
f 628/549/698 1314/953/698 1313/947/698
s 723
f 629/544/699 626/884/699 1314/953/699
s 724
f 1314/953/700 625/894/700 1317/948/700
s 725
f 1317/948/701 624/892/702 1320/951/702
s 726
f 1320/951/703 514/893/703 831/954/704
s 727
f 1319/949/705 831/954/706 830/955/706
s 728
f 1318/950/707 830/955/707 829/956/707
s 729
f 801/936/708 829/956/708 511/937/708
s 730
f 800/935/709 1318/950/709 801/936/709
s 731
f 799/952/710 1315/946/711 800/935/711
s 732
f 1323/957/712 1335/958/713 1322/959/713
s 733
f 1324/960/714 1321/961/714 1323/957/714
s 734
f 1326/962/715 1321/961/715 1325/963/715
s 735
f 1329/964/716 1327/965/716 1328/966/716
s 736
f 1331/967/717 1329/964/717 1330/968/717
s 737
f 1332/969/718 1321/961/718 1331/967/718
s 738
f 1335/958/719 1333/970/719 1334/971/719
s 739
f 741/972/720 671/973/721 491/974/720
s 740
f 740/975/722 1322/959/722 741/972/722
s 741
f 1322/959/723 670/976/723 671/973/723
s 742
f 733/767/724 739/977/724 503/766/724
s 743
f 734/776/725 1324/960/725 733/767/725
s 744
f 739/977/726 1323/957/726 740/975/726
s 745
f 484/678/727 1326/962/727 735/775/727
s 746
f 572/677/728 1327/965/728 1326/962/728
s 747
f 735/775/729 1325/963/729 734/776/729
s 748
f 769/757/730 574/674/731 474/672/731
s 749
f 770/756/732 1328/966/732 769/757/732
s 750
f 1328/966/733 573/680/733 574/674/733
s 751
f 506/978/734 1330/968/734 771/755/734
s 752
f 776/979/735 1330/968/735 775/980/735
s 753
f 771/755/736 1329/964/736 770/756/736
s 754
f 507/981/737 1332/969/737 777/982/737
s 755
f 781/983/738 1333/970/739 1332/969/738
s 756
f 777/982/740 1331/967/740 776/979/740
s 757
f 508/984/741 1334/971/741 783/985/741
s 758
f 669/986/742 1335/958/742 1334/971/742
s 759
f 1334/971/743 782/987/743 783/985/743
s 760
f 1336/988/744 1340/989/745 1339/990/744
s 761
f 1337/991/746 1341/992/746 1340/989/746
s 762
f 1339/990/747 1343/993/748 1342/994/747
s 763
f 1340/989/749 1344/995/750 1343/993/749
s 764
f 478/660/751 1336/988/752 617/996/751
s 765
f 675/659/753 1337/991/754 1336/988/754
s 766
f 676/662/755 1338/997/755 1337/991/755
s 767
f 677/654/756 814/998/756 1338/997/756
s 768
f 1338/997/757 815/999/758 1341/992/758
s 769
f 1341/992/759 816/1000/759 1344/995/759
s 770
f 1344/995/760 515/1001/761 819/1002/760
s 771
f 1343/993/762 819/1002/763 818/1003/763
s 772
f 1342/994/764 818/1003/764 817/1004/764
s 773
f 615/1005/765 817/1004/765 510/1006/765
s 774
f 616/1007/766 1342/994/766 615/1005/766
s 775
f 617/996/767 1339/990/767 616/1007/767
s 776
f 1345/1008/768 1349/1009/768 1348/1010/768
s 777
f 1346/1011/769 1350/1012/769 1349/1009/769
s 778
f 1348/1010/770 1352/1013/770 1351/1014/770
s 779
f 1349/1009/771 1353/1015/771 1352/1013/772
s 780
f 493/656/773 1345/1008/774 814/998/774
s 781
f 621/655/775 1346/1011/775 1345/1008/775
s 782
f 622/657/776 1347/1016/776 1346/1011/776
s 783
f 623/653/777 620/933/777 1347/1016/777
s 784
f 1347/1016/778 619/943/779 1350/1012/778
s 785
f 1350/1012/780 618/941/780 1353/1015/780
s 786
f 1353/1015/781 512/942/782 828/1017/782
s 787
f 1352/1013/783 828/1017/783 827/1018/783
s 788
f 1351/1014/784 827/1018/784 826/1019/784
s 789
f 816/1000/785 826/1019/785 515/1001/786
s 790
f 815/999/787 1351/1014/788 816/1000/787
s 791
f 814/998/789 1348/1010/789 815/999/789
s 792
f 1355/1020/790 1357/1021/791 1354/1022/790
s 793
f 1355/1020/792 1359/1023/792 1358/1024/792
s 794
f 1358/1024/793 1360/1025/793 1357/1021/793
s 795
f 1358/1024/794 1362/1026/795 1361/1027/794
s 796
f 753/1028/796 590/616/797 487/612/797
s 797
f 753/1028/798 1355/1020/798 1354/1022/798
s 798
f 752/1029/799 1356/1030/799 1355/1020/799
s 799
f 751/1031/800 745/627/801 1356/1030/800
s 800
f 1356/1030/802 746/641/802 1359/1023/802
s 801
f 1359/1023/803 747/639/803 1362/1026/803
s 802
f 1362/1026/804 497/640/804 692/1032/804
s 803
f 1361/1027/805 692/1032/805 691/1033/805
s 804
f 1361/1027/806 690/1034/806 1360/1025/806
s 805
f 2165/1035/807 2163/1036/807 1357/1021/807
s 806
f 1354/1022/808 591/1037/808 590/616/809
s 807
f 1363/1038/810 1367/1039/810 1366/1040/810
s 808
f 1364/1041/811 1368/1042/811 1367/1039/811
s 809
f 1366/1040/812 1370/1043/812 1369/1044/812
s 810
f 1367/1039/813 1371/1045/813 1370/1043/813
s 811
f 476/607/814 1363/1038/814 657/605/814
s 812
f 580/1046/815 1364/1041/815 1363/1038/815
s 813
f 579/1047/816 1365/1048/816 1364/1041/816
s 814
f 578/1049/817 748/1050/817 1365/1048/817
s 815
f 1365/1048/818 749/1051/818 1368/1042/818
s 816
f 1368/1042/819 750/1052/819 1371/1045/819
s 817
f 1371/1045/820 504/626/820 751/1031/820
s 818
f 1370/1043/821 751/1031/821 752/1029/821
s 819
f 1369/1044/822 752/1029/822 753/1028/822
s 820
f 659/614/823 753/1028/824 487/612/824
s 821
f 658/608/825 1369/1044/825 659/614/825
s 822
f 657/605/826 1366/1040/826 658/608/826
s 823
f 1372/1053/827 1376/1054/827 1375/1055/827
s 824
f 1373/1056/828 1377/1057/828 1376/1054/828
s 825
f 1375/1055/829 1379/1058/829 1378/1059/829
s 826
f 1376/1054/830 1380/1060/830 1379/1058/830
s 827
f 486/1061/831 1372/1053/831 748/1050/831
s 828
f 656/1062/832 1373/1056/832 1372/1053/832
s 829
f 655/1063/833 1374/1064/833 1373/1056/833
s 830
f 654/1065/834 600/1066/834 1374/1064/834
s 831
f 1374/1064/835 599/1067/835 1377/1057/835
s 832
f 1377/1057/836 598/1068/836 1380/1060/836
s 833
f 1380/1060/837 488/1069/837 754/631/837
s 834
f 1379/1058/838 754/631/839 755/629/838
s 835
f 1378/1059/840 755/629/840 756/628/840
s 836
f 750/1052/841 756/628/841 504/626/841
s 837
f 749/1051/842 1378/1059/842 750/1052/843
s 838
f 748/1050/844 1375/1055/844 749/1051/844
s 839
f 1384/1070/845 2174/1071/845 2171/1072/845
s 840
f 1382/1073/846 1385/1074/846 1384/1070/847
s 841
f 1384/1070/848 1387/1075/848 1386/1076/848
s 842
f 765/1077/849 1382/1073/850 1381/1078/849
s 843
f 764/1079/851 1383/1080/851 1382/1073/852
s 844
f 763/1081/853 757/586/853 1383/1080/853
s 845
f 1383/1080/854 758/600/854 1385/1074/854
s 846
f 1385/1074/855 759/598/855 1387/1075/855
s 847
f 1387/1075/856 499/599/856 697/847/856
s 848
f 1386/1076/504 697/847/504 696/845/504
s 849
f 1388/1082/857 1392/1083/857 1391/1084/857
s 850
f 1389/1085/858 1393/1086/858 1392/1083/858
s 851
f 1391/1084/859 1395/1087/860 1394/1088/859
s 852
f 1392/1083/861 1396/1089/861 1395/1087/861
s 853
f 690/1034/862 1389/1085/862 1388/1082/862
s 854
f 691/1033/863 1390/1090/863 1389/1085/863
s 855
f 692/1032/864 760/1091/865 1390/1090/864
s 856
f 1390/1090/866 761/1092/867 1393/1086/867
s 857
f 1393/1086/868 762/1093/868 1396/1089/868
s 858
f 1396/1089/869 505/585/870 763/1081/870
s 859
f 1395/1087/871 763/1081/871 764/1079/871
s 860
f 1394/1088/872 764/1079/872 765/1077/872
s 861
f 1397/1094/873 1401/1095/873 1400/1096/873
s 862
f 1398/1097/874 1402/1098/874 1401/1095/874
s 863
f 1400/1096/875 1404/1099/875 1403/1100/875
s 864
f 1401/1095/876 1405/1101/876 1404/1099/876
s 865
f 497/640/877 1397/1094/877 760/1091/877
s 866
f 636/638/878 1398/1097/878 1397/1094/878
s 867
f 637/637/879 1399/1102/879 1398/1097/879
s 868
f 638/636/880 603/1103/880 1399/1102/880
s 869
f 1399/1102/881 602/1104/881 1402/1098/881
s 870
f 1402/1098/882 601/1105/883 1405/1101/883
s 871
f 1405/1101/884 489/1106/884 766/590/884
s 872
f 1404/1099/885 766/590/885 767/588/885
s 873
f 1403/1100/886 767/588/886 768/587/886
s 874
f 762/1093/887 768/587/887 505/585/887
s 875
f 761/1092/888 1403/1100/889 762/1093/889
s 876
f 760/1091/890 1400/1096/890 761/1092/890
s 877
f 1408/1107/891 1418/1108/891 1407/1109/891
s 878
f 1409/1110/892 1406/1111/893 1408/1107/894
s 879
f 1411/1112/895 1406/1111/895 1410/1113/895
s 880
f 1414/1114/896 1412/1115/896 1413/1116/896
s 881
f 1416/1117/897 1414/1114/897 1415/1118/897
s 882
f 1417/1119/898 1406/1111/899 1416/1117/898
s 883
f 596/661/900 1407/1109/900 597/663/900
s 884
f 1407/1109/901 839/1120/901 838/1121/901
s 885
f 478/660/902 1409/1110/902 595/658/902
s 886
f 843/1122/903 1410/1113/904 1409/1110/904
s 887
f 595/658/905 1408/1107/905 596/661/905
s 888
f 654/1065/906 841/1123/906 477/1124/906
s 889
f 654/1065/907 1412/1115/907 1411/1112/907
s 890
f 1411/1112/908 842/1125/908 841/1123/908
s 891
f 578/1049/909 656/1062/909 486/1061/909
s 892
f 579/1047/910 1413/1116/910 578/1049/910
s 893
f 1413/1116/911 655/1063/911 656/1062/911
s 894
f 594/1126/912 580/1046/912 476/607/912
s 895
f 593/1127/913 1415/1118/914 594/1126/913
s 896
f 1415/1118/915 579/1047/915 580/1046/915
s 897
f 516/1128/916 1417/1119/917 592/1129/916
s 898
f 840/1130/918 1418/1108/918 1417/1119/918
s 899
f 592/1129/919 1416/1117/920 593/1127/920
s 900
f 1419/1131/921 1423/1132/921 1422/1133/921
s 901
f 1420/1134/922 1424/1135/922 1423/1132/922
s 902
f 1422/1133/923 1426/1136/923 1425/1137/923
s 903
f 1423/1132/924 1427/1138/925 1426/1136/924
s 904
f 506/978/926 1419/1131/926 775/980/926
s 905
f 774/754/927 1420/1134/927 1419/1131/927
s 906
f 773/752/928 1421/1139/929 1420/1134/929
s 907
f 772/751/930 639/862/930 1421/1139/930
s 908
f 1421/1139/931 640/861/931 1424/1135/931
s 909
f 1424/1135/932 641/860/932 1427/1138/932
s 910
f 1427/1138/933 482/594/933 778/1140/934
s 911
f 1426/1136/935 778/1140/935 779/1141/935
s 912
f 1425/1137/936 779/1141/936 780/1142/936
s 913
f 777/982/937 780/1142/937 507/981/937
s 914
f 776/979/938 1425/1137/939 777/982/938
s 915
f 775/980/940 1422/1133/940 776/979/940
s 916
f 1428/1143/941 1432/1144/941 1431/1145/941
s 917
f 1429/1146/942 1433/1147/942 1432/1144/942
s 918
f 1432/1144/943 1434/1148/943 1431/1145/943
s 919
f 1432/1144/944 1436/1149/944 1435/1150/944
s 920
f 507/981/945 1428/1143/945 781/983/945
s 921
f 780/1142/946 1429/1146/946 1428/1143/946
s 922
f 779/1141/947 1430/1151/947 1429/1146/947
s 923
f 778/1140/948 663/593/949 1430/1151/949
s 924
f 1430/1151/950 664/592/950 1433/1147/950
s 925
f 1433/1147/951 665/591/951 1436/1149/951
s 926
f 1436/1149/952 489/1106/952 784/1152/952
s 927
f 1435/1150/953 784/1152/953 785/1153/953
s 928
f 1435/1150/954 786/1154/954 1434/1148/954
s 929
f 1434/1148/955 508/984/955 783/985/955
s 930
f 1431/1145/956 783/985/956 782/987/956
s 931
f 1428/1143/957 782/987/957 781/983/957
s 932
f 1439/1155/958 1447/1156/958 1438/1157/958
s 933
f 1441/1158/959 1439/1155/959 1440/1159/959
s 934
f 1442/1160/960 1437/1161/960 1441/1158/960
s 935
f 1445/1162/961 1443/1163/961 1444/1164/961
s 936
f 1446/1165/962 1437/1161/962 1445/1162/962
s 937
f 786/1154/963 669/986/963 508/984/963
s 938
f 785/1153/964 1438/1157/964 786/1154/964
s 939
f 1438/1157/965 670/976/965 669/986/965
s 940
f 601/1105/966 784/1152/966 489/1106/966
s 941
f 602/1104/967 1440/1159/967 601/1105/967
s 942
f 1440/1159/968 785/1153/968 784/1152/968
s 943
f 481/635/969 1442/1160/970 603/1103/969
s 944
f 790/1166/971 1443/1163/971 1442/1160/971
s 945
f 603/1103/972 1441/1158/972 602/1104/972
s 946
f 789/1167/973 792/1168/974 509/1169/973
s 947
f 788/1170/975 1444/1164/975 789/1167/975
s 948
f 1444/1164/976 791/1171/976 792/1168/976
s 949
f 491/974/977 1446/1165/978 787/1172/977
s 950
f 671/973/979 1447/1156/979 1446/1165/980
s 951
f 787/1172/981 1445/1162/981 788/1170/981
s 952
f 1448/1173/982 1452/1174/982 1451/1175/983
s 953
f 1449/1176/984 1453/1177/984 1452/1174/984
s 954
f 1451/1175/985 1455/1178/985 1454/1179/985
s 955
f 1452/1174/986 1456/1180/987 1455/1178/987
s 956
f 509/1169/988 1448/1173/988 793/1181/988
s 957
f 792/1168/989 1449/1176/989 1448/1173/990
s 958
f 791/1171/991 1450/1182/992 1449/1176/992
s 959
f 790/1166/993 660/634/993 1450/1182/993
s 960
f 1450/1182/994 661/633/994 1453/1177/994
s 961
f 1453/1177/995 662/632/995 1456/1180/995
s 962
f 1456/1180/996 488/1069/996 796/1183/996
s 963
f 1455/1178/997 796/1183/997 797/1184/997
s 964
f 1454/1179/998 797/1184/999 798/1185/998
s 965
f 795/1186/1000 798/1185/1000 510/1006/1000
s 966
f 794/1187/1001 1454/1179/1001 795/1186/1001
s 967
f 793/1181/1002 1451/1175/1003 794/1187/1002
s 968
f 1457/1188/1004 1461/1189/1004 1460/1190/1004
s 969
f 1458/1191/1005 1462/1192/1005 1461/1189/1005
s 970
f 1460/1190/1006 1464/1193/1007 1463/1194/1007
s 971
f 1461/1189/1008 1465/1195/1009 1464/1193/1010
s 972
f 510/1006/1011 1457/1188/1011 615/1005/1011
s 973
f 798/1185/1012 1458/1191/1012 1457/1188/1012
s 974
f 797/1184/1013 1459/1196/1014 1458/1191/1014
s 975
f 796/1183/1015 598/1068/1015 1459/1196/1015
s 976
f 1459/1196/1016 599/1067/1016 1462/1192/1016
s 977
f 1462/1192/1017 600/1066/1017 1465/1195/1017
s 978
f 1465/1195/1018 477/1124/1018 841/1123/1018
s 979
f 1464/1193/1019 841/1123/1019 842/1125/1019
s 980
f 1463/1194/1020 842/1125/1020 843/1122/1020
s 981
f 617/996/1021 843/1122/1021 478/660/1021
s 982
f 616/1007/1022 1463/1194/1023 617/996/1022
s 983
f 615/1005/1024 1460/1190/1025 616/1007/1024
s 984
f 1468/1197/1026 1476/1198/1026 1467/1199/1026
s 985
f 1470/1200/1027 1468/1197/1027 1469/1201/1027
s 986
f 1471/1202/1028 1466/1203/1028 1470/1200/1029
s 987
f 1474/1204/1030 1472/1205/1030 1473/1206/1030
s 988
f 1475/1207/1031 1466/1203/1031 1474/1204/1031
s 989
f 510/1006/1032 1467/1199/1032 795/1186/1032
s 990
f 817/1004/1033 1468/1197/1033 1467/1199/1033
s 991
f 1467/1199/1034 794/1187/1034 795/1186/1034
s 992
f 736/1208/1035 819/1002/1036 515/1001/1035
s 993
f 737/1209/1037 1469/1201/1037 736/1208/1037
s 994
f 1469/1201/1038 818/1003/1038 819/1002/1038
s 995
f 503/766/1039 1471/1202/1039 738/1210/1039
s 996
f 739/977/1040 1472/1205/1040 1471/1202/1040
s 997
f 738/1210/1041 1470/1200/1041 737/1209/1041
s 998
f 787/1172/1042 741/972/1042 491/974/1042
s 999
f 788/1170/1043 1473/1206/1043 787/1172/1043
s 1000
f 1473/1206/1044 740/975/1044 741/972/1044
s 1001
f 509/1169/1045 1475/1207/1045 789/1167/1045
s 1002
f 793/1181/1046 1476/1198/1046 1475/1207/1046
s 1003
f 789/1167/1047 1474/1204/1047 788/1170/1047
s 1004
f 1477/1211/1048 1481/1212/1048 1480/1213/1048
s 1005
f 1478/1214/1049 1482/1215/1049 1481/1212/1049
s 1006
f 1480/1213/1050 1484/1216/1050 1483/1217/1051
s 1007
f 1481/1212/1052 1485/1218/1052 1484/1216/1052
s 1008
f 512/942/1053 1477/1211/1053 804/1219/1054
s 1009
f 820/940/1055 1478/1214/1055 1477/1211/1055
s 1010
f 821/939/1056 1479/1220/1057 1478/1214/1056
s 1011
f 822/938/1058 724/1221/1058 1479/1220/1058
s 1012
f 1479/1220/1059 725/1222/1059 1482/1215/1059
s 1013
f 1482/1215/1060 726/1223/1060 1485/1218/1060
s 1014
f 1485/1218/1061 502/787/1061 727/924/1061
s 1015
f 1484/1216/1062 727/924/1062 728/922/1062
s 1016
f 1483/1217/1063 728/922/1063 729/921/1063
s 1017
f 802/1224/1064 729/921/1064 492/920/1064
s 1018
f 803/1225/1065 1483/1217/1065 802/1224/1065
s 1019
f 804/1219/1066 1480/1213/1067 803/1225/1066
s 1020
f 1486/1226/1068 1490/1227/1068 1489/1228/1069
s 1021
f 1487/1229/1070 1491/1230/1070 1490/1227/1070
s 1022
f 1489/1228/1071 1493/1231/1071 1492/1232/1071
s 1023
f 1490/1227/1072 1494/1233/1072 1493/1231/1072
s 1024
f 514/893/1073 1486/1226/1074 813/1234/1075
s 1025
f 823/891/1076 1487/1229/1076 1486/1226/1076
s 1026
f 824/890/1077 1488/1235/1077 1487/1229/1077
s 1027
f 825/889/1078 712/1236/1078 1488/1235/1078
s 1028
f 1488/1235/1079 713/1237/1079 1491/1230/1079
s 1029
f 1491/1230/1080 714/1238/1080 1494/1233/1080
s 1030
f 1494/1233/1081 501/804/1081 715/875/1081
s 1031
f 1493/1231/1082 715/875/1083 716/873/1083
s 1032
f 1492/1232/1084 716/873/1084 717/872/1084
s 1033
f 811/1239/1085 717/872/1085 494/871/1085
s 1034
f 812/1240/1086 1492/1232/1086 811/1239/1086
s 1035
f 813/1234/1087 1489/1228/1087 812/1240/1088
s 1036
f 1495/1241/1089 1499/1242/1089 1498/1243/1090
s 1037
f 1496/1244/1091 1500/1245/1091 1499/1242/1091
s 1038
f 1498/1243/1092 1502/1246/1092 1501/1247/1092
s 1039
f 1499/1242/1093 1503/1248/1093 1502/1246/1093
s 1040
f 515/1001/1094 1495/1241/1095 736/1208/1095
s 1041
f 826/1019/1096 1496/1244/1097 1495/1241/1096
s 1042
f 827/1018/1098 1497/1249/1098 1496/1244/1098
s 1043
f 828/1017/1099 804/1219/1100 1497/1249/1100
s 1044
f 1497/1249/1101 803/1225/1101 1500/1245/1101
s 1045
f 1500/1245/1102 802/1224/1102 1503/1248/1102
s 1046
f 1503/1248/1103 492/920/1103 742/771/1103
s 1047
f 1502/1246/1104 742/771/1104 743/769/1104
s 1048
f 1501/1247/1105 743/769/1105 744/768/1105
s 1049
f 738/1210/1106 744/768/1106 503/766/1106
s 1050
f 737/1209/1107 1501/1247/1107 738/1210/1107
s 1051
f 736/1208/1108 1498/1243/1108 737/1209/1108
s 1052
f 1504/1250/1109 1508/1251/1109 1507/1252/1109
s 1053
f 1505/1253/1110 1509/1254/1110 1508/1251/1110
s 1054
f 1507/1252/1111 1511/1255/1111 1510/1256/1111
s 1055
f 1508/1251/1112 1512/1257/1112 1511/1255/1112
s 1056
f 511/937/1113 1504/1250/1113 724/1221/1113
s 1057
f 829/956/1114 1505/1253/1114 1504/1250/1114
s 1058
f 830/955/1115 1506/1258/1115 1505/1253/1115
s 1059
f 831/954/1116 813/1234/1116 1506/1258/1116
s 1060
f 1506/1258/1117 812/1240/1118 1509/1254/1117
s 1061
f 1509/1254/1119 811/1239/1119 1512/1257/1119
s 1062
f 1512/1257/1120 494/871/1120 730/789/1120
s 1063
f 1511/1255/1121 730/789/1121 731/788/1121
s 1064
f 1510/1256/1122 731/788/1122 732/785/1122
s 1065
f 726/1223/1123 732/785/1123 502/787/1124
s 1066
f 725/1222/1125 1510/1256/1125 726/1223/1125
s 1067
f 724/1221/1126 1507/1252/1127 725/1222/1127
s 1068
f 1513/1259/1128 1517/1260/1128 1516/1261/1128
s 1069
f 1514/1262/1129 1518/1263/1129 1517/1260/1129
s 1070
f 1516/1261/1130 1520/1264/1130 1519/1265/1130
s 1071
f 1517/1260/1131 1521/1266/1131 1520/1264/1131
s 1072
f 513/888/1132 1513/1259/1132 712/1236/1132
s 1073
f 832/910/1133 1514/1262/1133 1513/1259/1133
s 1074
f 833/909/1134 1515/1267/1134 1514/1262/1134
s 1075
f 834/908/1135 810/1268/1135 1515/1267/1135
s 1076
f 1515/1267/1136 809/1269/1136 1518/1263/1136
s 1077
f 1518/1263/1137 808/1270/1137 1521/1266/1137
s 1078
f 1521/1266/1138 545/1271/1138 718/808/1138
s 1079
f 1520/1264/1139 718/808/1139 719/807/1139
s 1080
f 1519/1265/1140 719/807/1140 720/806/1140
s 1081
f 714/1238/1141 720/806/1141 501/804/1141
s 1082
f 713/1237/1142 1519/1265/1142 714/1238/1142
s 1083
f 712/1236/1143 1516/1261/1143 713/1237/1143
s 1084
f 1524/1272/1144 1532/1273/1144 1523/1274/1144
s 1085
f 1525/1275/1145 1522/1276/1145 1524/1272/1145
s 1086
f 1528/1277/1146 1526/1278/1146 1527/1279/1146
s 1087
f 1530/1280/1147 1528/1277/1147 1529/1281/1148
s 1088
f 1531/1282/1149 1522/1276/1149 1530/1280/1149
s 1089
f 1523/1274/1150 861/1283/1150 862/1284/1150
s 1090
f 859/1285/1151 1526/1278/1151 1525/1275/1151
s 1091
f 957/1286/1152 857/1287/1152 527/1288/1152
s 1092
f 958/1289/1153 1527/1279/1153 957/1286/1153
s 1093
f 1527/1279/1154 858/1290/1154 857/1287/1154
s 1094
f 906/1291/1155 959/1292/1155 544/1293/1155
s 1095
f 907/1294/1156 1529/1281/1156 906/1291/1156
s 1096
f 1529/1281/1157 958/1289/1157 959/1292/1157
s 1097
f 528/1295/1158 1531/1282/1158 908/1296/1159
s 1098
f 860/1297/1160 1532/1273/1161 1531/1282/1161
s 1099
f 908/1296/1162 1530/1280/1162 907/1294/1162
s 1100
f 1535/1298/1163 1543/1299/1163 1534/1300/1163
s 1101
f 1536/1301/1164 1533/1302/1164 1535/1298/1164
s 1102
f 1539/1303/1165 1537/1304/1165 1538/1305/1165
s 1103
f 1541/1306/1166 1539/1303/1166 1540/1307/1166
s 1104
f 1542/1308/1167 1533/1302/1167 1541/1306/1167
s 1105
f 1534/1300/1168 582/566/1169 583/567/1168
s 1106
f 862/1284/1170 1537/1304/1171 1536/1301/1170
s 1107
f 960/1309/1172 860/1297/1172 528/1295/1172
s 1108
f 961/1310/1173 1538/1305/1173 960/1309/1173
s 1109
f 1538/1305/1174 861/1283/1174 860/1297/1174
s 1110
f 909/1311/1175 962/1312/1175 546/1313/1175
s 1111
f 910/1314/1176 1540/1307/1176 909/1311/1176
s 1112
f 1540/1307/1177 961/1310/1177 962/1312/1177
s 1113
f 529/568/1178 1542/1308/1178 911/1315/1178
s 1114
f 581/569/1179 1543/1299/1179 1542/1308/1179
s 1115
f 911/1315/1180 1541/1306/1180 910/1314/1180
s 1116
f 1544/1316/1181 1548/1317/1182 1547/1318/1181
s 1117
f 1545/1319/1183 1549/1320/1183 1548/1317/1184
s 1118
f 1547/1318/1185 1551/1321/1185 1550/1322/1185
s 1119
f 1548/1317/1186 1552/1323/1186 1551/1321/1186
s 1120
f 555/1324/1187 1544/1316/1187 1041/1325/1187
s 1121
f 1030/1326/1188 1545/1319/1188 1544/1316/1188
s 1122
f 1031/1327/1189 1546/1328/1189 1545/1319/1189
s 1123
f 1032/1329/1190 918/1330/1190 1546/1328/1191
s 1124
f 1546/1328/1192 919/1331/1192 1549/1320/1193
s 1125
f 1549/1320/1194 920/1332/1194 1552/1323/1194
s 1126
f 1552/1323/1195 531/1333/1195 939/1334/1195
s 1127
f 1551/1321/1196 939/1334/1196 940/1335/1196
s 1128
f 1550/1322/1197 940/1335/1197 941/1336/1197
s 1129
f 1039/1337/1198 941/1336/1198 538/1338/1198
s 1130
f 1040/1339/1199 1550/1322/1200 1039/1337/1199
s 1131
f 1041/1325/1201 1547/1318/1201 1040/1339/1201
s 1132
f 863/1340/1202 886/1341/1202 525/1342/1202
s 1133
f 1977/1343/1203 1978/1344/1203 1554/1345/1203
s 1134
f 1984/1346/1204 1976/1347/1204 1555/1348/1204
s 1135
f 536/1349/1205 1554/1345/1205 865/1350/1205
s 1136
f 935/1351/1206 1555/1348/1206 1554/1345/1206
s 1137
f 1986/1352/1207 865/1350/1208 1985/1353/1209
s 1138
f 847/1354/1210 933/1355/1210 522/1356/1210
s 1139
f 1974/1357/1211 1983/1358/1211 1556/1359/1211
s 1140
f 1556/1359/1212 934/1360/1212 933/1355/1212
s 1141
f 1557/1361/1213 1561/1362/1213 1560/1363/1213
s 1142
f 1558/1364/1214 1562/1365/1214 1561/1362/1214
s 1143
f 1560/1363/1215 1564/1366/1215 1563/1367/1215
s 1144
f 1561/1362/1216 1565/1368/1216 1564/1366/1216
s 1145
f 554/1369/1217 1557/1361/1217 1029/1370/1217
s 1146
f 1018/1371/1218 1558/1364/1218 1557/1361/1218
s 1147
f 1019/1372/1219 1559/1373/1219 1558/1364/1219
s 1148
f 1020/1374/1220 912/1375/1220 1559/1373/1220
s 1149
f 1559/1373/1221 913/1376/1221 1562/1365/1222
s 1150
f 1562/1365/1223 914/1377/1223 1565/1368/1223
s 1151
f 1565/1368/1224 530/1378/1225 936/1379/1224
s 1152
f 1564/1366/1226 936/1379/1226 937/1380/1226
s 1153
f 1563/1367/1227 937/1380/1227 938/1381/1227
s 1154
f 1027/1382/1228 938/1381/1228 537/1383/1228
s 1155
f 1028/1384/1229 1563/1367/1229 1027/1382/1229
s 1156
f 1029/1370/1230 1560/1363/1231 1028/1384/1230
s 1157
f 1568/1385/1232 1576/1386/1232 1567/1387/1232
s 1158
f 1569/1388/1233 1566/1389/1234 1568/1385/1233
s 1159
f 1572/1390/1235 1570/1391/1235 1571/1392/1235
s 1160
f 1573/1393/1236 1566/1389/1236 1572/1390/1236
s 1161
f 1575/1394/1237 1566/1389/1237 1574/1395/1237
s 1162
f 1567/1387/1238 858/1290/1238 859/1285/1238
s 1163
f 872/1396/1239 1570/1391/1239 1569/1388/1239
s 1164
f 951/1397/1240 870/1398/1240 526/1399/1240
s 1165
f 952/1400/1241 1571/1392/1241 951/1397/1241
s 1166
f 1571/1392/1242 871/1401/1242 870/1398/1242
s 1167
f 900/1402/1243 953/1403/1243 542/1404/1243
s 1168
f 901/1405/1244 1573/1393/1244 900/1402/1244
s 1169
f 953/1403/1245 1572/1390/1245 952/1400/1245
s 1170
f 527/1288/1246 1575/1394/1246 902/1406/1246
s 1171
f 857/1287/1247 1576/1386/1247 1575/1394/1247
s 1172
f 902/1406/1248 1574/1395/1248 901/1405/1248
s 1173
f 1578/1407/1249 1580/1408/1249 1577/1409/1249
s 1174
f 1579/1410/1250 1581/1411/1250 1578/1407/1250
s 1175
f 887/1412/1251 863/1340/1251 525/1342/1251
s 1176
f 888/1413/1252 1577/1409/1252 887/1412/1252
s 1177
f 889/1414/1253 1578/1407/1253 888/1413/1253
s 1178
f 524/1415/1254 1579/1410/1254 889/1414/1254
s 1179
f 891/1416/1255 1582/1417/1255 1579/1410/1255
s 1180
f 890/1418/1256 2041/1419/1256 1583/1420/1256
s 1181
f 1577/1409/1257 864/1421/1257 863/1340/1257
s 1182
f 1586/1422/1258 1591/1423/1258 1585/1424/1258
s 1183
f 1589/1425/1259 1587/1426/1259 1588/1427/1259
s 1184
f 1590/1428/1260 1584/1429/1260 1589/1425/1260
s 1185
f 520/1430/1261 1585/1424/1261 850/1431/1261
s 1186
f 885/1432/1262 1585/1424/1262 884/1433/1262
s 1187
f 850/1431/1263 1591/1423/1263 849/1434/1263
s 1188
f 924/1435/1264 880/1436/1264 519/1437/1264
s 1189
f 925/1438/1265 1588/1427/1266 924/1435/1265
s 1190
f 1588/1427/1267 881/1439/1267 880/1436/1267
s 1191
f 848/1440/1268 926/1441/1268 533/1442/1268
s 1192
f 849/1434/1269 1590/1428/1269 848/1440/1269
s 1193
f 1590/1428/1270 925/1438/1270 926/1441/1270
s 1194
f 517/1443/1271 1592/1444/1271 1107/1445/1271
s 1195
f 888/1413/1272 1596/1446/1272 1594/1447/1272
s 1196
f 1105/1448/1273 884/1433/1273 520/1430/1273
s 1197
f 1106/1449/1274 1595/1450/1274 1105/1448/1274
s 1198
f 1107/1445/1275 1593/1451/1275 1106/1449/1275
s 1199
f 1599/1452/1276 1604/1453/1276 1598/1454/1276
s 1200
f 1602/1455/1277 1600/1456/1277 1601/1457/1277
s 1201
f 1603/1458/1278 1597/1459/1278 1602/1455/1279
s 1202
f 882/1460/1280 853/1461/1280 521/1462/1280
s 1203
f 883/1463/1281 1598/1454/1281 882/1460/1281
s 1204
f 1598/1454/1282 852/1464/1282 853/1461/1282
s 1205
f 927/1465/1283 605/710/1283 518/712/1283
s 1206
f 928/1466/1284 1601/1457/1284 927/1465/1284
s 1207
f 1601/1457/1285 606/713/1285 605/710/1285
s 1208
f 851/1467/1286 929/1468/1286 534/1469/1286
s 1209
f 852/1464/1287 1603/1458/1287 851/1467/1287
s 1210
f 1603/1458/1288 928/1466/1288 929/1468/1288
s 1211
f 1607/1470/1289 1612/1471/1289 1606/1472/1289
s 1212
f 1610/1473/1290 1608/1474/1290 1609/1475/1290
s 1213
f 1612/1471/1291 1610/1473/1291 1611/1476/1291
s 1214
f 880/1436/1292 846/1477/1292 519/1437/1293
s 1215
f 881/1439/1294 1606/1472/1295 880/1436/1294
s 1216
f 846/1477/1296 1612/1471/1296 845/1478/1296
s 1217
f 521/1462/1297 1609/1475/1297 882/1460/1297
s 1218
f 921/1479/1298 1610/1473/1298 1609/1475/1298
s 1219
f 882/1460/1299 1608/1474/1299 883/1463/1299
s 1220
f 844/1480/1300 923/1481/1300 532/1482/1300
s 1221
f 845/1478/1301 1611/1476/1301 844/1480/1301
s 1222
f 1611/1476/1302 922/1483/1302 923/1481/1302
s 1223
f 1614/1484/1303 1618/1485/1303 1617/1486/1303
s 1224
f 879/1487/1304 942/1488/1304 1613/1489/1304
s 1225
f 1613/1489/1305 943/1490/1305 1615/1491/1305
s 1226
f 1615/1491/1306 944/1492/1306 1618/1485/1306
s 1227
f 944/1492/1307 892/1493/1307 1618/1485/1308
s 1228
f 1618/1485/1309 893/1494/1309 1617/1486/1309
s 1229
f 1617/1486/1310 893/1494/1310 2040/1495/1310
s 1230
f 1620/1496/1311 1622/1497/1311 1619/1498/1311
s 1231
f 1621/1499/1312 1623/1500/1312 1620/1496/1312
s 1232
f 1623/1500/1313 1625/1501/1313 1622/1497/1313
s 1233
f 1624/1502/1314 1626/1503/1314 1623/1500/1314
s 1234
f 1107/1445/1315 966/1504/1315 517/1443/1315
s 1235
f 1106/1449/1316 1619/1498/1316 1107/1445/1316
s 1236
f 1105/1448/1317 1620/1496/1317 1106/1449/1317
s 1237
f 520/1430/1318 1621/1499/1318 1105/1448/1318
s 1238
f 1042/1505/1319 1624/1502/1319 1621/1499/1319
s 1239
f 1043/1506/1320 1627/1507/1320 1624/1502/1320
s 1240
f 1044/1508/1321 1047/1509/1321 1627/1507/1321
s 1241
f 1627/1507/1322 1046/1510/1322 1626/1503/1322
s 1242
f 1626/1503/1323 1045/1511/1323 1625/1501/1323
s 1243
f 1625/1501/1324 548/1512/1324 968/1513/1324
s 1244
f 1622/1497/1325 968/1513/1325 967/1514/1325
s 1245
f 1619/1498/1326 967/1514/1326 966/1504/1326
s 1246
f 1628/1515/1327 1632/1516/1327 1631/1517/1327
s 1247
f 1630/1518/1328 1632/1516/1328 1629/1519/1328
s 1248
f 1631/1517/1329 1635/1520/1329 1634/1521/1329
s 1249
f 1632/1516/1330 1636/1522/1331 1635/1520/1331
s 1250
f 553/1523/1332 1628/1515/1332 1017/1524/1332
s 1251
f 1006/1525/1333 1629/1519/1333 1628/1515/1333
s 1252
f 1008/1526/1334 1629/1519/1334 1007/1527/1334
s 1253
f 533/1442/1335 1630/1518/1335 1008/1526/1335
s 1254
f 926/1441/1336 1633/1528/1336 1630/1518/1336
s 1255
f 925/1438/1337 1636/1522/1337 1633/1528/1337
s 1256
f 1636/1522/1338 519/1437/1338 948/1529/1338
s 1257
f 1635/1520/1339 948/1529/1339 949/1530/1339
s 1258
f 1634/1521/1340 949/1530/1340 950/1531/1340
s 1259
f 1015/1532/1341 950/1531/1341 541/1533/1341
s 1260
f 1016/1534/1342 1634/1521/1342 1015/1532/1342
s 1261
f 1017/1524/1343 1631/1517/1343 1016/1534/1343
s 1262
f 1638/1535/1344 1640/1536/1344 1637/1537/1344
s 1263
f 1639/1538/1345 1641/1539/1345 1638/1535/1346
s 1264
f 1641/1539/1347 1643/1540/1347 1640/1536/1348
s 1265
f 1642/1541/1349 1644/1542/1349 1641/1539/1349
s 1266
f 994/1543/1350 1005/1544/1350 552/1545/1350
s 1267
f 995/1546/1351 1637/1537/1351 994/1543/1351
s 1268
f 996/1547/1352 1638/1535/1352 995/1546/1352
s 1269
f 532/1482/1353 1639/1538/1353 996/1547/1353
s 1270
f 923/1481/1354 1642/1541/1354 1639/1538/1354
s 1271
f 922/1483/1355 1645/1548/1355 1642/1541/1355
s 1272
f 921/1479/1356 954/1549/1356 1645/1548/1356
s 1273
f 1645/1548/1357 955/1550/1357 1644/1542/1357
s 1274
f 1644/1542/1358 956/1551/1358 1643/1540/1358
s 1275
f 1003/1552/1359 956/1551/1359 543/1553/1359
s 1276
f 1640/1536/1360 1003/1552/1360 1004/1554/1360
s 1277
f 1637/1537/1361 1004/1554/1361 1005/1544/1361
s 1278
f 1647/1555/1362 1649/1556/1362 1646/1557/1362
s 1279
f 1648/1558/1363 1650/1559/1363 1647/1555/1363
s 1280
f 1650/1559/1364 1652/1560/1364 1649/1556/1364
s 1281
f 1651/1561/1365 1653/1562/1365 1650/1559/1365
s 1282
f 551/1563/1366 1646/1557/1366 993/1564/1366
s 1283
f 983/1565/1367 1646/1557/1367 982/1566/1367
s 1284
f 984/1567/1368 1647/1555/1368 983/1565/1368
s 1285
f 534/1469/1369 1648/1558/1369 984/1567/1369
s 1286
f 929/1468/1370 1651/1561/1370 1648/1558/1370
s 1287
f 928/1466/1371 1654/1568/1371 1651/1561/1371
s 1288
f 1654/1568/1372 518/712/1373 684/811/1372
s 1289
f 1653/1562/1374 684/811/1374 685/810/1374
s 1290
f 1652/1560/1375 685/810/1375 686/809/1375
s 1291
f 991/1569/1376 686/809/1376 545/1271/1376
s 1292
f 992/1570/1377 1652/1560/1377 991/1569/1377
s 1293
f 993/1564/1378 1649/1556/1378 992/1570/1379
s 1294
f 1655/1571/1380 1659/1572/1380 1658/1573/1380
s 1295
f 1656/1574/1381 1660/1575/1381 1659/1572/1382
s 1296
f 1658/1573/1383 1662/1576/1383 1661/1577/1383
s 1297
f 1659/1572/1384 1663/1578/1384 1662/1576/1384
s 1298
f 550/1579/1385 1655/1571/1385 981/1580/1385
s 1299
f 971/1581/1386 1656/1574/1386 1655/1571/1386
s 1300
f 972/1582/1387 1657/1583/1387 1656/1574/1387
s 1301
f 539/1584/1388 1657/1583/1389 973/1585/1388
s 1302
f 1657/1583/1390 943/1490/1391 1660/1575/1390
s 1303
f 1660/1575/1392 942/1488/1393 1663/1578/1393
s 1304
f 1663/1578/1394 517/1443/1395 966/1504/1394
s 1305
f 1662/1576/1396 966/1504/1396 967/1514/1396
s 1306
f 1661/1577/1397 967/1514/1397 968/1513/1397
s 1307
f 979/1586/1398 968/1513/1398 548/1512/1398
s 1308
f 980/1587/1399 1661/1577/1399 979/1586/1399
s 1309
f 981/1580/1400 1658/1573/1400 980/1587/1400
s 1310
f 1664/1588/1401 1668/1589/1401 1667/1590/1401
s 1311
f 1665/1591/1402 1669/1592/1402 1668/1589/1403
s 1312
f 1666/1593/1404 892/1493/1404 1669/1592/1405
s 1313
f 1669/1592/1406 539/1584/1406 973/1585/1406
s 1314
f 1668/1589/1407 973/1585/1408 972/1582/1407
s 1315
f 1667/1590/1409 972/1582/1409 971/1581/1409
s 1316
f 977/1594/1410 971/1581/1410 550/1579/1410
s 1317
f 978/1595/1411 1667/1590/1411 977/1594/1411
s 1318
f 1670/1596/1412 1674/1597/1412 1673/1598/1412
s 1319
f 1671/1599/1413 1675/1600/1413 1674/1597/1413
s 1320
f 1672/1601/1414 977/1594/1414 1675/1600/1414
s 1321
f 1675/1600/1415 550/1579/1415 976/1602/1415
s 1322
f 1674/1597/1416 976/1602/1416 975/1603/1416
s 1323
f 1673/1598/1417 975/1603/1417 974/1604/1417
s 1324
f 970/1605/1418 974/1604/1418 549/1606/1418
s 1325
f 969/1607/1419 1673/1598/1419 970/1605/1419
s 1326
f 1676/1608/1420 1680/1609/1420 1679/1610/1421
s 1327
f 1677/1611/1422 1681/1612/1422 1680/1609/1422
s 1328
f 1679/1610/1423 1683/1613/1423 1682/1614/1423
s 1329
f 1680/1609/1424 1684/1615/1424 1683/1613/1424
s 1330
f 549/1606/1425 1676/1608/1425 918/1330/1425
s 1331
f 974/1604/1426 1677/1611/1426 1676/1608/1426
s 1332
f 975/1603/1427 1678/1616/1428 1677/1611/1427
s 1333
f 976/1602/1429 981/1580/1429 1678/1616/1429
s 1334
f 1678/1616/1430 980/1587/1431 1681/1612/1430
s 1335
f 1681/1612/1432 979/1586/1432 1684/1615/1432
s 1336
f 1684/1615/1433 548/1512/1433 915/1617/1433
s 1337
f 1683/1613/1434 915/1617/1434 916/1618/1434
s 1338
f 1682/1614/1435 916/1618/1435 917/1619/1435
s 1339
f 920/1332/1436 917/1619/1436 531/1333/1436
s 1340
f 919/1331/1437 1682/1614/1437 920/1332/1437
s 1341
f 918/1330/1438 1679/1610/1438 919/1331/1438
s 1342
f 1685/1620/1439 1689/1621/1439 1688/1622/1439
s 1343
f 1686/1623/1440 1690/1624/1440 1689/1621/1440
s 1344
f 1688/1622/1441 1692/1625/1441 1691/1626/1441
s 1345
f 1689/1621/1442 1693/1627/1442 1692/1625/1442
s 1346
f 543/1553/1443 1685/1620/1443 990/1628/1443
s 1347
f 955/1550/1444 1685/1620/1444 956/1551/1444
s 1348
f 954/1549/1445 1686/1623/1445 955/1550/1445
s 1349
f 521/1462/1446 1687/1629/1446 954/1549/1446
s 1350
f 1687/1629/1447 852/1464/1447 1690/1624/1447
s 1351
f 1690/1624/1448 851/1467/1448 1693/1627/1448
s 1352
f 1693/1627/1449 534/1469/1449 984/1567/1450
s 1353
f 1692/1625/1451 984/1567/1451 983/1565/1451
s 1354
f 1691/1626/1452 983/1565/1452 982/1566/1452
s 1355
f 988/1630/1453 982/1566/1454 551/1563/1454
s 1356
f 989/1631/1455 1691/1626/1455 988/1630/1455
s 1357
f 990/1628/1456 1688/1622/1456 989/1631/1456
s 1358
f 1694/1632/1457 1698/1633/1457 1697/1634/1457
s 1359
f 1695/1635/1458 1699/1636/1458 1698/1633/1458
s 1360
f 1697/1634/1459 1701/1637/1459 1700/1638/1459
s 1361
f 1698/1633/1460 1702/1639/1460 1701/1637/1460
s 1362
f 528/1295/1461 1694/1632/1462 960/1309/1461
s 1363
f 905/1640/1463 1695/1635/1463 1694/1632/1463
s 1364
f 904/1641/1464 1696/1642/1464 1695/1635/1464
s 1365
f 903/1643/1465 1093/1644/1465 1696/1642/1465
s 1366
f 1696/1642/1466 1094/1645/1466 1699/1636/1466
s 1367
f 1699/1636/1467 1095/1646/1467 1702/1639/1468
s 1368
f 1702/1639/1469 563/1647/1470 1080/1648/1470
s 1369
f 1701/1637/1471 1080/1648/1471 1079/1649/1471
s 1370
f 1701/1637/1472 1078/1650/1472 1700/1638/1472
s 1371
f 1700/1638/1473 546/1313/1473 962/1312/1473
s 1372
f 1697/1634/1474 962/1312/1474 961/1310/1474
s 1373
f 960/1309/1475 1697/1634/1475 961/1310/1475
s 1374
f 1703/1651/1476 1707/1652/1476 1706/1653/1476
s 1375
f 1704/1654/1477 1708/1655/1478 1707/1652/1477
s 1376
f 1706/1653/1479 1710/1656/1480 1709/1657/1479
s 1377
f 1707/1652/1481 1711/1658/1481 1710/1656/1482
s 1378
f 546/1313/1483 1703/1651/1483 909/1311/1483
s 1379
f 1078/1650/1484 1704/1654/1484 1703/1651/1485
s 1380
f 1079/1649/1486 1705/1659/1486 1704/1654/1486
s 1381
f 1080/1648/1487 1102/1660/1487 1705/1659/1487
s 1382
f 1705/1659/1488 1103/1661/1488 1708/1655/1488
s 1383
f 1708/1655/1489 1104/1662/1489 1711/1658/1489
s 1384
f 1711/1658/1490 564/907/1490 630/906/1490
s 1385
f 1710/1656/1491 630/906/1492 631/905/1491
s 1386
f 1709/1657/1493 631/905/1493 632/904/1493
s 1387
f 911/1315/1494 632/904/1494 529/568/1494
s 1388
f 910/1314/1495 1709/1657/1495 911/1315/1495
s 1389
f 909/1311/1496 1706/1653/1496 910/1314/1496
s 1390
f 1712/1663/1497 1716/1664/1497 1715/1665/1497
s 1391
f 1713/1666/1498 1717/1667/1498 1716/1664/1498
s 1392
f 1715/1665/1499 1719/1668/1500 1718/1669/1499
s 1393
f 1716/1664/1501 1720/1670/1501 1719/1668/1501
s 1394
f 541/1533/1502 1712/1663/1502 1002/1671/1502
s 1395
f 950/1531/1503 1713/1666/1503 1712/1663/1504
s 1396
f 949/1530/1505 1714/1672/1505 1713/1666/1505
s 1397
f 948/1529/1506 846/1477/1506 1714/1672/1506
s 1398
f 1714/1672/1507 845/1478/1507 1717/1667/1507
s 1399
f 1717/1667/1508 844/1480/1508 1720/1670/1508
s 1400
f 1720/1670/1509 532/1482/1509 996/1547/1510
s 1401
f 1719/1668/1511 996/1547/1511 995/1546/1511
s 1402
f 1718/1669/1512 995/1546/1512 994/1543/1512
s 1403
f 1000/1673/1513 994/1543/1513 552/1545/1513
s 1404
f 1001/1674/1514 1718/1669/1514 1000/1673/1514
s 1405
f 1002/1671/1515 1715/1665/1515 1001/1674/1515
s 1406
f 1721/1675/1516 1725/1676/1516 1724/1677/1516
s 1407
f 1722/1678/1517 1726/1679/1517 1725/1676/1517
s 1408
f 1724/1677/1518 1728/1680/1518 1727/1681/1518
s 1409
f 1725/1676/1519 1729/1682/1519 1728/1680/1519
s 1410
f 527/1288/1520 1721/1675/1520 957/1286/1520
s 1411
f 899/1683/1521 1722/1678/1521 1721/1675/1521
s 1412
f 898/1684/1522 1723/1685/1522 1722/1678/1522
s 1413
f 897/1686/1523 1090/1687/1523 1723/1685/1523
s 1414
f 1723/1685/1524 1091/1688/1524 1726/1679/1524
s 1415
f 1726/1679/1525 1092/1689/1525 1729/1682/1525
s 1416
f 1729/1682/1526 561/1690/1526 1074/1691/1526
s 1417
f 1728/1680/1527 1074/1691/1527 1073/1692/1527
s 1418
f 1727/1681/1528 1073/1692/1528 1072/1693/1528
s 1419
f 1727/1681/1529 544/1293/1529 959/1292/1529
s 1420
f 1724/1677/1530 959/1292/1530 958/1289/1530
s 1421
f 957/1286/1531 1724/1677/1531 958/1289/1531
s 1422
f 1730/1694/1532 1734/1695/1532 1733/1696/1532
s 1423
f 1731/1697/1533 1735/1698/1534 1734/1695/1533
s 1424
f 1733/1696/1535 1737/1699/1536 1736/1700/1536
s 1425
f 1734/1695/1537 1738/1701/1537 1737/1699/1538
s 1426
f 544/1293/1539 1730/1694/1539 906/1291/1539
s 1427
f 1072/1693/1540 1731/1697/1540 1730/1694/1540
s 1428
f 1073/1692/1541 1732/1702/1541 1731/1697/1541
s 1429
f 1074/1691/1542 1099/1703/1542 1732/1702/1542
s 1430
f 1732/1702/1543 1100/1704/1543 1735/1698/1543
s 1431
f 1735/1698/1544 1101/1705/1544 1738/1701/1544
s 1432
f 1738/1701/1545 565/1706/1545 903/1643/1546
s 1433
f 1737/1699/1547 903/1643/1547 904/1641/1547
s 1434
f 1736/1700/1548 904/1641/1548 905/1640/1548
s 1435
f 908/1296/1549 905/1640/1549 528/1295/1550
s 1436
f 907/1294/1551 1736/1700/1551 908/1296/1551
s 1437
f 906/1291/1552 1733/1696/1552 907/1294/1552
s 1438
f 1741/1707/1553 1753/1708/1553 1740/1709/1553
s 1439
f 1743/1710/1554 1741/1707/1554 1742/1711/1554
s 1440
f 1744/1712/1555 1739/1713/1555 1743/1710/1555
s 1441
f 1747/1714/1556 1745/1715/1556 1746/1716/1556
s 1442
f 1749/1717/1557 1747/1714/1557 1748/1718/1557
s 1443
f 1750/1719/1558 1739/1713/1558 1749/1717/1558
s 1444
f 1752/1720/1559 1739/1713/1559 1751/1721/1559
s 1445
f 947/1722/1560 1014/1723/1560 540/1724/1560
s 1446
f 946/1725/1561 1740/1709/1561 947/1722/1562
s 1447
f 1740/1709/1563 1013/1726/1563 1014/1723/1563
s 1448
f 558/1727/1564 1742/1711/1564 945/1728/1565
s 1449
f 1055/1729/1566 1742/1711/1566 1056/1730/1566
s 1450
f 945/1728/1567 1741/1707/1567 946/1725/1567
s 1451
f 557/1731/1568 1744/1712/1568 1054/1732/1569
s 1452
f 1050/1733/1570 1745/1715/1570 1744/1712/1571
s 1453
f 1054/1732/1572 1743/1710/1572 1055/1729/1572
s 1454
f 556/1734/1573 1746/1716/1573 1048/1735/1573
s 1455
f 1044/1508/1574 1747/1714/1574 1746/1716/1574
s 1456
f 1746/1716/1575 1049/1736/1576 1048/1735/1575
s 1457
f 850/1431/1577 1042/1505/1578 520/1430/1578
s 1458
f 849/1434/1579 1748/1718/1579 850/1431/1579
s 1459
f 1748/1718/1580 1043/1506/1580 1042/1505/1580
s 1460
f 533/1442/1581 1750/1719/1581 848/1440/1581
s 1461
f 1008/1526/1582 1751/1721/1582 1750/1719/1582
s 1462
f 848/1440/1583 1749/1717/1583 849/1434/1583
s 1463
f 1012/1737/1584 1006/1525/1585 553/1523/1585
s 1464
f 1012/1737/1586 1753/1708/1586 1752/1720/1586
s 1465
f 1752/1720/1587 1007/1527/1587 1006/1525/1587
s 1466
f 1754/1738/1588 1758/1739/1588 1757/1740/1588
s 1467
f 1755/1741/1589 1759/1742/1589 1758/1739/1589
s 1468
f 1757/1740/1590 1761/1743/1590 1760/1744/1590
s 1469
f 1758/1739/1591 1762/1745/1591 1761/1743/1591
s 1470
f 526/1399/1592 1754/1738/1593 951/1397/1592
s 1471
f 896/1746/1594 1755/1741/1594 1754/1738/1594
s 1472
f 895/1747/1595 1756/1748/1595 1755/1741/1595
s 1473
f 894/1749/1596 1087/1750/1596 1756/1748/1596
s 1474
f 1756/1748/1597 1088/1751/1597 1759/1742/1597
s 1475
f 1759/1742/1598 1089/1752/1598 1762/1745/1599
s 1476
f 1762/1745/1600 566/1753/1600 1086/1754/1600
s 1477
f 1761/1743/1601 1086/1754/1602 1085/1755/1601
s 1478
f 1760/1744/1603 1085/1755/1603 1084/1756/1603
s 1479
f 953/1403/1604 1084/1756/1604 542/1404/1604
s 1480
f 952/1400/1605 1760/1744/1605 953/1403/1605
s 1481
f 951/1397/1606 1757/1740/1606 952/1400/1606
s 1482
f 1763/1757/1607 1767/1758/1607 1766/1759/1607
s 1483
f 1764/1760/1608 1768/1761/1608 1767/1758/1608
s 1484
f 1766/1759/1609 1770/1762/1609 1769/1763/1609
s 1485
f 1767/1758/1610 1771/1764/1611 1770/1762/1610
s 1486
f 542/1404/1612 1763/1757/1612 900/1402/1612
s 1487
f 1084/1756/1613 1764/1760/1613 1763/1757/1613
s 1488
f 1085/1755/1614 1765/1765/1614 1764/1760/1614
s 1489
f 1086/1754/1615 1096/1766/1615 1765/1765/1615
s 1490
f 1765/1765/1616 1097/1767/1616 1768/1761/1616
s 1491
f 1768/1761/1617 1098/1768/1618 1771/1764/1617
s 1492
f 1771/1764/1619 562/1769/1619 897/1686/1619
s 1493
f 1770/1762/1620 897/1686/1620 898/1684/1620
s 1494
f 1769/1763/1621 898/1684/1621 899/1683/1621
s 1495
f 902/1406/1622 899/1683/1622 527/1288/1622
s 1496
f 901/1405/1623 1769/1763/1623 902/1406/1624
s 1497
f 900/1402/1625 1766/1759/1625 901/1405/1625
s 1498
f 1773/1770/1626 1775/1771/1626 1772/1772/1626
s 1499
f 1774/1773/1627 1776/1774/1627 1773/1770/1627
s 1500
f 1775/1771/1628 1779/1775/1629 1778/1776/1628
s 1501
f 1776/1774/1630 1780/1777/1630 1779/1775/1630
s 1502
f 865/1350/1631 1026/1778/1632 536/1349/1631
s 1503
f 866/1779/1633 1772/1772/1633 865/1350/1634
s 1504
f 1993/1780/1635 1774/1773/1635 1773/1770/1635
s 1505
f 963/1781/1636 1777/1782/1636 1774/1773/1636
s 1506
f 1777/1782/1637 965/1783/1637 1780/1777/1637
s 1507
f 1780/1777/1638 547/1784/1638 1020/1374/1638
s 1508
f 1779/1775/1639 1020/1374/1639 1019/1372/1639
s 1509
f 1778/1776/1640 1019/1372/1640 1018/1371/1640
s 1510
f 1024/1785/1641 1018/1371/1641 554/1369/1642
s 1511
f 1025/1786/1643 1778/1776/1643 1024/1785/1643
s 1512
f 1026/1778/1644 1775/1771/1644 1025/1786/1644
s 1513
f 1781/1787/1645 1785/1788/1645 1784/1789/1645
s 1514
f 1782/1790/1646 1786/1791/1646 1785/1788/1646
s 1515
f 1784/1789/1647 1788/1792/1647 1787/1793/1647
s 1516
f 1785/1788/1648 1789/1794/1648 1788/1792/1648
s 1517
f 522/1356/1649 1781/1787/1649 856/1795/1649
s 1518
f 933/1355/1650 1782/1790/1650 1781/1787/1650
s 1519
f 934/1360/1651 1783/1796/1651 1782/1790/1651
s 1520
f 935/1351/1652 1026/1778/1652 1783/1796/1653
s 1521
f 1783/1796/1654 1025/1786/1654 1786/1791/1655
s 1522
f 1786/1791/1656 1024/1785/1656 1789/1794/1656
s 1523
f 1789/1794/1657 554/1369/1657 1023/1797/1657
s 1524
f 1788/1792/1658 1023/1797/1658 1022/1798/1658
s 1525
f 1787/1793/1659 1022/1798/1659 1021/1799/1659
s 1526
f 854/1800/1660 1021/1799/1660 535/1801/1660
s 1527
f 855/1802/1661 1787/1793/1661 854/1800/1661
s 1528
f 856/1795/1662 1784/1789/1662 855/1802/1662
s 1529
f 1790/1803/1663 1794/1804/1663 1793/1805/1663
s 1530
f 1791/1806/1664 1795/1807/1664 1794/1804/1664
s 1531
f 1793/1805/1665 1797/1808/1665 1796/1809/1665
s 1532
f 1794/1804/1666 1798/1810/1666 1797/1808/1666
s 1533
f 535/1801/1667 1790/1803/1667 932/1811/1667
s 1534
f 1021/1799/1668 1791/1806/1668 1790/1803/1668
s 1535
f 1022/1798/1669 1792/1812/1669 1791/1806/1669
s 1536
f 1023/1797/1670 1029/1370/1670 1792/1812/1670
s 1537
f 1792/1812/1671 1028/1384/1671 1795/1807/1671
s 1538
f 1795/1807/1672 1027/1382/1672 1798/1810/1672
s 1539
f 1798/1810/1673 537/1383/1673 873/1813/1673
s 1540
f 1797/1808/1674 873/1813/1674 874/1814/1674
s 1541
f 1796/1809/1675 874/1814/1675 875/1815/1675
s 1542
f 930/1816/1676 875/1815/1676 523/1817/1676
s 1543
f 931/1818/1677 1796/1809/1677 930/1816/1677
s 1544
f 932/1811/1678 1793/1805/1678 931/1818/1678
s 1545
f 2015/1819/1679 1801/1820/1679 1800/1821/1679
s 1546
f 1800/1821/1680 1804/1822/1680 1803/1823/1681
s 1547
f 1801/1820/1682 1805/1824/1682 1804/1822/1682
s 1548
f 1802/1825/1345 970/1605/1345 1805/1824/1345
s 1549
f 1805/1824/1683 549/1606/1684 1032/1329/1683
s 1550
f 1804/1822/1685 1032/1329/1685 1031/1327/1685
s 1551
f 1803/1823/1686 1031/1327/1686 1030/1326/1686
s 1552
f 1036/1826/1687 1030/1326/1687 555/1324/1687
s 1553
f 1037/1827/1688 1803/1823/1688 1036/1826/1689
s 1554
f 1038/1828/1690 1800/1821/1691 1037/1827/1690
s 1555
f 1806/1829/1692 1810/1830/1692 1809/1831/1692
s 1556
f 1807/1832/1693 1811/1833/1693 1810/1830/1693
s 1557
f 1809/1831/1694 1813/1834/1694 1812/1835/1694
s 1558
f 1810/1830/1695 1814/1836/1695 1813/1834/1696
s 1559
f 1808/1837/1697 1037/1827/1697 1811/1833/1697
s 1560
f 1811/1833/1698 1036/1826/1698 1814/1836/1698
s 1561
f 1814/1836/1699 555/1324/1699 1035/1838/1699
s 1562
f 1813/1834/1700 1035/1838/1700 1034/1839/1701
s 1563
f 1812/1835/1702 1034/1839/1702 1033/1840/1702
s 1564
f 965/1783/1703 1033/1840/1703 547/1784/1703
s 1565
f 964/1841/1704 1812/1835/1704 965/1783/1704
s 1566
f 963/1781/1705 1809/1831/1705 964/1841/1705
s 1567
f 1815/1842/1706 1819/1843/1706 1818/1844/1706
s 1568
f 1816/1845/1707 1820/1846/1707 1819/1843/1707
s 1569
f 1818/1844/1708 1822/1847/1708 1821/1848/1708
s 1570
f 1819/1843/1709 1823/1849/1709 1822/1847/1709
s 1571
f 547/1784/1710 1815/1842/1710 912/1375/1710
s 1572
f 1033/1840/1711 1816/1845/1712 1815/1842/1713
s 1573
f 1034/1839/1714 1817/1850/1714 1816/1845/1714
s 1574
f 1035/1838/1715 1041/1325/1715 1817/1850/1715
s 1575
f 1817/1850/1716 1040/1339/1716 1820/1846/1716
s 1576
f 1820/1846/1717 1039/1337/1717 1823/1849/1717
s 1577
f 1823/1849/1718 538/1338/1718 876/1851/1718
s 1578
f 1822/1847/1719 876/1851/1719 877/1852/1719
s 1579
f 1821/1848/1720 877/1852/1720 878/1853/1720
s 1580
f 914/1377/1721 878/1853/1721 530/1378/1721
s 1581
f 913/1376/1722 1821/1848/1722 914/1377/1722
s 1582
f 912/1375/1723 1818/1844/1723 913/1376/1723
s 1583
f 1826/1854/1724 1836/1855/1724 1825/1856/1724
s 1584
f 1827/1857/1725 1824/1858/1726 1826/1854/1726
s 1585
f 1830/1859/1727 1828/1860/1727 1829/1861/1727
s 1586
f 1832/1862/1728 1830/1859/1728 1831/1863/1728
s 1587
f 1833/1864/1729 1824/1858/1729 1832/1862/1729
s 1588
f 1835/1865/1730 1824/1858/1730 1834/1866/1730
s 1589
f 1109/1867/1731 1825/1856/1731 1108/1868/1731
s 1590
f 1825/1856/1732 871/1401/1732 872/1396/1732
s 1591
f 567/1869/1733 1827/1857/1733 1110/1870/1734
s 1592
f 867/1871/1735 1828/1860/1735 1827/1857/1735
s 1593
f 1110/1870/1736 1826/1854/1737 1109/1867/1736
s 1594
f 856/1795/1738 869/1872/1738 522/1356/1738
s 1595
f 855/1802/1739 1829/1861/1739 856/1795/1739
s 1596
f 1829/1861/1740 868/1873/1740 869/1872/1740
s 1597
f 932/1811/1741 854/1800/1741 535/1801/1741
s 1598
f 931/1818/1742 1831/1863/1742 932/1811/1742
s 1599
f 1831/1863/1743 855/1802/1743 854/1800/1743
s 1600
f 1111/1874/1744 930/1816/1744 523/1817/1744
s 1601
f 1112/1875/1745 1833/1864/1745 1111/1874/1745
s 1602
f 930/1816/1746 1832/1862/1746 931/1818/1746
s 1603
f 526/1399/1747 1835/1865/1747 1113/1876/1747
s 1604
f 870/1398/1748 1836/1855/1748 1835/1865/1748
s 1605
f 1113/1876/1749 1834/1866/1749 1112/1875/1749
s 1606
f 1837/1877/1750 1841/1878/1751 1840/1879/1750
s 1607
f 1838/1880/1752 1842/1881/1752 1841/1878/1752
s 1608
f 1840/1879/1753 1844/1882/1753 1843/1883/1753
s 1609
f 1841/1878/1754 1845/1884/1754 1844/1882/1754
s 1610
f 556/1734/1755 1837/1877/1755 1047/1509/1755
s 1611
f 1048/1735/1756 1838/1880/1756 1837/1877/1756
s 1612
f 1049/1736/1757 1839/1885/1757 1838/1880/1758
s 1613
f 1050/1733/1759 1053/1886/1759 1839/1885/1759
s 1614
f 1839/1885/1760 1052/1887/1760 1842/1881/1760
s 1615
f 1842/1881/1761 1051/1888/1761 1845/1884/1761
s 1616
f 1845/1884/1762 531/1333/1763 917/1619/1762
s 1617
f 1844/1882/1764 917/1619/1764 916/1618/1764
s 1618
f 1843/1883/1765 916/1618/1765 915/1617/1765
s 1619
f 1045/1511/1766 915/1617/1766 548/1512/1766
s 1620
f 1046/1510/1767 1843/1883/1768 1045/1511/1768
s 1621
f 1047/1509/1769 1840/1879/1769 1046/1510/1770
s 1622
f 1846/1889/1771 1850/1890/1771 1849/1891/1771
s 1623
f 1848/1892/1772 1850/1890/1772 1847/1893/1772
s 1624
f 1849/1891/1773 1853/1894/1774 1852/1895/1774
s 1625
f 1850/1890/1775 1854/1896/1775 1853/1894/1775
s 1626
f 557/1731/1776 1846/1889/1776 1053/1886/1776
s 1627
f 1055/1729/1777 1846/1889/1777 1054/1732/1777
s 1628
f 1056/1730/1778 1847/1893/1778 1055/1729/1778
s 1629
f 558/1727/1779 1848/1892/1779 1056/1730/1779
s 1630
f 1059/1897/1780 1851/1898/1780 1848/1892/1780
s 1631
f 1851/1898/1781 1057/1899/1781 1854/1896/1781
s 1632
f 1854/1896/1782 538/1338/1782 941/1336/1782
s 1633
f 1853/1894/1783 941/1336/1783 940/1335/1783
s 1634
f 1852/1895/1784 940/1335/1784 939/1334/1784
s 1635
f 1051/1888/1785 939/1334/1786 531/1333/1785
s 1636
f 1052/1887/1787 1852/1895/1787 1051/1888/1787
s 1637
f 1053/1886/1788 1849/1891/1788 1052/1887/1788
s 1638
f 1857/1900/1789 1865/1901/1789 1856/1902/1789
s 1639
f 1858/1903/1790 1855/1904/1790 1857/1900/1790
s 1640
f 1861/1905/1791 1859/1906/1792 1860/1907/1791
s 1641
f 1862/1908/1793 1855/1904/1793 1861/1905/1793
s 1642
f 1865/1901/1794 1863/1909/1794 1864/1910/1794
s 1643
f 945/1728/1795 1059/1897/1795 558/1727/1795
s 1644
f 946/1725/1796 1856/1902/1796 945/1728/1796
s 1645
f 1856/1902/1797 1058/1911/1797 1059/1897/1797
s 1646
f 540/1724/1798 1858/1903/1798 947/1722/1798
s 1647
f 1060/1912/1799 1859/1906/1799 1858/1903/1799
s 1648
f 947/1722/1800 1857/1900/1800 946/1725/1800
s 1649
f 1065/1913/1801 1062/1914/1801 559/1915/1801
s 1650
f 1064/1916/1802 1860/1907/1802 1065/1913/1803
s 1651
f 1860/1907/1804 1061/1917/1804 1062/1914/1805
s 1652
f 530/1378/1806 1862/1908/1806 1063/1918/1806
s 1653
f 878/1853/1807 1863/1909/1808 1862/1908/1807
s 1654
f 1063/1918/1809 1861/1905/1809 1064/1916/1809
s 1655
f 1057/1899/1810 876/1851/1810 538/1338/1810
s 1656
f 1058/1911/1811 1864/1910/1811 1057/1899/1811
s 1657
f 1864/1910/1812 877/1852/1812 876/1851/1812
s 1658
f 1866/1919/1813 1870/1920/1813 1869/1921/1813
s 1659
f 1867/1922/1814 1871/1923/1815 1870/1920/1815
s 1660
f 1869/1921/1816 1873/1924/1816 1872/1925/1816
s 1661
f 1870/1920/1817 1874/1926/1818 1873/1924/1817
s 1662
f 559/1915/1819 1866/1919/1820 1065/1913/1820
s 1663
f 1066/1927/1821 1867/1922/1821 1866/1919/1821
s 1664
f 1067/1928/1822 1868/1929/1822 1867/1922/1822
s 1665
f 1068/1930/1823 1071/1931/1823 1868/1929/1823
s 1666
f 1868/1929/1824 1070/1932/1824 1871/1923/1824
s 1667
f 1871/1923/1825 1069/1933/1826 1874/1926/1825
s 1668
f 1874/1926/1827 537/1383/1828 938/1381/1828
s 1669
f 1873/1924/1829 938/1381/1829 937/1380/1829
s 1670
f 1872/1925/1830 937/1380/1831 936/1379/1830
s 1671
f 1063/1918/1832 936/1379/1832 530/1378/1832
s 1672
f 1064/1916/1833 1872/1925/1833 1063/1918/1833
s 1673
f 1065/1913/1834 1869/1921/1834 1064/1916/1834
s 1674
f 1875/1934/1835 1879/1935/1835 1878/1936/1835
s 1675
f 1876/1937/1836 1880/1938/1836 1879/1935/1836
s 1676
f 1878/1936/1837 1882/1939/1837 1881/1940/1837
s 1677
f 1879/1935/1838 1883/1941/1838 1882/1939/1838
s 1678
f 560/1942/1839 1875/1934/1839 1071/1931/1839
s 1679
f 894/1749/1840 1876/1937/1840 1875/1934/1840
s 1680
f 895/1747/1841 1877/1943/1841 1876/1937/1842
s 1681
f 896/1746/1843 1113/1876/1843 1877/1943/1843
s 1682
f 1877/1943/1844 1112/1875/1844 1880/1938/1844
s 1683
f 1880/1938/1845 1111/1874/1845 1883/1941/1845
s 1684
f 1883/1941/1846 523/1817/1846 875/1815/1846
s 1685
f 1882/1939/1847 875/1815/1847 874/1814/1847
s 1686
f 1881/1940/1848 874/1814/1848 873/1813/1848
s 1687
f 1069/1933/1849 873/1813/1849 537/1383/1849
s 1688
f 1070/1932/1850 1881/1940/1851 1069/1933/1852
s 1689
f 1071/1931/1853 1878/1936/1853 1070/1932/1853
s 1690
f 1886/1944/1854 1894/1945/1854 1885/1946/1854
s 1691
f 1887/1947/1855 1884/1948/1855 1886/1944/1855
s 1692
f 1890/1949/1856 1888/1950/1856 1889/1951/1856
s 1693
f 1891/1952/1857 1884/1948/1858 1890/1949/1858
s 1694
f 1894/1945/1859 1892/1953/1859 1893/1954/1859
s 1695
f 560/1942/1860 1885/1946/1860 1087/1750/1860
s 1696
f 1067/1928/1861 1885/1946/1861 1068/1930/1861
s 1697
f 1087/1750/1862 1894/1945/1862 1088/1751/1863
s 1698
f 559/1915/1864 1887/1947/1864 1066/1927/1864
s 1699
f 1062/1914/1865 1888/1950/1865 1887/1947/1865
s 1700
f 1066/1927/1866 1886/1944/1866 1067/1928/1866
s 1701
f 1014/1723/1867 1060/1912/1867 540/1724/1867
s 1702
f 1013/1726/1868 1889/1951/1868 1014/1723/1868
s 1703
f 1889/1951/1869 1061/1917/1869 1060/1912/1869
s 1704
f 553/1523/1870 1891/1952/1871 1012/1737/1870
s 1705
f 1011/1955/1872 1892/1953/1872 1891/1952/1872
s 1706
f 1012/1737/1873 1890/1949/1873 1013/1726/1873
s 1707
f 1089/1752/1874 1009/1956/1874 566/1753/1874
s 1708
f 1088/1751/1875 1893/1954/1875 1089/1752/1875
s 1709
f 1893/1954/1876 1010/1957/1876 1009/1956/1876
s 1710
f 1895/1958/1877 1899/1959/1878 1898/1960/1878
s 1711
f 1896/1961/1879 1900/1962/1879 1899/1959/1879
s 1712
f 1898/1960/1880 1902/1963/1880 1901/1964/1880
s 1713
f 1899/1959/1881 1903/1965/1881 1902/1963/1881
s 1714
f 562/1769/1882 1895/1958/1883 1090/1687/1882
s 1715
f 1077/1966/1884 1896/1961/1885 1895/1958/1884
s 1716
f 1076/1967/1886 1897/1968/1887 1896/1961/1886
s 1717
f 1075/1969/1888 1002/1671/1889 1897/1968/1889
s 1718
f 1897/1968/1890 1001/1674/1890 1900/1962/1890
s 1719
f 1900/1962/1891 1000/1673/1891 1903/1965/1891
s 1720
f 1903/1965/1892 552/1545/1892 999/1970/1892
s 1721
f 1902/1963/1893 999/1970/1894 998/1971/1893
s 1722
f 1901/1964/1895 998/1971/1895 997/1972/1895
s 1723
f 1092/1689/1896 997/1972/1896 561/1690/1896
s 1724
f 1091/1688/1897 1901/1964/1898 1092/1689/1899
s 1725
f 1090/1687/1900 1898/1960/1900 1091/1688/1900
s 1726
f 1904/1973/1901 1908/1974/1901 1907/1975/1902
s 1727
f 1905/1976/1903 1909/1977/1904 1908/1974/1905
s 1728
f 1907/1975/1906 1911/1978/1906 1910/1979/1906
s 1729
f 1908/1974/1907 1912/1980/1907 1911/1978/1907
s 1730
f 565/1706/1908 1904/1973/1908 1093/1644/1908
s 1731
f 1083/1981/1909 1905/1976/1910 1904/1973/1909
s 1732
f 1082/1982/1911 1906/1983/1911 1905/1976/1911
s 1733
f 1081/1984/1912 990/1628/1912 1906/1983/1912
s 1734
f 1906/1983/1913 989/1631/1913 1909/1977/1913
s 1735
f 1909/1977/1914 988/1630/1914 1912/1980/1914
s 1736
f 1912/1980/1915 551/1563/1915 987/1985/1915
s 1737
f 1911/1978/1916 987/1985/1916 986/1986/1916
s 1738
f 1910/1979/1917 986/1986/1917 985/1987/1917
s 1739
f 1095/1646/1918 985/1987/1918 563/1647/1918
s 1740
f 1094/1645/1919 1910/1979/1919 1095/1646/1919
s 1741
f 1093/1644/1920 1907/1975/1920 1094/1645/1920
s 1742
f 1913/1988/1921 1917/1989/1921 1916/1990/1921
s 1743
f 1914/1991/1922 1918/1992/1922 1917/1989/1922
s 1744
f 1916/1990/1923 1920/1993/1923 1919/1994/1924
s 1745
f 1917/1989/1925 1921/1995/1925 1920/1993/1925
s 1746
f 566/1753/1926 1913/1988/1927 1096/1766/1926
s 1747
f 1009/1956/1928 1914/1991/1928 1913/1988/1928
s 1748
f 1010/1957/1929 1915/1996/1929 1914/1991/1929
s 1749
f 1011/1955/1930 1017/1524/1930 1915/1996/1930
s 1750
f 1915/1996/1931 1016/1534/1931 1918/1992/1931
s 1751
f 1918/1992/1932 1015/1532/1932 1921/1995/1932
s 1752
f 1921/1995/1933 541/1533/1933 1075/1969/1933
s 1753
f 1920/1993/1934 1075/1969/1934 1076/1967/1934
s 1754
f 1919/1994/1935 1076/1967/1936 1077/1966/1935
s 1755
f 1098/1768/1937 1077/1966/1938 562/1769/1937
s 1756
f 1097/1767/1939 1919/1994/1940 1098/1768/1939
s 1757
f 1096/1766/1941 1916/1990/1941 1097/1767/1941
s 1758
f 1922/1997/1942 1926/1998/1942 1925/1999/1942
s 1759
f 1923/2000/1943 1927/2001/1943 1926/1998/1943
s 1760
f 1925/1999/1944 1929/2002/1944 1928/2003/1944
s 1761
f 1926/1998/1945 1930/2004/1945 1929/2002/1945
s 1762
f 561/1690/1946 1922/1997/1946 1099/1703/1946
s 1763
f 997/1972/1947 1923/2000/1947 1922/1997/1947
s 1764
f 998/1971/1948 1924/2005/1948 1923/2000/1948
s 1765
f 999/1970/1949 1005/1544/1949 1924/2005/1949
s 1766
f 1924/2005/1950 1004/1554/1950 1927/2001/1950
s 1767
f 1927/2001/1951 1003/1552/1951 1930/2004/1951
s 1768
f 1930/2004/1952 543/1553/1952 1081/1984/1952
s 1769
f 1929/2002/1953 1081/1984/1953 1082/1982/1953
s 1770
f 1928/2003/1954 1082/1982/1954 1083/1981/1954
s 1771
f 1101/1705/1955 1083/1981/1955 565/1706/1955
s 1772
f 1100/1704/1956 1928/2003/1956 1101/1705/1956
s 1773
f 1099/1703/1957 1925/1999/1957 1100/1704/1957
s 1774
f 1931/2006/1958 1935/2007/1958 1934/2008/1958
s 1775
f 1932/2009/1959 1936/2010/1959 1935/2007/1959
s 1776
f 1934/2008/1960 1938/2011/1960 1937/2012/1960
s 1777
f 1935/2007/1961 1939/2013/1961 1938/2011/1961
s 1778
f 563/1647/1962 1931/2006/1962 1102/1660/1962
s 1779
f 985/1987/1963 1932/2009/1963 1931/2006/1963
s 1780
f 986/1986/1964 1933/2014/1964 1932/2009/1964
s 1781
f 987/1985/1965 993/1564/1965 1933/2014/1965
s 1782
f 1933/2014/1966 992/1570/1966 1936/2010/1966
s 1783
f 1936/2010/1967 991/1569/1967 1939/2013/1967
s 1784
f 1939/2013/1968 545/1271/1968 808/1270/1968
s 1785
f 1938/2011/1969 808/1270/1969 809/1269/1969
s 1786
f 1937/2012/1970 809/1269/1970 810/1268/1970
s 1787
f 1104/1662/1971 810/1268/1971 564/907/1971
s 1788
f 1103/1661/1972 1937/2012/1972 1104/1662/1972
s 1789
f 1102/1660/1973 1934/2008/1973 1103/1661/1973
s 1790
f 1997/2015/1974 1806/1829/1974 963/1781/1974
s 1791
f 184/455/1975 1973/2016/1975 409/422/1976
s 1792
f 2104/2017/1977 839/1120/1977 840/1130/1977
s 1793
f 2196/2018/1978 1388/1082/1978 2199/2019/1978
s 1794
f 2071/2020/1979 1568/1385/1979 1567/1387/1979
s 1795
f 2109/2021/1980 838/1121/1980 2108/2022/1980
s 1796
f 2126/2023/1981 589/541/1981 1115/531/1981
s 1797
f 448/2024/1982 1971/2025/1982 1972/496/1982
s 1798
f 435/474/291 2064/2026/291 2066/2027/291
s 1799
f 2147/2028/1983 1254/842/1983 1256/844/1983
s 1800
f 2064/2029/1984 1524/1272/1984 1523/1274/1984
s 1801
f 109/232/161 2122/2030/161 2123/2031/161
s 1802
f 2065/2032/1985 1525/1275/1985 1524/1272/1985
s 1803
f 2208/2033/1986 2172/2034/1986 99/215/1986
s 1804
f 457/509/305 2071/2035/305 2072/2036/305
s 1805
f 451/497/1987 1945/2037/1987 1944/2038/1987
s 1806
f 2145/2039/1988 1252/840/1988 1254/842/1988
s 1807
f 2124/2040/1989 1115/531/1989 1124/530/1989
s 1808
f 2147/2041/1990 2146/2042/1990 270/156/1990
s 1809
f 181/494/1991 1954/2043/1991 1956/2044/1991
s 1810
f 1957/2045/1992 1962/2046/1992 867/1871/1992
s 1811
f 2011/2047/1993 1799/2048/1993 1038/1828/1993
s 1812
f 2156/2049/1994 2152/2050/1994 2154/2051/1994
s 1813
f 2120/2052/1995 1123/539/1995 586/554/1995
s 1814
f 2122/2053/1996 1124/530/1996 1123/539/1996
s 1815
f 2047/2054/1997 311/242/1997 2046/2055/1997
s 1816
f 2082/2056/1998 2083/2057/1998 403/414/1998
s 1817
f 2167/2058/1999 765/1077/1999 2169/2059/1999
s 1818
f 2149/2060/2000 705/837/2000 1246/832/2000
s 1819
f 2024/2061/2001 2025/2062/2001 427/2063/2001
s 1820
f 2121/2064/171 321/254/171 2120/2065/171
s 1821
f 2001/2066/2002 1807/1832/2002 1806/1829/2002
s 1822
f 393/389/2003 2006/2067/2003 2005/2068/2003
s 1823
f 2015/2069/2004 2018/2070/2004 396/400/2004
s 1824
f 2196/2071/2005 2195/2072/2005 260/141/2005
s 1825
f 175/392/2006 1974/2073/2006 1983/2074/2007
s 1826
f 2075/2075/2008 460/2076/2008 2074/2077/2008
s 1827
f 440/486/1997 2051/2078/1997 2053/2079/1997
s 1828
f 2157/2080/2009 2156/2081/2009 1195/2082/2009
s 1829
f 2050/2083/1997 309/238/1997 2049/2084/1997
s 1830
f 2078/2085/2010 186/436/2010 2079/2086/2010
s 1831
f 2180/2087/2011 2181/2088/2011 295/212/2011
s 1832
f 2062/2089/2012 1523/1274/2012 862/1284/2012
s 1833
f 315/248/2013 2098/2090/2013 2097/2091/2013
s 1834
f 2023/2092/2014 1671/1599/2014 1670/1596/2014
s 1835
f 301/225/159 2126/2093/159 2127/2094/159
s 1836
f 2039/2095/2015 1666/1593/2015 1665/1591/2015
s 1837
f 2058/2096/2016 1536/1301/2016 1535/1298/2016
s 1838
f 2037/2097/2017 2042/2098/2017 176/2099/2017
s 1839
f 2020/2100/2018 969/1607/2018 1802/1825/2018
s 1840
f 2142/2101/2019 259/142/2019 2158/2102/2019
s 1841
f 2077/2103/2020 872/1396/2020 1569/1388/2020
s 1842
f 2037/2104/2021 893/1494/2021 1666/1593/2021
s 1843
f 2105/2105/2022 2106/2106/2022 838/2107/2022
s 1844
f 194/478/2023 2056/2108/2023 2057/2109/2023
s 1845
f 2095/2110/2024 2096/2111/2024 316/247/2024
s 1846
f 2150/2112/2025 1248/834/2025 2151/2113/2025
s 1847
f 2004/2114/2026 1038/1828/2026 1808/1837/2026
s 1848
f 281/176/2027 2085/2115/2027 2084/2116/2027
s 1849
f 2177/2117/2028 2176/2118/2028 269/154/2028
s 1850
f 1951/2119/2029 1110/1870/2029 1109/1867/2029
s 1851
f 1969/2120/2030 522/1356/2030 869/1872/2030
s 1852
f 2204/2121/2031 2206/2122/2031 99/2123/2032
s 1853
f 2100/2124/2033 516/1128/2033 592/1129/2033
s 1854
f 280/2125/2034 2138/2126/2034 2139/2127/2034
s 1855
f 2110/2128/2035 275/165/2035 2111/2129/2035
s 1856
f 452/503/2036 1943/2130/2036 2081/2131/2036
s 1857
f 400/412/2037 2030/2132/2037 2031/2133/2037
s 1858
f 310/240/2038 2047/2054/2038 2048/2134/2038
s 1859
f 2183/2135/2039 705/837/2039 2184/2136/2039
s 1860
f 1997/2015/2040 1774/1773/2040 1996/2137/2040
s 1861
f 322/256/171 2117/2138/171 2118/2139/171
s 1862
f 2087/2140/2041 592/1129/2041 593/1127/2041
s 1863
f 2093/2141/2042 571/606/2042 2133/2142/2042
s 1864
f 450/499/2043 1949/2143/2043 1948/2144/2043
s 1865
f 1967/2145/2044 1968/2146/2045 869/1872/2044
s 1866
f 2005/2147/2046 1808/1837/2046 1807/1832/2046
s 1867
f 2171/2148/2047 2170/2149/2047 92/151/2047
s 1868
f 2008/2150/2048 2007/2151/2048 180/2152/2048
s 1869
f 2114/2153/171 323/258/2049 2113/263/171
s 1870
f 2049/2154/2050 2052/2155/2050 583/567/2050
s 1871
f 2190/2156/2051 2191/2157/2051 286/2158/2051
s 1872
f 262/140/2052 2142/2101/2052 2141/2159/2052
s 1873
f 2030/2160/2053 978/1595/2053 1672/1601/2053
s 1874
f 429/471/2054 2060/2161/2054 2061/2162/2054
s 1875
f 2201/2163/2055 285/2164/2055 2198/2165/2055
s 1876
f 194/478/162 2055/2166/162 2056/2108/162
s 1877
f 2148/2167/2056 614/732/2056 2152/731/2056
s 1878
f 323/258/2057 2114/2153/2057 2116/2168/2057
s 1879
f 1126/557/2058 1135/556/2059 2046/2169/2059
s 1880
f 2021/2170/2060 2022/2171/2060 398/403/2060
s 1881
f 2175/2172/2061 1384/1070/2061 1386/1076/2061
s 1882
f 282/175/2062 280/177/2063 2139/2173/2062
s 1883
f 2128/2174/2064 2130/2175/2064 1134/565/2064
s 1884
f 421/446/2065 1981/2176/2065 1980/457/2065
s 1885
f 276/167/2066 2106/2177/2066 2108/2178/2066
s 1886
f 2114/2179/2067 1167/643/2067 1166/652/2067
s 1887
f 1109/1867/2068 1108/1868/2068 1947/2180/2068
s 1888
f 2200/2181/2069 1388/1082/2070 1391/1084/2070
s 1889
f 2050/2083/2071 2052/2182/2072 2051/2078/2073
s 1890
f 407/418/2074 1951/2183/2074 1953/2184/2074
s 1891
f 432/469/292 2062/2185/292 2063/2186/292
s 1892
f 1999/2187/2075 415/439/2075 2002/2188/2075
s 1893
f 2046/2055/162 113/237/162 2131/2189/162
s 1894
f 261/144/2076 2203/2190/2076 2200/2191/2076
s 1895
f 388/385/2077 1984/2192/2078 1976/2193/2078
s 1896
f 302/228/159 2124/2194/159 2125/2195/159
s 1897
f 289/191/2079 2159/2196/2079 2160/192/2079
s 1898
f 2061/2197/2080 862/1284/2081 1536/1301/2081
s 1899
f 1959/2198/2082 1958/2199/2083 412/430/2083
s 1900
f 2019/2200/2084 1802/1825/2084 1801/1820/2084
s 1901
f 2117/2201/2085 1158/644/2085 1167/643/2085
s 1902
f 442/488/1997 2054/2202/1997 2055/2166/1997
s 1903
f 1940/2203/2086 1108/1868/2086 2083/2204/2086
s 1904
f 2129/2205/159 2132/2206/159 113/237/159
s 1905
f 2029/2207/2087 1672/1601/2087 1671/1599/2087
s 1906
f 2089/2208/2088 593/1127/2088 594/1126/2088
s 1907
f 597/663/2089 1407/1109/2089 838/1121/2089
s 1908
f 2194/2209/2090 2197/2210/2090 285/2164/2090
s 1909
f 2166/2211/2091 1391/1084/2091 1394/1088/2091
s 1910
f 2068/2212/2092 1525/1275/2092 2067/2213/2092
s 1911
f 1535/1298/2093 1534/1300/2093 2055/2214/2093
s 1912
f 2038/2215/2094 1665/1591/2094 1664/1588/2094
s 1913
f 1995/2216/2095 1994/2217/2095 418/2218/2095
s 1914
f 2129/2219/2096 1135/556/2096 1134/565/2096
s 1915
f 2067/2220/305 2068/2221/305 454/504/305
s 1916
f 1963/2222/2097 868/1873/2097 867/1871/2097
s 1917
f 1954/2223/2098 567/1869/2098 1110/1870/2098
s 1918
f 1986/2224/2099 1987/2225/2099 390/384/2099
s 1919
f 1108/1868/2100 1825/1856/2100 872/1396/2100
s 1920
f 2151/2113/2101 1250/836/2101 2148/2167/2101
s 1921
f 2051/2226/2102 1534/1300/2102 583/567/2102
s 1922
f 476/607/2103 2095/2227/2103 594/1126/2103
s 1923
f 1991/2228/2104 1990/2229/2104 418/2230/2104
s 1924
f 2099/2231/2105 840/1130/2106 516/1128/2106
s 1925
f 100/171/2107 2099/2232/2107 2103/2233/2107
s 1926
f 2196/2018/2108 1360/1025/2108 690/1034/2108
s 1927
f 2021/2234/2109 1670/1596/2109 969/1607/2109
s 1928
f 268/2235/2110 2184/2236/2110 2183/2237/2110
s 1929
f 300/226/2111 2130/2238/2111 2129/2205/2111
s 1930
f 403/414/2112 1940/2239/2112 1941/2240/2112
s 1931
f 2069/2241/2113 1567/1387/2113 859/1285/2113
s 1932
f 2112/2242/2114 1166/652/2114 597/663/2114
s 1933
f 2119/2243/2115 586/554/2115 1158/644/2115
s 1934
f 398/403/2116 2023/2244/2116 2028/2245/2116
s 1935
f 2168/2246/2117 765/1077/2117 1381/1078/2117
s 1936
f 2162/2247/2118 2161/2248/2118 259/142/2118
s 1937
f 2137/2249/2119 2136/2250/2120 94/153/2120
s 1938
f 2100/2251/2121 318/246/2122 2097/2091/2123
s 1939
f 1969/2252/2124 446/489/2124 1968/2253/2125
s 1940
f 2032/2254/2126 1664/1588/2126 978/1595/2126
s 1941
f 180/2255/2127 2016/2256/2127 2012/2257/2127
s 1942
f 316/247/2128 2088/2258/2129 2089/2259/2129
s 1943
f 444/491/2130 1963/2260/2130 1966/2261/2130
s 1944
f 429/471/2131 2059/2262/291 2060/2161/291
s 1945
f 1997/2263/2132 2000/2264/2132 393/389/2132
s 1946
f 2177/2265/2133 1252/840/2133 2178/2266/2133
s 1947
f 281/176/2134 2084/2116/2135 2094/2267/2135
s 1948
f 1970/2268/2136 847/1354/2136 1969/2120/2136
s 1949
f 2176/2269/2137 696/845/2137 2177/2265/2137
s 1950
f 454/504/305 2069/2270/305 2070/2271/305
s 1951
f 1569/1388/2138 1568/1385/2138 2074/2272/2138
s 1952
f 196/1/16 199/6/16 200/2/16
s 1953
f 197/3/3 200/2/3 201/4/3
s 1954
f 199/6/2139 202/19/2139 203/7/2139
s 1955
f 200/2/2140 203/7/3 204/8/3
s 1956
f 1/9/15 70/24/15 196/1/15
s 1957
f 31/10/2141 196/1/2142 197/3/2142
s 1958
f 32/11/6 197/3/6 198/5/6
s 1959
f 33/12/8 198/5/8 71/13/8
s 1960
f 198/5/2 201/4/2 72/15/2
s 1961
f 201/4/2143 204/8/2143 73/16/2143
s 1962
f 204/8/2143 51/18/2143 9/17/2143
s 1963
f 203/7/14 50/20/14 51/18/14
s 1964
f 202/19/2144 49/22/2144 50/20/2144
s 1965
f 68/21/2145 8/2273/2145 49/22/2145
s 1966
f 69/23/2146 68/21/2146 202/19/2146
s 1967
f 70/24/15 69/23/15 199/6/15
s 1968
f 208/25/18 209/28/18 206/26/18
s 1969
f 209/28/20 210/32/20 207/29/20
s 1970
f 211/30/19 212/31/19 209/28/19
s 1971
f 212/31/188 213/38/188 210/32/188
s 1972
f 76/33/20 205/27/20 34/34/20
s 1973
f 205/27/20 206/26/20 35/36/20
s 1974
f 206/26/20 207/29/20 36/37/20
s 1975
f 207/29/20 70/24/20 1/9/20
s 1976
f 210/32/18 69/23/18 70/24/18
s 1977
f 213/38/19 68/21/19 69/23/188
s 1978
f 54/39/20 8/2273/20 68/21/20
s 1979
f 53/40/20 54/39/20 213/38/20
s 1980
f 52/41/20 53/40/20 212/31/20
s 1981
f 25/42/20 52/41/20 211/30/20
s 1982
f 74/43/19 211/30/19 208/25/19
s 1983
f 75/44/20 208/25/20 205/27/20
s 1984
f 214/45/21 217/50/21 218/46/21
s 1985
f 215/47/22 218/46/22 219/48/22
s 1986
f 217/50/2147 220/62/2147 221/51/2147
s 1987
f 218/46/2148 221/51/2148 222/52/2148
s 1988
f 4/53/25 82/67/25 214/45/25
s 1989
f 37/54/26 214/45/26 215/47/26
s 1990
f 38/55/2149 215/47/2149 216/49/2149
s 1991
f 216/49/28 219/48/28 84/57/28
s 1992
f 219/48/29 222/52/29 85/59/29
s 1993
f 222/52/30 57/61/30 12/60/30
s 1994
f 221/51/31 56/63/31 57/61/31
s 1995
f 220/62/32 55/65/32 56/63/32
s 1996
f 80/64/2150 11/2274/2150 55/65/2150
s 1997
f 81/66/34 80/64/34 220/62/34
s 1998
f 82/67/2151 81/66/2151 217/50/2151
s 1999
f 226/68/2152 227/71/2152 224/69/2152
s 2000
f 227/71/46 228/75/46 225/72/46
s 2001
f 229/73/39 230/74/39 227/71/39
s 2002
f 230/74/2153 231/81/2153 228/75/2153
s 2003
f 71/13/2154 223/70/2154 40/76/2154
s 2004
f 223/70/39 224/69/39 41/77/39
s 2005
f 224/69/2155 225/72/2155 42/78/2155
s 2006
f 225/72/44 86/80/44 6/79/44
s 2007
f 228/75/44 87/82/44 86/80/2156
s 2008
f 231/81/2157 88/84/44 87/82/2157
s 2009
f 60/83/2158 13/139/2158 88/84/2158
s 2010
f 59/85/2159 60/83/2159 231/81/2159
s 2011
f 58/86/2160 59/85/2160 230/74/2160
s 2012
f 9/17/2161 58/86/2161 229/73/2161
s 2013
f 73/16/49 229/73/49 226/68/49
s 2014
f 72/15/2162 226/68/2162 223/70/2162
s 2015
f 232/87/2163 235/92/2163 236/88/2163
s 2016
f 233/89/53 236/88/2164 237/90/53
s 2017
f 235/92/2163 238/105/2163 239/93/2163
s 2018
f 236/88/60 239/93/59 240/94/60
s 2019
f 5/95/2165 83/58/2165 232/87/2165
s 2020
f 43/96/57 232/87/2166 233/89/2166
s 2021
f 44/97/59 233/89/2167 234/91/59
s 2022
f 45/98/2168 234/91/2168 79/99/2168
s 2023
f 234/91/64 237/90/64 78/101/64
s 2024
f 237/90/2169 240/94/2169 77/102/65
s 2025
f 240/94/2169 63/104/2170 10/103/2170
s 2026
f 239/93/2171 62/106/2171 63/104/2171
s 2027
f 238/105/2163 61/107/54 62/106/54
s 2028
f 85/59/2172 12/60/2173 61/107/2172
s 2029
f 84/57/2174 85/59/2174 238/105/2174
s 2030
f 83/58/2174 84/57/2174 235/92/2174
s 2031
f 244/108/71 245/111/71 242/109/71
s 2032
f 245/111/2175 246/115/2175 243/112/2175
s 2033
f 247/113/73 248/114/73 245/111/73
s 2034
f 248/114/74 249/121/74 246/115/74
s 2035
f 79/99/75 241/110/75 67/116/75
s 2036
f 241/110/76 242/109/76 66/117/76
s 2037
f 242/109/77 243/112/77 65/118/77
s 2038
f 243/112/78 91/120/78 7/119/78
s 2039
f 246/115/79 90/122/79 91/120/79
s 2040
f 249/121/2176 89/124/2176 90/122/2176
s 2041
f 114/123/81 14/218/81 89/124/81
s 2042
f 115/125/82 114/123/82 249/121/82
s 2043
f 116/126/83 115/125/83 248/114/83
s 2044
f 10/103/84 116/126/84 247/113/84
s 2045
f 77/102/85 247/113/85 244/108/85
s 2046
f 78/101/2177 244/108/2177 241/110/2177
s 2047
f 253/127/87 254/130/87 251/128/87
s 2048
f 254/130/2178 255/134/2178 252/131/2178
s 2049
f 256/132/2179 257/133/2179 254/130/2179
s 2050
f 257/133/90 258/138/90 255/134/90
s 2051
f 86/80/91 250/129/91 46/135/91
s 2052
f 250/129/92 251/128/92 47/136/92
s 2053
f 251/128/93 252/131/93 48/137/93
s 2054
f 252/131/94 82/67/94 4/53/94
s 2055
f 255/134/95 81/66/95 82/67/95
s 2056
f 258/138/96 80/64/96 81/66/96
s 2057
f 13/139/97 64/2275/97 256/132/97
s 2058
f 88/84/98 256/132/98 253/127/98
s 2059
f 87/82/99 253/127/99 250/129/99
s 2060
f 262/140/2180 263/143/2180 260/141/2180
s 2061
f 263/143/101 264/147/101 261/144/101
s 2062
f 265/145/102 266/146/102 263/143/102
s 2063
f 266/146/103 267/150/103 264/147/103
s 2064
f 2166/149/104 261/144/104 264/147/104
s 2065
f 264/147/104 92/151/104 2167/148/104
s 2066
f 92/151/104 2168/2276/104 2169/2277/104
s 2067
f 2167/148/104 92/151/104 2169/2277/104
s 2068
f 267/150/105 93/152/105 92/151/105
s 2069
f 45/98/106 3/100/106 93/152/106
s 2070
f 44/97/107 45/98/107 267/150/107
s 2071
f 43/96/108 44/97/108 266/146/108
s 2072
f 5/95/110 43/96/110 265/145/110
s 2073
f 269/154/111 272/164/111 273/155/111
s 2074
f 270/156/112 273/155/112 274/157/112
s 2075
f 268/2235/2181 271/158/2181 96/163/2181
s 2076
f 271/158/114 274/157/114 97/162/114
s 2077
f 274/157/115 65/118/115 7/119/115
s 2078
f 273/155/116 66/117/116 65/118/116
s 2079
f 272/164/2182 67/116/2182 66/117/2182
s 2080
f 3/100/118 67/116/118 272/164/118
s 2081
f 93/152/120 272/164/120 269/154/120
s 2082
f 275/165/2183 277/172/2183 278/166/2183
s 2083
f 2105/169/2184 276/167/2184 278/166/2184
s 2084
f 278/166/2185 279/170/2185 2107/168/2185
s 2085
f 279/170/2186 2104/2278/2186 2107/168/2186
s 2086
f 279/170/2187 48/137/2187 4/53/2187
s 2087
f 278/166/2188 47/136/2188 48/137/2188
s 2088
f 277/172/126 46/135/126 47/136/126
s 2089
f 101/173/127 6/79/127 46/135/127
s 2090
f 102/174/129 101/173/129 277/172/129
s 2091
f 282/175/130 283/2279/130 281/176/130
s 2092
f 2086/178/131 281/176/131 283/2279/131
s 2093
f 283/2279/131 284/179/2189 2086/178/131
s 2094
f 284/179/131 2091/2280/131 2090/180/131
s 2095
f 2101/183/2190 284/2281/2190 55/2282/2190
s 2096
f 55/2282/132 11/181/132 2101/183/132
s 2097
f 56/63/133 55/65/133 284/184/133
s 2098
f 57/61/134 56/63/134 283/185/134
s 2099
f 12/60/135 57/61/135 282/186/135
s 2100
f 285/2164/136 287/2283/136 288/2284/136
s 2101
f 2164/193/137 286/2158/137 288/2285/137
s 2102
f 288/2285/137 289/191/137 2164/193/137
s 2103
f 287/194/2191 290/201/2191 291/195/2191
s 2104
f 288/189/139 291/195/139 292/196/139
s 2105
f 2143/198/140 289/191/140 292/2286/140
s 2106
f 292/2286/140 103/199/140 2143/198/140
s 2107
f 103/199/2192 2140/2287/2192 2144/200/2192
s 2108
f 292/196/2193 61/107/2193 12/60/2193
s 2109
f 291/195/2194 62/106/2194 61/107/2194
s 2110
f 290/201/143 63/104/143 62/106/143
s 2111
f 98/202/2195 10/103/2195 63/104/2195
s 2112
f 99/215/2196 98/214/2196 290/2288/2196
s 2113
f 2187/205/146 293/222/146 294/206/146
s 2114
f 294/206/2197 295/212/2197 2188/2289/2197
s 2115
f 295/212/146 2182/2290/146 2185/2291/146
s 2116
f 2185/2291/146 2188/2289/146 295/212/146
s 2117
f 2188/2289/146 2186/204/146 294/206/146
s 2118
f 297/207/147 298/217/147 295/208/147
s 2119
f 298/217/148 299/216/148 296/2292/148
s 2120
f 296/2292/149 299/216/149 98/202/149
s 2121
f 299/216/2198 116/126/2198 10/103/2198
s 2122
f 115/125/153 116/126/153 299/216/153
s 2123
f 114/123/155 115/125/155 298/217/155
s 2124
f 14/218/2199 114/123/2199 297/207/2199
s 2125
f 106/219/157 297/207/157 294/209/157
s 2126
f 105/221/158 294/206/158 293/222/158
s 2127
f 303/224/159 304/227/159 301/225/159
s 2128
f 304/227/159 305/231/159 302/228/159
s 2129
f 306/229/159 307/230/159 304/227/159
s 2130
f 307/230/159 308/233/159 305/231/159
s 2131
f 305/231/159 110/234/159 109/232/159
s 2132
f 308/233/159 111/235/159 110/234/159
s 2133
f 33/12/159 2/14/159 111/235/159
s 2134
f 32/11/160 33/12/160 308/233/160
s 2135
f 31/10/161 32/11/161 307/230/161
s 2136
f 1/9/159 31/10/159 306/229/159
s 2137
f 112/236/159 306/229/159 303/224/159
s 2138
f 309/238/162 312/243/162 313/239/162
s 2139
f 310/240/162 313/239/162 314/241/162
s 2140
f 311/242/162 314/241/162 112/236/162
s 2141
f 314/241/163 36/37/163 1/9/163
s 2142
f 313/239/163 35/36/163 36/37/163
s 2143
f 312/243/163 34/34/163 35/36/163
s 2144
f 108/244/163 17/35/163 34/34/163
s 2145
f 107/245/162 108/244/162 312/243/162
s 2146
f 318/246/164 319/253/164 316/247/164
s 2147
f 316/247/165 319/253/165 320/249/165
s 2148
f 2134/252/2200 317/250/2200 320/249/2200
s 2149
f 320/249/2200 94/153/2200 2134/252/2200
s 2150
f 320/249/167 39/56/167 5/95/167
s 2151
f 319/253/168 38/55/168 39/56/168
s 2152
f 37/54/169 38/55/169 319/253/169
s 2153
f 4/53/2201 37/54/2201 318/246/2201
s 2154
f 321/254/171 324/259/171 325/255/171
s 2155
f 322/256/171 325/255/171 326/257/171
s 2156
f 324/259/171 327/264/171 328/260/171
s 2157
f 325/255/171 328/260/171 329/261/171
s 2158
f 2113/263/2057 323/258/2057 326/257/2057
s 2159
f 326/257/171 102/174/171 2115/262/171
s 2160
f 102/174/171 2112/2293/171 2115/262/171
s 2161
f 326/257/171 329/261/171 101/173/171
s 2162
f 329/261/171 42/78/171 6/79/171
s 2163
f 328/260/171 41/77/171 42/78/171
s 2164
f 327/264/171 40/76/171 41/77/171
s 2165
f 111/235/171 2/14/171 40/76/171
s 2166
f 110/234/171 111/235/171 327/264/171
s 2167
f 109/232/171 110/234/171 324/259/171
s 2168
f 330/265/172 333/2294/172 334/266/172
s 2169
f 331/267/173 334/266/173 335/2295/173
s 2170
f 333/271/173 336/279/173 337/272/173
s 2171
f 334/273/2202 337/272/2202 338/274/2202
s 2172
f 332/270/173 335/269/173 105/220/173
s 2173
f 335/276/172 338/2296/172 106/277/172
s 2174
f 338/274/2203 89/124/2203 14/218/2203
s 2175
f 337/272/2204 90/122/2204 89/124/2204
s 2176
f 336/279/2205 91/120/2205 90/122/2205
s 2177
f 97/162/173 7/119/173 91/120/173
s 2178
f 96/163/172 97/162/172 336/279/172
s 2179
f 95/161/173 96/160/173 333/2297/173
s 2180
f 339/282/2206 342/303/187 343/283/2207
s 2181
f 340/284/179 343/283/179 344/285/179
s 2182
f 343/283/184 346/296/184 347/287/184
s 2183
f 15/288/2208 117/304/2208 339/282/2208
s 2184
f 157/289/177 339/282/177 340/284/177
s 2185
f 156/290/177 340/284/177 341/286/177
s 2186
f 155/291/2209 341/286/2209 135/292/2209
s 2187
f 347/287/2210 160/297/2210 24/294/2210
s 2188
f 346/296/2211 159/299/2210 160/297/2210
s 2189
f 345/298/2212 158/301/2213 159/299/2212
s 2190
f 119/300/185 16/352/185 158/301/185
s 2191
f 118/302/2214 119/300/2214 345/298/2214
s 2192
f 117/304/186 118/302/186 342/303/186
s 2193
f 351/305/18 352/308/18 349/306/18
s 2194
f 352/308/19 353/312/19 350/309/19
s 2195
f 354/310/20 355/311/20 352/308/20
s 2196
f 355/311/188 356/315/188 353/312/188
s 2197
f 120/313/17 348/307/17 76/33/17
s 2198
f 348/307/18 349/306/18 75/44/18
s 2199
f 349/306/19 350/309/19 74/43/19
s 2200
f 350/309/20 137/314/20 25/42/20
s 2201
f 353/312/20 138/316/20 137/314/20
s 2202
f 356/315/20 139/317/20 138/316/20
s 2203
f 155/291/20 23/293/20 139/317/20
s 2204
f 156/290/19 155/291/19 356/315/19
s 2205
f 157/289/20 156/290/20 355/311/20
s 2206
f 15/288/18 157/289/18 354/310/18
s 2207
f 122/318/20 354/310/20 351/305/20
s 2208
f 121/319/20 351/305/20 348/307/20
s 2209
f 357/320/191 360/325/191 361/321/191
s 2210
f 358/322/2215 361/321/2215 362/323/2215
s 2211
f 360/325/193 363/338/193 364/326/193
s 2212
f 361/321/194 364/326/194 365/327/194
s 2213
f 19/328/195 123/495/195 357/320/195
s 2214
f 163/329/196 357/320/196 358/322/196
s 2215
f 162/330/197 358/322/197 359/324/197
s 2216
f 161/331/2216 359/324/2216 140/332/2216
s 2217
f 359/324/199 362/323/199 141/334/199
s 2218
f 362/323/200 365/327/200 142/335/200
s 2219
f 365/327/2217 166/337/2217 28/336/2217
s 2220
f 364/326/202 165/339/202 166/337/202
s 2221
f 363/338/203 164/341/203 165/339/203
s 2222
f 125/340/204 20/363/204 164/341/204
s 2223
f 124/342/2218 125/340/2218 363/338/2218
s 2224
f 369/343/2219 370/346/2219 367/344/2219
s 2225
f 370/346/2220 371/350/2220 368/347/2220
s 2226
f 372/348/216 373/349/216 370/346/216
s 2227
f 373/349/2221 374/354/2221 371/350/2221
s 2228
f 126/351/2222 366/345/2222 158/301/2222
s 2229
f 366/345/2223 367/344/2223 159/299/2223
s 2230
f 367/344/207 368/347/207 160/297/207
s 2231
f 368/347/2224 143/353/2224 24/294/2224
s 2232
f 371/350/2225 144/355/2225 143/353/2225
s 2233
f 374/354/2226 145/357/2227 144/355/2226
s 2234
f 169/356/2228 29/377/2228 145/357/2228
s 2235
f 168/358/217 169/356/219 374/354/219
s 2236
f 167/359/2229 168/358/2229 373/349/218
s 2237
f 21/360/219 167/359/219 372/348/219
s 2238
f 128/361/2230 372/348/2230 369/343/2230
s 2239
f 127/362/2231 369/343/2231 366/345/2231
s 2240
f 20/363/2232 129/393/2232 375/364/2232
s 2241
f 164/341/2233 375/364/224 376/365/2233
s 2242
f 165/339/2233 376/365/2233 377/366/2233
s 2243
f 166/337/224 377/366/223 146/367/223
s 2244
f 381/368/227 382/371/227 379/369/227
s 2245
f 382/371/2234 383/375/2234 380/372/2234
s 2246
f 384/373/229 385/374/229 382/371/229
s 2247
f 385/374/230 386/379/230 383/375/230
s 2248
f 132/376/2235 378/370/2235 167/359/2235
s 2249
f 378/370/2236 379/369/2236 168/358/2236
s 2250
f 379/369/233 380/372/233 169/356/233
s 2251
f 380/372/234 149/378/234 29/377/234
s 2252
f 383/375/2237 150/380/2237 149/378/2237
s 2253
f 386/379/2238 151/381/2238 150/380/2238
s 2254
f 161/331/237 27/333/237 151/381/237
s 2255
f 162/330/238 161/331/238 386/379/238
s 2256
f 163/329/239 162/330/239 385/374/239
s 2257
f 19/328/240 163/329/240 384/373/240
s 2258
f 134/382/241 384/373/241 381/368/241
s 2259
f 133/383/2239 381/368/2239 378/370/2239
s 2260
f 390/384/2240 391/387/2240 388/385/2240
s 2261
f 391/387/244 392/391/244 389/388/244
s 2262
f 393/389/245 394/390/245 391/387/245
s 2263
f 394/390/246 395/394/246 392/391/246
s 2264
f 389/388/247 129/393/247 20/363/247
s 2265
f 392/391/248 130/395/248 129/393/248
s 2266
f 395/394/250 131/397/250 130/395/250
s 2267
f 174/396/251 18/405/251 131/397/251
s 2268
f 173/398/252 174/396/252 395/394/252
s 2269
f 394/390/2241 393/389/253 2005/2068/253
s 2270
f 2005/2068/253 2004/399/253 394/390/253
s 2271
f 2004/399/253 2010/2298/253 173/398/253
s 2272
f 2010/2298/253 2011/2299/253 173/398/253
s 2273
f 396/400/254 398/403/254 399/401/254
s 2274
f 398/403/255 401/410/255 402/404/255
s 2275
f 396/400/256 397/402/256 174/396/256
s 2276
f 397/402/257 154/407/257 18/405/257
s 2277
f 397/402/258 399/401/258 153/406/258
s 2278
f 399/401/259 402/404/259 152/408/259
s 2279
f 402/404/260 178/411/260 22/409/260
s 2280
f 401/410/261 177/413/261 178/411/261
s 2281
f 400/2300/2242 176/2301/2242 177/2302/2242
s 2282
f 403/414/2243 405/2303/2243 406/415/2243
s 2283
f 406/415/264 405/2303/264 1947/2304/264
s 2284
f 1950/417/2244 1951/2183/2244 407/418/2244
s 2285
f 406/415/264 1947/2304/2244 1950/417/2244
s 2286
f 183/419/265 403/414/265 404/416/265
s 2287
f 406/415/2245 407/418/2245 134/382/2245
s 2288
f 407/418/2246 181/494/2246 19/328/2246
s 2289
f 410/421/268 411/425/268 409/422/268
s 2290
f 411/425/269 410/421/269 1965/426/269
s 2291
f 1965/426/269 1964/2305/269 412/424/269
s 2292
f 1964/2305/269 1961/2306/269 412/424/269
s 2293
f 409/427/271 142/335/271 28/336/271
s 2294
f 411/429/272 141/334/272 142/335/272
s 2295
f 412/430/273 140/332/273 141/334/273
s 2296
f 140/433/2247 412/2307/2247 1955/431/2247
s 2297
f 1955/431/2247 1952/2308/2247 27/432/2247
s 2298
f 413/2309/275 414/437/275 185/438/275
s 2299
f 414/437/275 145/357/275 29/377/275
s 2300
f 415/2310/276 418/2311/276 419/448/276
s 2301
f 416/442/2248 419/448/2248 420/443/2248
s 2302
f 419/447/279 418/2230/279 1988/445/279
s 2303
f 1988/445/279 1982/2312/279 421/446/279
s 2304
f 419/448/280 421/2313/280 422/449/280
s 2305
f 180/450/2249 416/442/2249 417/444/2249
s 2306
f 179/451/2250 417/444/2251 148/452/2250
s 2307
f 420/443/283 422/449/283 146/367/283
s 2308
f 422/449/2252 184/428/2252 28/336/2252
s 2309
f 422/456/285 421/446/285 1980/457/285
s 2310
f 1980/457/285 1979/2314/285 184/455/285
s 2311
f 1979/2314/285 1975/2315/285 184/455/285
s 2312
f 424/459/2253 423/464/2253 2034/2316/2253
s 2313
f 2034/2316/2253 2036/2317/2253 424/459/2253
s 2314
f 2036/2317/2253 2035/460/2253 424/459/2253
s 2315
f 2033/2318/2253 2027/2319/2253 425/458/2253
s 2316
f 2035/460/2253 2033/2318/2253 425/458/2253
s 2317
f 427/461/287 428/467/287 426/462/287
s 2318
f 423/464/288 424/459/288 188/465/288
s 2319
f 428/467/289 179/451/289 26/453/289
s 2320
f 427/2320/290 180/2255/290 179/2321/290
s 2321
f 432/469/291 433/472/291 430/470/291
s 2322
f 433/472/291 434/476/291 431/473/291
s 2323
f 435/474/291 436/475/291 433/472/291
s 2324
f 436/475/291 437/479/291 434/476/291
s 2325
f 430/470/291 431/473/291 193/477/291
s 2326
f 431/473/291 117/304/291 15/288/291
s 2327
f 434/476/292 118/302/292 117/304/292
s 2328
f 437/479/293 119/300/293 118/302/293
s 2329
f 192/480/291 16/352/291 119/300/291
s 2330
f 191/481/291 192/480/291 437/479/291
s 2331
f 190/482/291 191/481/291 436/475/291
s 2332
f 438/483/162 440/486/162 441/484/162
s 2333
f 440/486/163 442/488/163 443/487/163
s 2334
f 107/245/162 438/483/162 439/485/162
s 2335
f 108/244/163 439/485/163 120/313/163
s 2336
f 439/485/163 441/484/163 121/319/163
s 2337
f 441/484/163 443/487/163 122/318/163
s 2338
f 443/487/163 193/477/163 15/288/163
s 2339
f 442/488/162 194/478/162 193/477/162
s 2340
f 446/489/2254 447/493/2254 445/490/2254
s 2341
f 446/489/295 448/2024/295 449/492/295
s 2342
f 445/490/2255 123/495/2255 19/328/2255
s 2343
f 447/493/297 124/342/297 123/495/297
s 2344
f 447/493/298 449/492/298 125/340/298
s 2345
f 449/492/300 448/2024/300 1972/496/300
s 2346
f 1972/496/300 1974/2073/300 175/392/300
s 2347
f 451/501/301 150/380/301 151/381/301
s 2348
f 453/500/2256 149/378/2256 150/380/2256
s 2349
f 185/438/303 29/377/303 149/378/303
s 2350
f 186/436/304 185/435/304 453/502/304
s 2351
f 454/504/305 457/509/305 458/505/305
s 2352
f 455/506/305 458/505/305 459/507/305
s 2353
f 457/509/305 460/2076/305 461/510/305
s 2354
f 458/505/305 461/510/305 462/511/305
s 2355
f 190/482/305 454/504/305 455/506/305
s 2356
f 191/481/305 455/506/305 456/508/305
s 2357
f 192/480/305 456/508/305 126/351/305
s 2358
f 456/508/305 459/507/305 127/362/305
s 2359
f 459/507/305 462/511/305 128/361/305
s 2360
f 462/511/305 182/420/305 21/360/305
s 2361
f 461/510/305 183/419/305 182/420/305
s 2362
f 461/510/2257 460/2076/2257 2075/2075/2257
s 2363
f 2075/2075/305 2076/512/305 461/510/305
s 2364
f 2076/512/305 2077/2322/305 183/419/305
s 2365
f 463/2323/306 466/518/306 467/520/306
s 2366
f 464/515/2258 467/514/2258 468/516/2258
s 2367
f 466/518/308 469/2324/308 470/519/308
s 2368
f 467/520/308 470/519/308 471/2325/308
s 2369
f 176/522/308 463/513/308 464/515/308
s 2370
f 177/413/308 464/515/308 465/517/308
s 2371
f 178/411/306 465/517/306 172/523/306
s 2372
f 465/517/307 468/516/307 171/524/307
s 2373
f 468/516/308 471/521/308 170/525/308
s 2374
f 471/521/2259 189/528/2259 30/526/2259
s 2375
f 470/527/308 188/2326/308 189/528/308
s 2376
f 1116/529/312 1114/533/312 1124/530/312
s 2377
f 1117/532/313 1118/535/313 1114/533/313
s 2378
f 1120/534/315 1114/533/314 1118/535/315
s 2379
f 1122/537/316 1114/533/316 1120/534/316
s 2380
f 1123/539/2260 1124/530/2260 1114/533/2260
s 2381
f 588/540/318 1116/529/318 1115/531/318
s 2382
f 480/542/320 629/544/320 1117/532/320
s 2383
f 629/544/321 628/549/321 1118/535/321
s 2384
f 587/543/322 1117/532/322 1116/529/322
s 2385
f 683/545/323 1119/536/323 627/546/323
s 2386
f 682/548/324 1120/534/324 1119/536/324
s 2387
f 1119/536/325 1118/535/325 628/549/325
s 2388
f 584/550/2261 1121/538/2261 681/551/2261
s 2389
f 585/553/328 1122/537/328 1121/538/328
s 2390
f 1121/538/2262 1120/534/2262 682/548/2262
s 2391
f 586/554/330 1123/539/330 1122/537/330
s 2392
f 1127/555/331 1125/559/331 1135/556/331
s 2393
f 1128/558/332 1129/561/332 1125/559/332
s 2394
f 1131/560/333 1125/559/333 1129/561/333
s 2395
f 1133/563/334 1125/559/334 1131/560/334
s 2396
f 1134/565/2263 1135/556/2263 1125/559/2263
s 2397
f 582/566/2264 1127/555/2264 1126/557/2264
s 2398
f 529/568/2265 635/570/2265 1128/558/2265
s 2399
f 635/570/339 634/575/339 1129/561/339
s 2400
f 581/569/341 1128/558/2266 1127/555/341
s 2401
f 689/571/342 1130/562/342 633/572/342
s 2402
f 688/574/343 1131/560/343 1130/562/343
s 2403
f 1130/562/344 1129/561/344 634/575/344
s 2404
f 587/543/2267 1132/564/2268 687/576/2267
s 2405
f 588/540/2269 1133/563/2269 1132/564/2269
s 2406
f 1132/564/347 1131/560/347 688/574/347
s 2407
f 589/541/2270 1134/565/2270 1133/563/2270
s 2408
f 1136/577/2271 1137/580/2272 1140/578/2271
s 2409
f 1137/580/351 1138/589/351 1141/581/351
s 2410
f 1139/579/2273 1140/578/2274 1143/582/2274
s 2411
f 1140/578/353 1141/581/2275 1144/584/353
s 2412
f 505/585/2276 768/587/2276 1136/577/2276
s 2413
f 768/587/2277 767/588/2277 1137/580/2277
s 2414
f 767/588/2278 766/590/2278 1138/589/2278
s 2415
f 766/590/358 489/1106/358 665/591/358
s 2416
f 1138/589/2279 665/591/2279 664/592/2279
s 2417
f 1141/581/361 664/592/2280 663/593/2280
s 2418
f 1144/584/2281 663/593/2281 482/594/2281
s 2419
f 1143/582/363 1144/584/2282 644/595/363
s 2420
f 1142/583/364 1143/582/2283 643/596/2283
s 2421
f 759/598/2284 1142/583/2284 642/597/2285
s 2422
f 758/600/2286 1139/579/2286 1142/583/2286
s 2423
f 757/586/2287 1136/577/2287 1139/579/2287
s 2424
f 2136/2327/370 1145/609/370 2137/603/370
s 2425
f 1145/609/370 1146/601/370 2137/603/370
s 2426
f 1146/601/371 1147/613/371 2142/604/371
s 2427
f 1147/613/371 2161/615/371 2158/2328/371
s 2428
f 2142/604/371 1147/613/371 2158/2328/371
s 2429
f 657/605/2288 1145/609/2288 571/606/2288
s 2430
f 658/608/373 1146/601/373 1145/609/373
s 2431
f 2133/2142/374 571/606/374 2134/611/374
s 2432
f 571/606/374 1145/609/374 2134/611/374
s 2433
f 1145/609/374 2136/2327/374 2135/610/374
s 2434
f 487/612/2289 590/616/2289 1147/613/2289
s 2435
f 1147/613/2290 590/616/2291 2161/615/2290
s 2436
f 590/2329/2292 591/2330/2292 2162/2331/2292
s 2437
f 659/614/2293 1147/613/2293 1146/601/2293
s 2438
f 1148/618/2294 1149/621/2294 1152/619/2294
s 2439
f 1149/621/381 1150/630/381 1153/622/381
s 2440
f 1151/620/382 1152/619/382 1155/623/382
s 2441
f 1152/619/383 1153/622/383 1156/625/383
s 2442
f 504/626/2295 756/628/2295 1148/618/2295
s 2443
f 756/628/2296 755/629/2296 1149/621/2297
s 2444
f 755/629/2298 754/631/2298 1150/630/2298
s 2445
f 754/631/2299 488/1069/2299 662/632/2299
s 2446
f 1150/630/388 662/632/388 661/633/388
s 2447
f 1153/622/389 661/633/389 660/634/389
s 2448
f 1156/625/391 660/634/2300 481/635/391
s 2449
f 1155/623/392 1156/625/392 638/636/392
s 2450
f 1154/624/393 1155/623/393 637/637/393
s 2451
f 747/639/2301 1154/624/2301 636/638/2301
s 2452
f 746/641/396 1151/620/2302 1154/624/2302
s 2453
f 745/627/2303 1148/618/2303 1151/620/2303
s 2454
f 1159/642/2304 1157/646/2304 1167/643/2304
s 2455
f 1160/645/2305 1161/648/2305 1157/646/2305
s 2456
f 1162/647/2306 1163/650/2306 1157/646/2306
s 2457
f 1165/649/401 1157/646/2307 1163/650/401
s 2458
f 1166/652/2308 1167/643/2309 1157/646/2309
s 2459
f 585/553/2310 1159/642/2310 1158/644/2310
s 2460
f 479/552/2311 623/653/2311 1160/645/2312
s 2461
f 623/653/2313 622/657/2313 1161/648/405
s 2462
f 584/550/406 1160/645/406 1159/642/406
s 2463
f 677/654/2314 1162/647/2314 621/655/2314
s 2464
f 677/654/2315 676/662/2315 1163/650/2315
s 2465
f 1162/647/409 1161/648/409 622/657/409
s 2466
f 595/658/410 1164/651/2316 675/659/410
s 2467
f 596/661/2317 1165/649/2317 1164/651/2317
s 2468
f 1164/651/412 1163/650/412 676/662/412
s 2469
f 597/663/414 1166/652/2318 1165/649/2318
s 2470
f 1170/664/415 1168/668/415 1175/665/415
s 2471
f 1171/667/416 1172/670/416 1168/668/416
s 2472
f 1174/669/417 1168/668/417 1172/670/417
s 2473
f 474/672/418 574/674/418 1169/666/418
s 2474
f 574/674/419 573/680/419 1170/664/419
s 2475
f 1169/666/420 1175/665/420 612/675/420
s 2476
f 650/676/2319 1171/667/2319 572/677/2319
s 2477
f 649/679/2320 1172/670/2320 1171/667/2320
s 2478
f 1171/667/2321 1170/664/2321 573/680/2321
s 2479
f 607/681/425 1173/671/425 648/682/425
s 2480
f 608/684/426 1174/669/426 1173/671/426
s 2481
f 1173/671/428 1172/670/428 649/679/428
s 2482
f 472/685/429 837/688/429 1176/686/429
s 2483
f 837/688/430 836/690/430 1177/689/430
s 2484
f 836/690/431 835/692/431 1178/691/431
s 2485
f 835/692/432 474/672/432 611/673/432
s 2486
f 1181/693/433 1179/697/433 1186/694/433
s 2487
f 1182/696/2322 1183/699/2323 1179/697/2322
s 2488
f 1185/698/435 1179/697/435 1183/699/435
s 2489
f 577/701/436 1180/695/436 609/702/436
s 2490
f 576/704/2324 1181/693/2324 1180/695/2324
s 2491
f 1180/695/438 1186/694/438 610/705/438
s 2492
f 653/706/439 1182/696/439 575/707/439
s 2493
f 652/709/440 1183/699/440 1182/696/440
s 2494
f 1182/696/441 1181/693/441 576/704/441
s 2495
f 605/710/2325 1184/700/2325 651/711/2325
s 2496
f 606/713/443 1185/698/443 1184/700/443
s 2497
f 1184/700/2326 1183/699/2326 652/709/2326
s 2498
f 1189/714/2327 1187/2332/2327 1194/715/2327
s 2499
f 1191/717/446 1187/2332/446 1189/714/446
s 2500
f 1193/719/447 1187/2332/447 1191/717/447
s 2501
f 570/721/2328 1188/716/2328 607/681/2329
s 2502
f 570/721/2330 569/726/2330 1189/714/2330
s 2503
f 1188/716/451 1194/715/451 608/684/451
s 2504
f 647/722/452 1190/718/452 568/723/452
s 2505
f 646/725/453 1191/717/453 1190/718/453
s 2506
f 1190/718/2331 1189/714/2331 569/726/2331
s 2507
f 475/703/2332 609/702/2332 1192/720/2332
s 2508
f 609/702/2333 610/705/2333 1193/719/2333
s 2509
f 645/727/457 1192/720/457 1191/717/457
s 2510
f 1196/728/458 1197/733/458 1200/729/458
s 2511
f 1197/733/459 1195/2333/459 2152/731/459
s 2512
f 1195/2334/2334 2156/2335/2334 2152/2336/2334
s 2513
f 614/732/460 613/734/460 1200/729/460
s 2514
f 613/734/2335 490/829/2335 668/735/2335
s 2515
f 1199/730/2336 1200/729/2336 668/735/2336
s 2516
f 1198/737/463 1199/730/463 667/736/463
s 2517
f 604/687/464 1198/737/464 666/738/464
s 2518
f 1202/739/465 1205/743/465 1204/740/465
s 2519
f 1203/742/2337 1206/745/2337 1205/743/2337
s 2520
f 1205/743/2338 1208/746/2339 1207/744/2339
s 2521
f 1206/745/2340 1209/753/2340 1208/746/2340
s 2522
f 693/747/2341 1201/741/2341 837/688/2341
s 2523
f 694/748/470 1202/739/470 1201/741/470
s 2524
f 695/749/2342 1203/742/2342 1202/739/2342
s 2525
f 498/750/472 772/751/472 1203/742/472
s 2526
f 772/751/2343 773/752/2343 1206/745/2343
s 2527
f 773/752/2344 774/754/2345 1209/753/2345
s 2528
f 774/754/475 506/978/475 771/755/475
s 2529
f 1209/753/2346 771/755/2346 770/756/2346
s 2530
f 1208/746/2347 770/756/2348 769/757/2347
s 2531
f 1207/744/478 769/757/478 474/672/478
s 2532
f 1204/740/479 1207/744/479 835/692/479
s 2533
f 1201/741/480 1204/740/480 836/690/480
s 2534
f 1210/758/2349 1211/761/2349 1214/759/2350
s 2535
f 1211/761/2351 1212/770/2351 1215/762/2351
s 2536
f 1214/759/2352 1217/765/2353 1216/763/2353
s 2537
f 1214/759/2354 1215/762/2354 1218/764/2354
s 2538
f 503/766/487 744/768/487 1210/758/487
s 2539
f 744/768/2355 743/769/2355 1211/761/2355
s 2540
f 743/769/490 742/771/490 1212/770/490
s 2541
f 742/771/2356 492/920/2356 674/772/2356
s 2542
f 1212/770/492 674/772/492 673/773/492
s 2543
f 1215/762/2357 673/773/2357 672/774/2358
s 2544
f 1218/764/495 672/774/495 473/683/495
s 2545
f 1218/764/2359 648/682/2359 649/679/2359
s 2546
f 1217/765/2360 649/679/2360 650/676/2360
s 2547
f 1216/763/2361 650/676/2362 484/678/2362
s 2548
f 1213/760/2363 1216/763/2363 735/775/2363
s 2549
f 733/767/2364 1210/758/2364 1213/760/2364
s 2550
f 1220/777/501 1223/781/501 1222/778/501
s 2551
f 1221/780/502 1224/783/502 1223/781/502
s 2552
f 1223/781/2365 1226/784/2365 1225/782/2365
s 2553
f 1224/783/505 1227/792/505 1226/784/505
s 2554
f 732/785/506 1219/779/506 721/786/506
s 2555
f 731/788/507 1220/777/507 1219/779/507
s 2556
f 730/789/508 1221/780/508 1220/777/508
s 2557
f 730/789/509 494/871/509 680/790/509
s 2558
f 680/790/2366 679/791/2366 1224/783/2366
s 2559
f 679/791/2367 678/793/2367 1227/792/2367
s 2560
f 678/793/512 475/703/512 645/727/512
s 2561
f 1227/792/2368 645/727/2368 646/725/2368
s 2562
f 1226/784/514 646/725/514 647/722/514
s 2563
f 1225/782/515 647/722/515 483/724/515
s 2564
f 1222/778/2369 1225/782/2370 723/794/2371
s 2565
f 1219/779/2372 1222/778/2373 722/795/2372
s 2566
f 1229/796/2374 1232/800/2374 1231/797/2374
s 2567
f 1230/799/2375 1233/802/2376 1232/800/2376
s 2568
f 1232/800/2377 1235/803/2377 1234/801/2377
s 2569
f 1233/802/521 1236/812/521 1235/803/521
s 2570
f 501/804/2378 720/806/2378 1228/798/2378
s 2571
f 720/806/2379 719/807/2379 1229/796/2379
s 2572
f 719/807/2380 718/808/2380 1230/799/2380
s 2573
f 718/808/2381 545/1271/2381 686/809/2381
s 2574
f 1230/799/2382 686/809/2382 685/810/2382
s 2575
f 1233/802/2383 685/810/2383 684/811/2383
s 2576
f 1236/812/2384 684/811/2385 518/712/2384
s 2577
f 1236/812/531 651/711/531 652/709/531
s 2578
f 1235/803/532 652/709/532 653/706/532
s 2579
f 1234/801/2386 653/706/2386 485/708/2386
s 2580
f 1231/797/534 1234/801/534 711/813/534
s 2581
f 1228/798/535 1231/797/535 710/814/535
s 2582
f 1237/815/2387 1238/818/2387 1241/816/2387
s 2583
f 1238/818/2388 1239/827/2388 1242/819/2388
s 2584
f 1240/817/538 1241/816/2389 1244/820/538
s 2585
f 1241/816/2390 1242/819/2390 1245/822/2390
s 2586
f 500/823/2391 708/825/2391 1237/815/2391
s 2587
f 708/825/543 707/826/543 1238/818/543
s 2588
f 707/826/544 706/828/544 1239/827/544
s 2589
f 706/828/2392 498/750/545 695/749/545
s 2590
f 1239/827/546 695/749/546 694/748/546
s 2591
f 1242/819/547 694/748/547 693/747/547
s 2592
f 1245/822/2393 693/747/2393 472/685/2393
s 2593
f 1244/820/549 1245/822/549 666/738/549
s 2594
f 1243/821/550 1244/820/550 667/736/550
s 2595
f 1243/821/551 668/735/551 490/829/551
s 2596
f 699/831/552 1240/817/552 1243/821/552
s 2597
f 698/824/553 1237/815/553 1240/817/553
s 2598
f 1246/832/554 1247/838/554 1249/833/554
s 2599
f 1248/834/555 1249/833/2394 1251/835/2394
s 2600
f 705/837/556 704/839/556 1247/838/556
s 2601
f 704/839/557 500/823/557 698/824/557
s 2602
f 1247/838/558 698/824/558 699/831/558
s 2603
f 1249/833/559 699/831/559 700/830/2395
s 2604
f 1251/835/561 700/830/561 490/829/561
s 2605
f 1250/836/2396 1251/835/2397 613/734/2396
s 2606
f 1252/840/564 1253/846/564 1255/841/564
s 2607
f 1254/842/565 1255/841/565 1257/843/565
s 2608
f 696/845/566 697/847/566 1253/846/566
s 2609
f 697/847/2398 499/599/2398 701/848/2398
s 2610
f 1253/846/568 701/848/568 702/849/568
s 2611
f 1255/841/569 702/849/569 703/850/569
s 2612
f 1257/843/570 703/850/570 500/823/570
s 2613
f 1256/844/571 1257/843/571 704/839/571
s 2614
f 1258/851/2399 1259/854/2399 1262/852/2399
s 2615
f 1259/854/574 1260/859/574 1263/855/574
s 2616
f 1261/853/575 1262/852/575 1265/856/575
s 2617
f 1262/852/577 1263/855/577 1266/858/577
s 2618
f 499/599/2400 642/597/2401 1258/851/2400
s 2619
f 642/597/2402 643/596/579 1259/854/579
s 2620
f 643/596/2403 644/595/2403 1260/859/2403
s 2621
f 644/595/2404 482/594/2404 641/860/2404
s 2622
f 1260/859/2405 641/860/2405 640/861/2405
s 2623
f 1263/855/584 640/861/584 639/862/584
s 2624
f 1266/858/586 639/862/586 498/750/586
s 2625
f 1265/856/2406 1266/858/587 706/828/587
s 2626
f 1264/857/588 1265/856/588 707/826/588
s 2627
f 703/850/2407 1264/857/2407 708/825/2407
s 2628
f 702/849/2408 1261/853/2408 1264/857/2408
s 2629
f 701/848/591 1258/851/591 1261/853/2409
s 2630
f 1267/863/592 1268/866/592 1271/864/592
s 2631
f 1268/866/2410 1269/874/2410 1272/867/2410
s 2632
f 1270/865/2411 1271/864/2411 1274/868/2411
s 2633
f 1271/864/596 1272/867/596 1275/870/596
s 2634
f 494/871/2412 717/872/2412 1267/863/2412
s 2635
f 717/872/2413 716/873/2413 1268/866/2413
s 2636
f 716/873/2414 715/875/2414 1269/874/2414
s 2637
f 715/875/2415 501/804/2415 709/805/2415
s 2638
f 1269/874/2416 709/805/2416 710/814/2416
s 2639
f 1272/867/2417 710/814/2417 711/813/2417
s 2640
f 1275/870/603 711/813/2418 485/708/2418
s 2641
f 1274/868/604 1275/870/604 575/707/604
s 2642
f 1273/869/2419 1274/868/2419 576/704/2419
s 2643
f 1273/869/2420 577/701/2420 475/703/2420
s 2644
f 1270/865/2421 1273/869/2421 678/793/2421
s 2645
f 1267/863/2422 1270/865/2422 679/791/2422
s 2646
f 1276/876/2423 1277/879/2423 1280/877/2423
s 2647
f 1277/879/2424 1278/885/2424 1281/880/2424
s 2648
f 1279/878/614 1280/877/614 1283/881/614
s 2649
f 1280/877/615 1281/880/615 1284/883/615
s 2650
f 480/542/2425 687/576/2425 1276/876/2426
s 2651
f 687/576/617 688/574/617 1277/879/617
s 2652
f 689/571/619 1278/885/619 1277/879/619
s 2653
f 496/573/2427 805/886/2427 1278/885/2427
s 2654
f 805/886/621 806/911/621 1281/880/621
s 2655
f 1281/880/622 806/911/622 807/887/622
s 2656
f 1284/883/2428 807/887/2429 513/888/2428
s 2657
f 1283/881/2430 1284/883/2431 825/889/2430
s 2658
f 1282/882/627 1283/881/627 824/890/627
s 2659
f 624/892/2432 1282/882/2432 823/891/2432
s 2660
f 625/894/629 1279/878/629 1282/882/629
s 2661
f 626/884/2433 1276/876/2433 1279/878/2433
s 2662
f 1285/895/631 1286/898/631 1289/896/631
s 2663
f 1286/898/2434 1287/903/2435 1290/899/2435
s 2664
f 1288/897/633 1289/896/633 1292/900/633
s 2665
f 1289/896/2436 1290/899/634 1293/902/634
s 2666
f 496/573/2437 633/572/2437 1285/895/2437
s 2667
f 633/572/636 634/575/636 1286/898/636
s 2668
f 634/575/637 635/570/637 1287/903/637
s 2669
f 635/570/2438 529/568/2438 632/904/2439
s 2670
f 1287/903/2440 632/904/2440 631/905/2440
s 2671
f 1290/899/2441 631/905/2441 630/906/2441
s 2672
f 1293/902/2442 630/906/2442 564/907/2442
s 2673
f 1292/900/643 1293/902/643 834/908/643
s 2674
f 1291/901/2443 1292/900/2443 833/909/2443
s 2675
f 807/887/2444 1291/901/2444 832/910/2444
s 2676
f 806/911/2445 1288/897/2445 1291/901/2445
s 2677
f 805/886/647 1285/895/647 1288/897/2446
s 2678
f 1294/912/650 1295/915/650 1298/913/2447
s 2679
f 1295/915/2448 1296/923/2448 1299/916/2448
s 2680
f 1297/914/653 1298/913/653 1301/917/653
s 2681
f 1298/913/2449 1299/916/2449 1302/919/2449
s 2682
f 492/920/2450 729/921/2450 1294/912/2450
s 2683
f 729/921/657 728/922/2451 1295/915/2451
s 2684
f 728/922/2452 727/924/2452 1296/923/2452
s 2685
f 727/924/2453 502/787/2453 721/786/2453
s 2686
f 1296/923/662 721/786/662 722/795/662
s 2687
f 1299/916/663 722/795/663 723/794/663
s 2688
f 1302/919/2454 723/794/2454 483/724/2454
s 2689
f 1301/917/666 1302/919/666 568/723/666
s 2690
f 1300/918/2455 1301/917/2455 569/726/2455
s 2691
f 672/774/2456 1300/918/2456 570/721/2457
s 2692
f 673/773/2458 1297/914/2458 1300/918/2458
s 2693
f 674/772/2459 1294/912/2460 1297/914/2460
s 2694
f 1303/925/2461 1304/928/674 1307/926/2461
s 2695
f 1304/928/675 1305/934/675 1308/929/675
s 2696
f 1306/927/2462 1307/926/2462 1310/930/2462
s 2697
f 1307/926/2463 1308/929/2463 1311/932/2464
s 2698
f 479/552/2465 681/551/2465 1303/925/2465
s 2699
f 681/551/679 682/548/679 1304/928/679
s 2700
f 683/545/680 1305/934/680 1304/928/680
s 2701
f 495/547/2466 799/952/2466 1305/934/2466
s 2702
f 1305/934/2467 799/952/683 800/935/2467
s 2703
f 1308/929/684 800/935/684 801/936/684
s 2704
f 1311/932/2468 801/936/2468 511/937/2469
s 2705
f 1310/930/2470 1311/932/2470 822/938/2470
s 2706
f 1309/931/2471 1310/930/2471 821/939/2471
s 2707
f 618/941/2472 1309/931/2472 820/940/2472
s 2708
f 619/943/690 1306/927/690 1309/931/690
s 2709
f 620/933/2473 1303/925/2473 1306/927/2473
s 2710
f 1312/944/692 1313/947/692 1316/945/692
s 2711
f 1313/947/2474 1314/953/2474 1317/948/2474
s 2712
f 1315/946/2475 1316/945/2476 1319/949/2476
s 2713
f 1316/945/2477 1317/948/2477 1320/951/2477
s 2714
f 495/547/696 627/546/696 1312/944/696
s 2715
f 627/546/697 628/549/697 1313/947/697
s 2716
f 628/549/698 629/544/698 1314/953/698
s 2717
f 629/544/2478 480/542/2478 626/884/2478
s 2718
f 1314/953/2479 626/884/2479 625/894/2479
s 2719
f 1317/948/2480 625/894/2480 624/892/2480
s 2720
f 1320/951/2481 624/892/2482 514/893/2481
s 2721
f 1319/949/706 1320/951/706 831/954/2483
s 2722
f 1318/950/2484 1319/949/2484 830/955/2485
s 2723
f 801/936/2486 1318/950/2486 829/956/2486
s 2724
f 800/935/2487 1315/946/2487 1318/950/2487
s 2725
f 799/952/711 1312/944/711 1315/946/711
s 2726
f 1323/957/2488 1321/961/2488 1335/958/2488
s 2727
f 1324/960/714 1325/963/714 1321/961/714
s 2728
f 1326/962/2489 1327/965/2489 1321/961/2489
s 2729
f 1329/964/2490 1321/961/2490 1327/965/2490
s 2730
f 1331/967/2491 1321/961/2491 1329/964/2491
s 2731
f 1332/969/2492 1333/970/2492 1321/961/2492
s 2732
f 1335/958/2493 1321/961/2493 1333/970/2493
s 2733
f 741/972/2494 1322/959/2495 671/973/2494
s 2734
f 740/975/2496 1323/957/2496 1322/959/2496
s 2735
f 1322/959/2497 1335/958/723 670/976/723
s 2736
f 733/767/724 1324/960/724 739/977/724
s 2737
f 734/776/2498 1325/963/2498 1324/960/2498
s 2738
f 739/977/2499 1324/960/2499 1323/957/2499
s 2739
f 484/678/2500 572/677/2501 1326/962/2500
s 2740
f 572/677/2502 573/680/2502 1327/965/2502
s 2741
f 735/775/1582 1326/962/1582 1325/963/1582
s 2742
f 769/757/730 1328/966/730 574/674/730
s 2743
f 770/756/732 1329/964/732 1328/966/732
s 2744
f 1328/966/733 1327/965/733 573/680/733
s 2745
f 506/978/734 775/980/734 1330/968/734
s 2746
f 776/979/2503 1331/967/2504 1330/968/2503
s 2747
f 771/755/736 1330/968/736 1329/964/736
s 2748
f 507/981/737 781/983/737 1332/969/2505
s 2749
f 781/983/2506 782/987/2506 1333/970/2506
s 2750
f 777/982/740 1332/969/740 1331/967/740
s 2751
f 508/984/2507 669/986/2507 1334/971/2508
s 2752
f 669/986/2509 670/976/2509 1335/958/2509
s 2753
f 1334/971/743 1333/970/743 782/987/743
s 2754
f 1336/988/745 1337/991/2510 1340/989/745
s 2755
f 1337/991/2511 1338/997/2511 1341/992/2511
s 2756
f 1339/990/2512 1340/989/2512 1343/993/2512
s 2757
f 1340/989/2513 1341/992/2513 1344/995/2513
s 2758
f 478/660/2514 675/659/2515 1336/988/2515
s 2759
f 675/659/754 676/662/754 1337/991/754
s 2760
f 676/662/2516 677/654/2516 1338/997/2516
s 2761
f 677/654/756 493/656/756 814/998/756
s 2762
f 1338/997/2517 814/998/2517 815/999/2517
s 2763
f 1341/992/2518 815/999/2519 816/1000/2518
s 2764
f 1344/995/2520 816/1000/2520 515/1001/2520
s 2765
f 1343/993/2521 1344/995/2521 819/1002/2521
s 2766
f 1342/994/2522 1343/993/2522 818/1003/2522
s 2767
f 615/1005/2523 1342/994/2523 817/1004/2523
s 2768
f 616/1007/2524 1339/990/2524 1342/994/2524
s 2769
f 617/996/2525 1336/988/2526 1339/990/2525
s 2770
f 1345/1008/768 1346/1011/768 1349/1009/768
s 2771
f 1346/1011/2527 1347/1016/2527 1350/1012/2527
s 2772
f 1348/1010/2528 1349/1009/2528 1352/1013/2528
s 2773
f 1349/1009/2529 1350/1012/771 1353/1015/2529
s 2774
f 493/656/774 621/655/774 1345/1008/774
s 2775
f 621/655/775 622/657/775 1346/1011/775
s 2776
f 622/657/2530 623/653/776 1347/1016/2530
s 2777
f 623/653/2531 479/552/2531 620/933/2531
s 2778
f 1347/1016/2532 620/933/2532 619/943/2532
s 2779
f 1350/1012/2533 619/943/2533 618/941/2533
s 2780
f 1353/1015/782 618/941/782 512/942/782
s 2781
f 1352/1013/2534 1353/1015/2535 828/1017/2535
s 2782
f 1351/1014/2536 1352/1013/2536 827/1018/784
s 2783
f 816/1000/2537 1351/1014/2537 826/1019/2537
s 2784
f 815/999/2538 1348/1010/2538 1351/1014/2539
s 2785
f 814/998/789 1345/1008/2540 1348/1010/789
s 2786
f 1355/1020/791 1358/1024/791 1357/1021/791
s 2787
f 1355/1020/2541 1356/1030/2541 1359/1023/2541
s 2788
f 1358/1024/793 1361/1027/793 1360/1025/793
s 2789
f 1358/1024/795 1359/1023/795 1362/1026/795
s 2790
f 753/1028/2542 1354/1022/2542 590/616/2542
s 2791
f 753/1028/798 752/1029/798 1355/1020/798
s 2792
f 752/1029/2543 751/1031/2543 1356/1030/2543
s 2793
f 751/1031/800 504/626/800 745/627/800
s 2794
f 1356/1030/2544 745/627/2544 746/641/2544
s 2795
f 1359/1023/2545 746/641/2545 747/639/2546
s 2796
f 1362/1026/2547 747/639/2547 497/640/2547
s 2797
f 1361/1027/805 1362/1026/805 692/1032/805
s 2798
f 1361/1027/806 691/1033/806 690/1034/806
s 2799
f 2163/1036/2548 591/1037/2548 1357/1021/2548
s 2800
f 1357/1021/2548 1360/1025/2548 2165/1035/2548
s 2801
f 1360/1025/2548 2195/2337/2548 2165/1035/2548
s 2802
f 1354/1022/808 1357/1021/808 591/1037/808
s 2803
f 1363/1038/810 1364/1041/810 1367/1039/810
s 2804
f 1364/1041/811 1365/1048/811 1368/1042/811
s 2805
f 1366/1040/2549 1367/1039/2549 1370/1043/2549
s 2806
f 1367/1039/813 1368/1042/813 1371/1045/813
s 2807
f 476/607/814 580/1046/814 1363/1038/814
s 2808
f 580/1046/815 579/1047/815 1364/1041/815
s 2809
f 579/1047/816 578/1049/816 1365/1048/816
s 2810
f 578/1049/2550 486/1061/2550 748/1050/2550
s 2811
f 1365/1048/2551 748/1050/2551 749/1051/2551
s 2812
f 1368/1042/819 749/1051/819 750/1052/819
s 2813
f 1371/1045/820 750/1052/820 504/626/820
s 2814
f 1370/1043/821 1371/1045/821 751/1031/821
s 2815
f 1369/1044/822 1370/1043/822 752/1029/822
s 2816
f 659/614/824 1369/1044/824 753/1028/824
s 2817
f 658/608/825 1366/1040/825 1369/1044/825
s 2818
f 657/605/826 1363/1038/826 1366/1040/826
s 2819
f 1372/1053/827 1373/1056/827 1376/1054/827
s 2820
f 1373/1056/2552 1374/1064/828 1377/1057/828
s 2821
f 1375/1055/2553 1376/1054/2553 1379/1058/2553
s 2822
f 1376/1054/830 1377/1057/830 1380/1060/830
s 2823
f 486/1061/831 656/1062/831 1372/1053/831
s 2824
f 656/1062/832 655/1063/832 1373/1056/832
s 2825
f 655/1063/2554 654/1065/2554 1374/1064/2554
s 2826
f 654/1065/834 477/1124/834 600/1066/834
s 2827
f 1374/1064/2555 600/1066/2555 599/1067/2555
s 2828
f 1377/1057/2556 599/1067/2556 598/1068/2556
s 2829
f 1380/1060/837 598/1068/837 488/1069/837
s 2830
f 1379/1058/2557 1380/1060/2557 754/631/2557
s 2831
f 1378/1059/2558 1379/1058/2558 755/629/2558
s 2832
f 750/1052/841 1378/1059/841 756/628/841
s 2833
f 749/1051/842 1375/1055/842 1378/1059/842
s 2834
f 748/1050/2559 1372/1053/844 1375/1055/844
s 2835
f 2171/1072/845 1381/1078/845 1382/1073/845
s 2836
f 1382/1073/2560 1384/1070/2560 2171/1072/2560
s 2837
f 1382/1073/2561 1383/1080/2562 1385/1074/2561
s 2838
f 1384/1070/2563 1385/1074/2563 1387/1075/2563
s 2839
f 765/1077/2564 764/1079/2565 1382/1073/2565
s 2840
f 764/1079/2566 763/1081/2567 1383/1080/2567
s 2841
f 763/1081/2568 505/585/2568 757/586/2568
s 2842
f 1383/1080/2569 757/586/2569 758/600/2569
s 2843
f 1385/1074/2570 758/600/2570 759/598/2570
s 2844
f 1387/1075/2571 759/598/2571 499/599/2571
s 2845
f 1386/1076/2365 1387/1075/2365 697/847/2365
s 2846
f 1388/1082/857 1389/1085/857 1392/1083/857
s 2847
f 1389/1085/858 1390/1090/858 1393/1086/858
s 2848
f 1391/1084/859 1392/1083/859 1395/1087/859
s 2849
f 1392/1083/2572 1393/1086/2572 1396/1089/2572
s 2850
f 690/1034/862 691/1033/862 1389/1085/862
s 2851
f 691/1033/2573 692/1032/2573 1390/1090/2573
s 2852
f 692/1032/864 497/640/865 760/1091/864
s 2853
f 1390/1090/2574 760/1091/2574 761/1092/2574
s 2854
f 1393/1086/2575 761/1092/2576 762/1093/2575
s 2855
f 1396/1089/2577 762/1093/2577 505/585/2577
s 2856
f 1395/1087/2578 1396/1089/2578 763/1081/2578
s 2857
f 1394/1088/2579 1395/1087/2579 764/1079/2579
s 2858
f 1397/1094/2580 1398/1097/2580 1401/1095/2580
s 2859
f 1398/1097/2581 1399/1102/2581 1402/1098/2581
s 2860
f 1400/1096/2582 1401/1095/2582 1404/1099/2582
s 2861
f 1401/1095/876 1402/1098/876 1405/1101/876
s 2862
f 497/640/2583 636/638/2583 1397/1094/2583
s 2863
f 636/638/2584 637/637/2584 1398/1097/2584
s 2864
f 637/637/879 638/636/879 1399/1102/879
s 2865
f 638/636/880 481/635/880 603/1103/880
s 2866
f 1399/1102/2585 603/1103/2585 602/1104/2585
s 2867
f 1402/1098/882 602/1104/882 601/1105/882
s 2868
f 1405/1101/2586 601/1105/2586 489/1106/2586
s 2869
f 1404/1099/885 1405/1101/885 766/590/885
s 2870
f 1403/1100/886 1404/1099/886 767/588/886
s 2871
f 762/1093/2587 1403/1100/2587 768/587/2587
s 2872
f 761/1092/2588 1400/1096/2588 1403/1100/2588
s 2873
f 760/1091/2589 1397/1094/2590 1400/1096/2591
s 2874
f 1408/1107/891 1406/1111/891 1418/1108/891
s 2875
f 1409/1110/893 1410/1113/893 1406/1111/893
s 2876
f 1411/1112/2592 1412/1115/2592 1406/1111/2592
s 2877
f 1414/1114/2593 1406/1111/2593 1412/1115/2593
s 2878
f 1416/1117/897 1406/1111/897 1414/1114/897
s 2879
f 1417/1119/2594 1418/1108/2595 1406/1111/2595
s 2880
f 596/661/900 1408/1107/900 1407/1109/900
s 2881
f 1407/1109/901 1418/1108/901 839/1120/901
s 2882
f 478/660/2596 843/1122/2597 1409/1110/2596
s 2883
f 843/1122/904 842/1125/904 1410/1113/904
s 2884
f 595/658/2598 1409/1110/2599 1408/1107/2599
s 2885
f 654/1065/906 1411/1112/906 841/1123/906
s 2886
f 654/1065/907 655/1063/907 1412/1115/907
s 2887
f 1411/1112/908 1410/1113/908 842/1125/908
s 2888
f 578/1049/909 1413/1116/909 656/1062/909
s 2889
f 579/1047/2600 1414/1114/2600 1413/1116/2600
s 2890
f 1413/1116/2601 1412/1115/2601 655/1063/2601
s 2891
f 594/1126/912 1415/1118/912 580/1046/912
s 2892
f 593/1127/914 1416/1117/2602 1415/1118/2602
s 2893
f 1415/1118/915 1414/1114/915 579/1047/915
s 2894
f 516/1128/916 840/1130/2603 1417/1119/916
s 2895
f 840/1130/2604 839/1120/2605 1418/1108/2604
s 2896
f 592/1129/2606 1417/1119/2606 1416/1117/2606
s 2897
f 1419/1131/2607 1420/1134/2608 1423/1132/2607
s 2898
f 1420/1134/2609 1421/1139/2609 1424/1135/2609
s 2899
f 1422/1133/923 1423/1132/923 1426/1136/923
s 2900
f 1423/1132/925 1424/1135/925 1427/1138/925
s 2901
f 506/978/2610 774/754/2610 1419/1131/2610
s 2902
f 774/754/2611 773/752/2612 1420/1134/2612
s 2903
f 773/752/929 772/751/929 1421/1139/2613
s 2904
f 772/751/2614 498/750/2614 639/862/2614
s 2905
f 1421/1139/931 639/862/931 640/861/931
s 2906
f 1424/1135/932 640/861/932 641/860/932
s 2907
f 1427/1138/2615 641/860/2615 482/594/2615
s 2908
f 1426/1136/2616 1427/1138/2616 778/1140/2616
s 2909
f 1425/1137/2617 1426/1136/2617 779/1141/2617
s 2910
f 777/982/2618 1425/1137/2618 780/1142/2618
s 2911
f 776/979/2619 1422/1133/939 1425/1137/2619
s 2912
f 775/980/2620 1419/1131/2620 1422/1133/2620
s 2913
f 1428/1143/941 1429/1146/2621 1432/1144/941
s 2914
f 1429/1146/942 1430/1151/942 1433/1147/942
s 2915
f 1432/1144/2622 1435/1150/943 1434/1148/943
s 2916
f 1432/1144/944 1433/1147/944 1436/1149/944
s 2917
f 507/981/945 780/1142/945 1428/1143/945
s 2918
f 780/1142/2623 779/1141/2623 1429/1146/2623
s 2919
f 779/1141/2624 778/1140/947 1430/1151/947
s 2920
f 778/1140/949 482/594/948 663/593/948
s 2921
f 1430/1151/950 663/593/950 664/592/950
s 2922
f 1433/1147/951 664/592/951 665/591/951
s 2923
f 1436/1149/952 665/591/952 489/1106/952
s 2924
f 1435/1150/953 1436/1149/953 784/1152/953
s 2925
f 1435/1150/2625 785/1153/2625 786/1154/2625
s 2926
f 1434/1148/2626 786/1154/2626 508/984/2626
s 2927
f 1431/1145/2627 1434/1148/2627 783/985/2627
s 2928
f 1428/1143/2628 1431/1145/2628 782/987/2628
s 2929
f 1439/1155/958 1437/1161/958 1447/1156/958
s 2930
f 1441/1158/2629 1437/1161/2629 1439/1155/2629
s 2931
f 1442/1160/2630 1443/1163/2630 1437/1161/2630
s 2932
f 1445/1162/2631 1437/1161/2632 1443/1163/2632
s 2933
f 1446/1165/2633 1447/1156/2633 1437/1161/2633
s 2934
f 786/1154/963 1438/1157/963 669/986/963
s 2935
f 785/1153/964 1439/1155/964 1438/1157/964
s 2936
f 1438/1157/2634 1447/1156/2634 670/976/2634
s 2937
f 601/1105/966 1440/1159/966 784/1152/966
s 2938
f 602/1104/967 1441/1158/967 1440/1159/967
s 2939
f 1440/1159/968 1439/1155/968 785/1153/968
s 2940
f 481/635/970 790/1166/970 1442/1160/970
s 2941
f 790/1166/2635 791/1171/2635 1443/1163/2635
s 2942
f 603/1103/972 1442/1160/972 1441/1158/972
s 2943
f 789/1167/2636 1444/1164/2636 792/1168/2636
s 2944
f 788/1170/2637 1445/1162/2637 1444/1164/2637
s 2945
f 1444/1164/2638 1443/1163/2638 791/1171/2638
s 2946
f 491/974/977 671/973/977 1446/1165/977
s 2947
f 671/973/2639 670/976/2639 1447/1156/2639
s 2948
f 787/1172/2640 1446/1165/2640 1445/1162/2640
s 2949
f 1448/1173/2641 1449/1176/2641 1452/1174/2641
s 2950
f 1449/1176/2642 1450/1182/2642 1453/1177/2642
s 2951
f 1451/1175/985 1452/1174/985 1455/1178/985
s 2952
f 1452/1174/986 1453/1177/986 1456/1180/986
s 2953
f 509/1169/2643 792/1168/2643 1448/1173/2644
s 2954
f 792/1168/2645 791/1171/2645 1449/1176/2645
s 2955
f 791/1171/992 790/1166/992 1450/1182/992
s 2956
f 790/1166/993 481/635/2646 660/634/2646
s 2957
f 1450/1182/2647 660/634/994 661/633/2648
s 2958
f 1453/1177/2649 661/633/2649 662/632/2649
s 2959
f 1456/1180/996 662/632/996 488/1069/2650
s 2960
f 1455/1178/2651 1456/1180/997 796/1183/997
s 2961
f 1454/1179/999 1455/1178/999 797/1184/999
s 2962
f 795/1186/2652 1454/1179/2652 798/1185/2652
s 2963
f 794/1187/1001 1451/1175/1001 1454/1179/1001
s 2964
f 793/1181/2653 1448/1173/2653 1451/1175/2653
s 2965
f 1457/1188/2654 1458/1191/1004 1461/1189/2654
s 2966
f 1458/1191/2655 1459/1196/2655 1462/1192/2655
s 2967
f 1460/1190/1006 1461/1189/1006 1464/1193/1006
s 2968
f 1461/1189/2656 1462/1192/2657 1465/1195/2657
s 2969
f 510/1006/2658 798/1185/2658 1457/1188/2658
s 2970
f 798/1185/2659 797/1184/2659 1458/1191/2659
s 2971
f 797/1184/1013 796/1183/2660 1459/1196/2661
s 2972
f 796/1183/2662 488/1069/2662 598/1068/2662
s 2973
f 1459/1196/2663 598/1068/2663 599/1067/2663
s 2974
f 1462/1192/1017 599/1067/1017 600/1066/1017
s 2975
f 1465/1195/1018 600/1066/1018 477/1124/1018
s 2976
f 1464/1193/1019 1465/1195/1019 841/1123/1019
s 2977
f 1463/1194/2664 1464/1193/2664 842/1125/2664
s 2978
f 617/996/2665 1463/1194/2666 843/1122/2666
s 2979
f 616/1007/1023 1460/1190/1023 1463/1194/1023
s 2980
f 615/1005/2667 1457/1188/2667 1460/1190/2667
s 2981
f 1468/1197/1026 1466/1203/1026 1476/1198/1026
s 2982
f 1470/1200/2668 1466/1203/1027 1468/1197/1027
s 2983
f 1471/1202/2669 1472/1205/2669 1466/1203/2669
s 2984
f 1474/1204/2670 1466/1203/2671 1472/1205/2670
s 2985
f 1475/1207/2672 1476/1198/2672 1466/1203/2672
s 2986
f 510/1006/2673 817/1004/2673 1467/1199/2673
s 2987
f 817/1004/1033 818/1003/1033 1468/1197/1033
s 2988
f 1467/1199/1034 1476/1198/1034 794/1187/1034
s 2989
f 736/1208/1035 1469/1201/1036 819/1002/1035
s 2990
f 737/1209/2674 1470/1200/2674 1469/1201/2674
s 2991
f 1469/1201/1038 1468/1197/1038 818/1003/1038
s 2992
f 503/766/2675 739/977/2676 1471/1202/2675
s 2993
f 739/977/1040 740/975/1040 1472/1205/1040
s 2994
f 738/1210/2677 1471/1202/2677 1470/1200/2677
s 2995
f 787/1172/2678 1473/1206/2678 741/972/2678
s 2996
f 788/1170/2679 1474/1204/2679 1473/1206/2679
s 2997
f 1473/1206/2680 1472/1205/2680 740/975/2680
s 2998
f 509/1169/1045 793/1181/1045 1475/1207/1045
s 2999
f 793/1181/1046 794/1187/1046 1476/1198/1046
s 3000
f 789/1167/2681 1475/1207/2681 1474/1204/2681
s 3001
f 1477/1211/2682 1478/1214/2682 1481/1212/2683
s 3002
f 1478/1214/1049 1479/1220/1049 1482/1215/1049
s 3003
f 1480/1213/2684 1481/1212/2684 1484/1216/2685
s 3004
f 1481/1212/1052 1482/1215/1052 1485/1218/1052
s 3005
f 512/942/2686 820/940/2687 1477/1211/2688
s 3006
f 820/940/2689 821/939/2689 1478/1214/2689
s 3007
f 821/939/2690 822/938/2690 1479/1220/2691
s 3008
f 822/938/2692 511/937/2692 724/1221/2692
s 3009
f 1479/1220/2693 724/1221/2693 725/1222/2693
s 3010
f 1482/1215/2694 725/1222/2694 726/1223/2694
s 3011
f 1485/1218/2695 726/1223/2695 502/787/2695
s 3012
f 1484/1216/2696 1485/1218/2696 727/924/2696
s 3013
f 1483/1217/2697 1484/1216/2697 728/922/2697
s 3014
f 802/1224/2698 1483/1217/2698 729/921/2698
s 3015
f 803/1225/2699 1480/1213/2699 1483/1217/2699
s 3016
f 804/1219/2700 1477/1211/2700 1480/1213/2700
s 3017
f 1486/1226/2701 1487/1229/2701 1490/1227/2701
s 3018
f 1487/1229/2702 1488/1235/2702 1491/1230/2702
s 3019
f 1489/1228/2703 1490/1227/2703 1493/1231/2703
s 3020
f 1490/1227/2704 1491/1230/2704 1494/1233/2704
s 3021
f 514/893/1074 823/891/1074 1486/1226/1074
s 3022
f 823/891/2705 824/890/2705 1487/1229/2705
s 3023
f 824/890/2706 825/889/2706 1488/1235/2706
s 3024
f 825/889/2707 513/888/2707 712/1236/2707
s 3025
f 1488/1235/2708 712/1236/2708 713/1237/2708
s 3026
f 1491/1230/1080 713/1237/1080 714/1238/1080
s 3027
f 1494/1233/2709 714/1238/2709 501/804/2709
s 3028
f 1493/1231/2710 1494/1233/2710 715/875/2711
s 3029
f 1492/1232/2712 1493/1231/2712 716/873/2712
s 3030
f 811/1239/1085 1492/1232/1085 717/872/1085
s 3031
f 812/1240/2713 1489/1228/2713 1492/1232/2713
s 3032
f 813/1234/2714 1486/1226/2714 1489/1228/2714
s 3033
f 1495/1241/1090 1496/1244/1090 1499/1242/1090
s 3034
f 1496/1244/2715 1497/1249/2715 1500/1245/2715
s 3035
f 1498/1243/2716 1499/1242/2717 1502/1246/2717
s 3036
f 1499/1242/2718 1500/1245/2718 1503/1248/2718
s 3037
f 515/1001/2719 826/1019/2719 1495/1241/2720
s 3038
f 826/1019/1096 827/1018/1096 1496/1244/1096
s 3039
f 827/1018/2721 828/1017/2721 1497/1249/2721
s 3040
f 828/1017/1099 512/942/1099 804/1219/1099
s 3041
f 1497/1249/2722 804/1219/2722 803/1225/2722
s 3042
f 1500/1245/2723 803/1225/2723 802/1224/2723
s 3043
f 1503/1248/2724 802/1224/2724 492/920/2724
s 3044
f 1502/1246/2725 1503/1248/2725 742/771/2725
s 3045
f 1501/1247/2726 1502/1246/2726 743/769/2726
s 3046
f 738/1210/1106 1501/1247/2727 744/768/2727
s 3047
f 737/1209/1107 1498/1243/1107 1501/1247/1107
s 3048
f 736/1208/2728 1495/1241/2728 1498/1243/2728
s 3049
f 1504/1250/2729 1505/1253/1109 1508/1251/1109
s 3050
f 1505/1253/2730 1506/1258/2730 1509/1254/2730
s 3051
f 1507/1252/2731 1508/1251/2731 1511/1255/2731
s 3052
f 1508/1251/1112 1509/1254/1112 1512/1257/1112
s 3053
f 511/937/2732 829/956/2732 1504/1250/2732
s 3054
f 829/956/1114 830/955/2733 1505/1253/2733
s 3055
f 830/955/2734 831/954/2734 1506/1258/2734
s 3056
f 831/954/1116 514/893/1116 813/1234/1116
s 3057
f 1506/1258/2735 813/1234/2735 812/1240/2735
s 3058
f 1509/1254/1119 812/1240/1119 811/1239/1119
s 3059
f 1512/1257/1120 811/1239/1120 494/871/1120
s 3060
f 1511/1255/1121 1512/1257/1121 730/789/1121
s 3061
f 1510/1256/2736 1511/1255/2736 731/788/2736
s 3062
f 726/1223/2737 1510/1256/2737 732/785/2737
s 3063
f 725/1222/1125 1507/1252/1125 1510/1256/1125
s 3064
f 724/1221/2738 1504/1250/2738 1507/1252/2738
s 3065
f 1513/1259/2739 1514/1262/2739 1517/1260/2739
s 3066
f 1514/1262/2740 1515/1267/2740 1518/1263/2740
s 3067
f 1516/1261/2741 1517/1260/2741 1520/1264/2741
s 3068
f 1517/1260/2742 1518/1263/2742 1521/1266/2742
s 3069
f 513/888/2743 832/910/2743 1513/1259/2743
s 3070
f 832/910/2744 833/909/2744 1514/1262/2744
s 3071
f 833/909/2745 834/908/1134 1515/1267/2745
s 3072
f 834/908/2746 564/907/2746 810/1268/2746
s 3073
f 1515/1267/2747 810/1268/2747 809/1269/2747
s 3074
f 1518/1263/2748 809/1269/2748 808/1270/2748
s 3075
f 1521/1266/1138 808/1270/1138 545/1271/1138
s 3076
f 1520/1264/2749 1521/1266/2749 718/808/2749
s 3077
f 1519/1265/2750 1520/1264/2750 719/807/2750
s 3078
f 714/1238/2751 1519/1265/2751 720/806/2751
s 3079
f 713/1237/2752 1516/1261/2752 1519/1265/2752
s 3080
f 712/1236/2753 1513/1259/2753 1516/1261/2753
s 3081
f 1524/1272/1144 1522/1276/1144 1532/1273/1144
s 3082
f 1525/1275/2754 1526/1278/2754 1522/1276/2754
s 3083
f 1528/1277/1146 1522/1276/1146 1526/1278/1146
s 3084
f 1530/1280/1148 1522/1276/1147 1528/1277/1148
s 3085
f 1531/1282/1149 1532/1273/1149 1522/1276/1149
s 3086
f 1523/1274/1150 1532/1273/1150 861/1283/1150
s 3087
f 859/1285/1151 858/1290/1151 1526/1278/1151
s 3088
f 957/1286/2755 1527/1279/2755 857/1287/2755
s 3089
f 958/1289/2756 1528/1277/2756 1527/1279/2756
s 3090
f 1527/1279/2757 1526/1278/2757 858/1290/2757
s 3091
f 906/1291/1155 1529/1281/1155 959/1292/1155
s 3092
f 907/1294/1156 1530/1280/1156 1529/1281/1156
s 3093
f 1529/1281/1157 1528/1277/1157 958/1289/1157
s 3094
f 528/1295/1158 860/1297/1158 1531/1282/2758
s 3095
f 860/1297/1161 861/1283/2759 1532/1273/1161
s 3096
f 908/1296/1162 1531/1282/1162 1530/1280/1162
s 3097
f 1535/1298/1163 1533/1302/1163 1543/1299/1163
s 3098
f 1536/1301/2760 1537/1304/2760 1533/1302/2760
s 3099
f 1539/1303/1165 1533/1302/1165 1537/1304/1165
s 3100
f 1541/1306/1166 1533/1302/1166 1539/1303/1166
s 3101
f 1542/1308/1167 1543/1299/1167 1533/1302/1167
s 3102
f 1534/1300/2761 1543/1299/2761 582/566/2761
s 3103
f 862/1284/2762 861/1283/2763 1537/1304/2762
s 3104
f 960/1309/2764 1538/1305/2765 860/1297/2765
s 3105
f 961/1310/1173 1539/1303/1173 1538/1305/1173
s 3106
f 1538/1305/2766 1537/1304/2766 861/1283/2766
s 3107
f 909/1311/2767 1540/1307/2767 962/1312/2767
s 3108
f 910/1314/1176 1541/1306/1176 1540/1307/1176
s 3109
f 1540/1307/1177 1539/1303/1177 961/1310/1177
s 3110
f 529/568/2768 581/569/2769 1542/1308/2768
s 3111
f 581/569/2770 582/566/2770 1543/1299/2770
s 3112
f 911/1315/1180 1542/1308/1180 1541/1306/1180
s 3113
f 1544/1316/2771 1545/1319/2771 1548/1317/2771
s 3114
f 1545/1319/2772 1546/1328/2772 1549/1320/2772
s 3115
f 1547/1318/1185 1548/1317/1185 1551/1321/1185
s 3116
f 1548/1317/1186 1549/1320/2773 1552/1323/1186
s 3117
f 555/1324/2774 1030/1326/2774 1544/1316/2774
s 3118
f 1030/1326/2775 1031/1327/2775 1545/1319/2775
s 3119
f 1031/1327/2776 1032/1329/2776 1546/1328/2776
s 3120
f 1032/1329/2777 549/1606/2778 918/1330/2779
s 3121
f 1546/1328/2780 918/1330/2780 919/1331/1193
s 3122
f 1549/1320/1194 919/1331/1194 920/1332/1194
s 3123
f 1552/1323/2781 920/1332/2781 531/1333/2781
s 3124
f 1551/1321/2782 1552/1323/2782 939/1334/2782
s 3125
f 1550/1322/2783 1551/1321/2783 940/1335/2783
s 3126
f 1039/1337/1198 1550/1322/1198 941/1336/1198
s 3127
f 1040/1339/2784 1547/1318/2784 1550/1322/2784
s 3128
f 1041/1325/2785 1544/1316/1201 1547/1318/1201
s 3129
f 863/1340/1202 1553/2338/1202 886/1341/1202
s 3130
f 1985/1353/1203 1554/1345/1203 1978/1344/1203
s 3131
f 1554/1345/2786 1555/1348/2786 1977/1343/2786
s 3132
f 1555/1348/1203 1976/1347/1203 1977/1343/1203
s 3133
f 1555/1348/1204 1556/1359/1204 1984/1346/1204
s 3134
f 1556/1359/1204 1983/1358/1204 1984/1346/1204
s 3135
f 536/1349/2787 935/1351/2787 1554/1345/2787
s 3136
f 935/1351/2788 934/1360/2788 1555/1348/2788
s 3137
f 866/2339/2789 865/2340/2789 1986/2341/2789
s 3138
f 865/1350/2790 1554/1345/2790 1985/1353/2790
s 3139
f 847/1354/1210 1556/1359/2791 933/1355/2791
s 3140
f 1556/1359/1211 847/1354/1211 1972/2342/1211
s 3141
f 847/1354/1211 1971/2343/1211 1972/2342/1211
s 3142
f 1972/2342/1211 1974/1357/1211 1556/1359/1211
s 3143
f 1556/1359/1212 1555/1348/1212 934/1360/1212
s 3144
f 1557/1361/1213 1558/1364/1213 1561/1362/1213
s 3145
f 1558/1364/1214 1559/1373/1214 1562/1365/1214
s 3146
f 1560/1363/1215 1561/1362/2792 1564/1366/1215
s 3147
f 1561/1362/1216 1562/1365/1216 1565/1368/1216
s 3148
f 554/1369/2793 1018/1371/2793 1557/1361/2793
s 3149
f 1018/1371/2794 1019/1372/2794 1558/1364/1218
s 3150
f 1019/1372/2795 1020/1374/2795 1559/1373/2795
s 3151
f 1020/1374/2796 547/1784/2796 912/1375/2796
s 3152
f 1559/1373/1222 912/1375/1222 913/1376/1222
s 3153
f 1562/1365/2797 913/1376/2797 914/1377/2797
s 3154
f 1565/1368/1224 914/1377/1224 530/1378/1224
s 3155
f 1564/1366/1226 1565/1368/1226 936/1379/1226
s 3156
f 1563/1367/1227 1564/1366/1227 937/1380/1227
s 3157
f 1027/1382/2798 1563/1367/2798 938/1381/2798
s 3158
f 1028/1384/2799 1560/1363/2799 1563/1367/2799
s 3159
f 1029/1370/2800 1557/1361/2800 1560/1363/2800
s 3160
f 1568/1385/1232 1566/1389/1232 1576/1386/1232
s 3161
f 1569/1388/2801 1570/1391/2801 1566/1389/2801
s 3162
f 1572/1390/2802 1566/1389/2802 1570/1391/2802
s 3163
f 1573/1393/2803 1574/1395/2803 1566/1389/2803
s 3164
f 1575/1394/1237 1576/1386/1237 1566/1389/1237
s 3165
f 1567/1387/2804 1576/1386/2804 858/1290/2804
s 3166
f 872/1396/1239 871/1401/1239 1570/1391/1239
s 3167
f 951/1397/1240 1571/1392/1240 870/1398/1240
s 3168
f 952/1400/2805 1572/1390/2805 1571/1392/2805
s 3169
f 1571/1392/1242 1570/1391/1242 871/1401/1242
s 3170
f 900/1402/1243 1573/1393/1243 953/1403/1243
s 3171
f 901/1405/1244 1574/1395/1244 1573/1393/1244
s 3172
f 953/1403/2806 1573/1393/2806 1572/1390/2806
s 3173
f 527/1288/2807 857/1287/2808 1575/1394/2809
s 3174
f 857/1287/2810 858/1290/2810 1576/1386/2810
s 3175
f 902/1406/1248 1575/1394/1248 1574/1395/2811
s 3176
f 1578/1407/2812 1581/1411/2812 1580/1408/2812
s 3177
f 1579/1410/2813 1582/1417/2813 1581/1411/2813
s 3178
f 887/1412/1251 1577/1409/1251 863/1340/1251
s 3179
f 888/1413/2814 1578/1407/2814 1577/1409/2814
s 3180
f 889/1414/2815 1579/1410/2815 1578/1407/2815
s 3181
f 524/1415/2816 891/1416/2816 1579/1410/2816
s 3182
f 891/1416/1255 890/2344/1255 1582/1417/1255
s 3183
f 1583/2345/2817 1582/1417/2817 890/2344/2818
s 3184
f 890/1418/2819 2042/2346/2819 2041/1419/2819
s 3185
f 1577/2347/2820 1580/2348/2820 864/2349/2820
s 3186
f 1586/1422/1258 1584/1429/1258 1591/1423/1258
s 3187
f 1589/1425/1259 1584/1429/1259 1587/1426/1259
s 3188
f 1590/1428/1260 1591/1423/1260 1584/1429/1260
s 3189
f 520/1430/1261 884/1433/1261 1585/1424/1261
s 3190
f 885/1432/1262 1586/1422/1262 1585/1424/1262
s 3191
f 850/1431/1263 1585/1424/1263 1591/1423/1263
s 3192
f 924/1435/1264 1588/1427/1264 880/1436/1264
s 3193
f 925/1438/1266 1589/1425/1266 1588/1427/1266
s 3194
f 1588/1427/1267 1587/1426/1267 881/1439/1267
s 3195
f 848/1440/2821 1590/1428/2821 926/1441/2821
s 3196
f 849/1434/2822 1591/1423/2822 1590/1428/2822
s 3197
f 1590/1428/2823 1589/1425/2823 925/1438/2823
s 3198
f 517/1443/1271 879/1487/1271 1592/1444/1271
s 3199
f 888/1413/2824 887/1412/2824 1596/1446/2824
s 3200
f 1105/1448/1273 1595/1450/1273 884/1433/1273
s 3201
f 1106/1449/1274 1593/1451/1274 1595/1450/1274
s 3202
f 1107/1445/2825 1592/1444/2825 1593/1451/2825
s 3203
f 1599/1452/1276 1597/1459/1276 1604/1453/1276
s 3204
f 1602/1455/1277 1597/1459/1277 1600/1456/1277
s 3205
f 1603/1458/2826 1604/1453/2826 1597/1459/2826
s 3206
f 882/1460/1280 1598/1454/1280 853/1461/1280
s 3207
f 883/1463/1281 1599/1452/1281 1598/1454/1281
s 3208
f 1598/1454/2827 1604/1453/2827 852/1464/2827
s 3209
f 927/1465/2828 1601/1457/2828 605/710/2828
s 3210
f 928/1466/2829 1602/1455/2829 1601/1457/2829
s 3211
f 1601/1457/1285 1600/1456/1285 606/713/1285
s 3212
f 851/1467/1286 1603/1458/1286 929/1468/1286
s 3213
f 852/1464/1287 1604/1453/1287 1603/1458/1287
s 3214
f 1603/1458/1288 1602/1455/1288 928/1466/1288
s 3215
f 1607/1470/2830 1605/2350/2830 1612/1471/2830
s 3216
f 1610/1473/1290 1605/2350/1290 1608/1474/1290
s 3217
f 1612/1471/1291 1605/2350/1291 1610/1473/1291
s 3218
f 880/1436/2831 1606/1472/2831 846/1477/2831
s 3219
f 881/1439/1294 1607/1470/1294 1606/1472/1294
s 3220
f 846/1477/2832 1606/1472/2832 1612/1471/2832
s 3221
f 521/1462/2833 921/1479/2833 1609/1475/2833
s 3222
f 921/1479/1298 922/1483/1298 1610/1473/1298
s 3223
f 882/1460/2834 1609/1475/2834 1608/1474/2834
s 3224
f 844/1480/2835 1611/1476/1300 923/1481/1300
s 3225
f 845/1478/2836 1612/1471/2836 1611/1476/2836
s 3226
f 1611/1476/1302 1610/1473/1302 922/1483/1302
s 3227
f 1614/1484/1303 1615/1491/1303 1618/1485/1303
s 3228
f 879/1487/1304 517/1443/1304 942/1488/1304
s 3229
f 1613/1489/1305 942/1488/1305 943/1490/1305
s 3230
f 1615/1491/1306 943/1490/1306 944/1492/1306
s 3231
f 944/1492/2837 539/1584/2837 892/1493/2837
s 3232
f 1618/1485/1309 892/1493/1309 893/1494/1309
s 3233
f 2045/2351/2838 1616/2352/2838 2040/2353/2838
s 3234
f 1616/2354/1310 1617/1486/2838 2040/1495/1310
s 3235
f 1620/1496/1311 1623/1500/2839 1622/1497/1311
s 3236
f 1621/1499/2840 1624/1502/2840 1623/1500/2840
s 3237
f 1623/1500/2841 1626/1503/2841 1625/1501/2841
s 3238
f 1624/1502/2842 1627/1507/2842 1626/1503/2842
s 3239
f 1107/1445/2843 1619/1498/2843 966/1504/2843
s 3240
f 1106/1449/1316 1620/1496/1316 1619/1498/1316
s 3241
f 1105/1448/1317 1621/1499/1317 1620/1496/1317
s 3242
f 520/1430/1318 1042/1505/1318 1621/1499/1318
s 3243
f 1042/1505/2844 1043/1506/2844 1624/1502/2844
s 3244
f 1043/1506/1320 1044/1508/1320 1627/1507/1320
s 3245
f 1044/1508/1321 556/1734/1321 1047/1509/1321
s 3246
f 1627/1507/2845 1047/1509/1322 1046/1510/1322
s 3247
f 1626/1503/2846 1046/1510/2846 1045/1511/2846
s 3248
f 1625/1501/1324 1045/1511/1324 548/1512/1324
s 3249
f 1622/1497/2847 1625/1501/2847 968/1513/2847
s 3250
f 1619/1498/1326 1622/1497/1326 967/1514/1326
s 3251
f 1628/1515/2848 1629/1519/2848 1632/1516/2848
s 3252
f 1630/1518/2849 1633/1528/2849 1632/1516/2849
s 3253
f 1631/1517/1329 1632/1516/1329 1635/1520/1329
s 3254
f 1632/1516/2850 1633/1528/2850 1636/1522/2850
s 3255
f 553/1523/1332 1006/1525/2851 1628/1515/1332
s 3256
f 1006/1525/2852 1007/1527/2852 1629/1519/2852
s 3257
f 1008/1526/499 1630/1518/499 1629/1519/2853
s 3258
f 533/1442/2854 926/1441/2855 1630/1518/2854
s 3259
f 926/1441/2856 925/1438/2857 1633/1528/2857
s 3260
f 925/1438/2858 924/1435/2858 1636/1522/2858
s 3261
f 1636/1522/2859 924/1435/2859 519/1437/2859
s 3262
f 1635/1520/2860 1636/1522/1339 948/1529/2860
s 3263
f 1634/1521/1340 1635/1520/1340 949/1530/1340
s 3264
f 1015/1532/2861 1634/1521/2861 950/1531/2861
s 3265
f 1016/1534/1342 1631/1517/1342 1634/1521/2862
s 3266
f 1017/1524/2863 1628/1515/2863 1631/1517/2863
s 3267
f 1638/1535/2864 1641/1539/2864 1640/1536/2864
s 3268
f 1639/1538/1345 1642/1541/1345 1641/1539/1345
s 3269
f 1641/1539/2865 1644/1542/2865 1643/1540/2865
s 3270
f 1642/1541/2866 1645/1548/2866 1644/1542/2866
s 3271
f 994/1543/2867 1637/1537/2867 1005/1544/1350
s 3272
f 995/1546/2868 1638/1535/2869 1637/1537/2869
s 3273
f 996/1547/2870 1639/1538/2870 1638/1535/2870
s 3274
f 532/1482/1353 923/1481/1353 1639/1538/1353
s 3275
f 923/1481/1354 922/1483/1354 1642/1541/1354
s 3276
f 922/1483/2871 921/1479/2871 1645/1548/2871
s 3277
f 921/1479/1356 521/1462/1356 954/1549/1356
s 3278
f 1645/1548/2872 954/1549/2872 955/1550/2872
s 3279
f 1644/1542/1358 955/1550/2873 956/1551/2873
s 3280
f 1003/1552/1359 1643/1540/1359 956/1551/1359
s 3281
f 1640/1536/1360 1643/1540/1360 1003/1552/1360
s 3282
f 1637/1537/1361 1640/1536/1361 1004/1554/1361
s 3283
f 1647/1555/2874 1650/1559/2874 1649/1556/2874
s 3284
f 1648/1558/2875 1651/1561/2875 1650/1559/2875
s 3285
f 1650/1559/2876 1653/1562/2877 1652/1560/2876
s 3286
f 1651/1561/2878 1654/1568/1365 1653/1562/1365
s 3287
f 551/1563/2879 982/1566/2879 1646/1557/2879
s 3288
f 983/1565/2880 1647/1555/2880 1646/1557/2880
s 3289
f 984/1567/1368 1648/1558/1368 1647/1555/1368
s 3290
f 534/1469/2881 929/1468/2881 1648/1558/2881
s 3291
f 929/1468/1370 928/1466/1370 1651/1561/1370
s 3292
f 928/1466/1371 927/1465/1371 1654/1568/1371
s 3293
f 1654/1568/2882 927/1465/2882 518/712/2883
s 3294
f 1653/1562/2884 1654/1568/2884 684/811/2884
s 3295
f 1652/1560/2885 1653/1562/2885 685/810/2885
s 3296
f 991/1569/2886 1652/1560/2886 686/809/2886
s 3297
f 992/1570/2887 1649/1556/2887 1652/1560/2887
s 3298
f 993/1564/2888 1646/1557/1379 1649/1556/1379
s 3299
f 1655/1571/2889 1656/1574/2890 1659/1572/2890
s 3300
f 1656/1574/1381 1657/1583/1381 1660/1575/1381
s 3301
f 1658/1573/1383 1659/1572/1383 1662/1576/1383
s 3302
f 1659/1572/1384 1660/1575/1384 1663/1578/1384
s 3303
f 550/1579/2891 971/1581/2891 1655/1571/2891
s 3304
f 971/1581/1386 972/1582/1386 1656/1574/1386
s 3305
f 972/1582/2892 973/1585/2892 1657/1583/2892
s 3306
f 539/1584/1389 944/1492/1389 1657/1583/1389
s 3307
f 1657/1583/1391 944/1492/1391 943/1490/1391
s 3308
f 1660/1575/2893 943/1490/2893 942/1488/2893
s 3309
f 1663/1578/1395 942/1488/1395 517/1443/1395
s 3310
f 1662/1576/1396 1663/1578/1396 966/1504/1396
s 3311
f 1661/1577/1397 1662/1576/1397 967/1514/1397
s 3312
f 979/1586/1398 1661/1577/1398 968/1513/1398
s 3313
f 980/1587/1399 1658/1573/1399 1661/1577/1399
s 3314
f 981/1580/1400 1655/1571/1400 1658/1573/1400
s 3315
f 1664/1588/1401 1665/1591/1401 1668/1589/1401
s 3316
f 1665/1591/1403 1666/1593/1403 1669/1592/1403
s 3317
f 1666/1593/1405 893/1494/2894 892/1493/2894
s 3318
f 1669/1592/2895 892/1493/2895 539/1584/2895
s 3319
f 1668/1589/1407 1669/1592/1407 973/1585/1407
s 3320
f 1667/1590/1409 1668/1589/1409 972/1582/1409
s 3321
f 977/1594/1410 1667/1590/1410 971/1581/1410
s 3322
f 978/1595/1411 1664/1588/1411 1667/1590/1411
s 3323
f 1670/1596/1412 1671/1599/1412 1674/1597/1412
s 3324
f 1671/1599/1413 1672/1601/1413 1675/1600/1413
s 3325
f 1672/1601/1414 978/1595/1414 977/1594/1414
s 3326
f 1675/1600/1415 977/1594/1415 550/1579/1415
s 3327
f 1674/1597/1416 1675/1600/1416 976/1602/1416
s 3328
f 1673/1598/1417 1674/1597/1417 975/1603/1417
s 3329
f 970/1605/2896 1673/1598/2896 974/1604/2896
s 3330
f 969/1607/1419 1670/1596/1419 1673/1598/1419
s 3331
f 1676/1608/2897 1677/1611/2897 1680/1609/2898
s 3332
f 1677/1611/1422 1678/1616/1422 1681/1612/1422
s 3333
f 1679/1610/1423 1680/1609/1423 1683/1613/1423
s 3334
f 1680/1609/1424 1681/1612/1424 1684/1615/1424
s 3335
f 549/1606/2899 974/1604/2899 1676/1608/2899
s 3336
f 974/1604/2900 975/1603/2900 1677/1611/2900
s 3337
f 975/1603/2901 976/1602/2902 1678/1616/2903
s 3338
f 976/1602/2904 550/1579/2904 981/1580/2904
s 3339
f 1678/1616/1430 981/1580/1430 980/1587/1430
s 3340
f 1681/1612/1432 980/1587/1432 979/1586/1432
s 3341
f 1684/1615/2905 979/1586/2905 548/1512/1433
s 3342
f 1683/1613/1434 1684/1615/1434 915/1617/1434
s 3343
f 1682/1614/2906 1683/1613/2906 916/1618/2906
s 3344
f 920/1332/2907 1682/1614/2907 917/1619/2907
s 3345
f 919/1331/2908 1679/1610/2908 1682/1614/2908
s 3346
f 918/1330/1438 1676/1608/1438 1679/1610/1438
s 3347
f 1685/1620/2909 1686/1623/2910 1689/1621/2909
s 3348
f 1686/1623/2911 1687/1629/2911 1690/1624/2911
s 3349
f 1688/1622/2912 1689/1621/2912 1692/1625/2912
s 3350
f 1689/1621/1442 1690/1624/1442 1693/1627/1442
s 3351
f 543/1553/1443 956/1551/1443 1685/1620/1443
s 3352
f 955/1550/2913 1686/1623/2913 1685/1620/2913
s 3353
f 954/1549/2914 1687/1629/2914 1686/1623/2914
s 3354
f 521/1462/2915 853/1461/2915 1687/1629/2916
s 3355
f 1687/1629/2917 853/1461/2917 852/1464/2917
s 3356
f 1690/1624/1448 852/1464/1448 851/1467/1448
s 3357
f 1693/1627/1450 851/1467/1450 534/1469/1450
s 3358
f 1692/1625/2918 1693/1627/2918 984/1567/2918
s 3359
f 1691/1626/1452 1692/1625/2919 983/1565/2919
s 3360
f 988/1630/2920 1691/1626/2920 982/1566/2920
s 3361
f 989/1631/2921 1688/1622/2921 1691/1626/2921
s 3362
f 990/1628/1456 1685/1620/1456 1688/1622/1456
s 3363
f 1694/1632/1457 1695/1635/1457 1698/1633/1457
s 3364
f 1695/1635/1458 1696/1642/2922 1699/1636/2922
s 3365
f 1697/1634/1459 1698/1633/1459 1701/1637/1459
s 3366
f 1698/1633/1460 1699/1636/1460 1702/1639/1460
s 3367
f 528/1295/1462 905/1640/2923 1694/1632/1462
s 3368
f 905/1640/1463 904/1641/1463 1695/1635/1463
s 3369
f 904/1641/2924 903/1643/2924 1696/1642/2924
s 3370
f 903/1643/2925 565/1706/2925 1093/1644/2925
s 3371
f 1696/1642/1466 1093/1644/1466 1094/1645/1466
s 3372
f 1699/1636/1467 1094/1645/1468 1095/1646/1468
s 3373
f 1702/1639/1470 1095/1646/2926 563/1647/2926
s 3374
f 1701/1637/1471 1702/1639/2927 1080/1648/2927
s 3375
f 1701/1637/1472 1079/1649/1472 1078/1650/1472
s 3376
f 1700/1638/2928 1078/1650/2928 546/1313/2928
s 3377
f 1697/1634/1474 1700/1638/1474 962/1312/1474
s 3378
f 960/1309/2929 1694/1632/2929 1697/1634/2929
s 3379
f 1703/1651/2930 1704/1654/2930 1707/1652/1476
s 3380
f 1704/1654/1477 1705/1659/1477 1708/1655/1477
s 3381
f 1706/1653/2931 1707/1652/2931 1710/1656/2931
s 3382
f 1707/1652/1482 1708/1655/2932 1711/1658/2932
s 3383
f 546/1313/1483 1078/1650/1483 1703/1651/1483
s 3384
f 1078/1650/2933 1079/1649/1484 1704/1654/1484
s 3385
f 1079/1649/2934 1080/1648/2934 1705/1659/2934
s 3386
f 1080/1648/2935 563/1647/2935 1102/1660/2935
s 3387
f 1705/1659/2936 1102/1660/2936 1103/1661/2936
s 3388
f 1708/1655/1489 1103/1661/1489 1104/1662/1489
s 3389
f 1711/1658/2937 1104/1662/2937 564/907/2937
s 3390
f 1710/1656/2938 1711/1658/2938 630/906/2938
s 3391
f 1709/1657/2939 1710/1656/1493 631/905/2939
s 3392
f 911/1315/2940 1709/1657/2940 632/904/2940
s 3393
f 910/1314/1495 1706/1653/1495 1709/1657/1495
s 3394
f 909/1311/1496 1703/1651/1496 1706/1653/1496
s 3395
f 1712/1663/1497 1713/1666/1497 1716/1664/1497
s 3396
f 1713/1666/2941 1714/1672/2941 1717/1667/1498
s 3397
f 1715/1665/1499 1716/1664/1499 1719/1668/1499
s 3398
f 1716/1664/2942 1717/1667/2942 1720/1670/2942
s 3399
f 541/1533/1502 950/1531/1502 1712/1663/1502
s 3400
f 950/1531/2943 949/1530/2944 1713/1666/2943
s 3401
f 949/1530/2945 948/1529/2945 1714/1672/2945
s 3402
f 948/1529/2946 519/1437/2946 846/1477/2947
s 3403
f 1714/1672/2948 846/1477/2948 845/1478/2948
s 3404
f 1717/1667/1508 845/1478/1508 844/1480/1508
s 3405
f 1720/1670/2949 844/1480/2950 532/1482/2950
s 3406
f 1719/1668/1511 1720/1670/1511 996/1547/1511
s 3407
f 1718/1669/2951 1719/1668/2951 995/1546/2951
s 3408
f 1000/1673/1513 1718/1669/1513 994/1543/1513
s 3409
f 1001/1674/2952 1715/1665/2952 1718/1669/2952
s 3410
f 1002/1671/2953 1712/1663/2953 1715/1665/2953
s 3411
f 1721/1675/2954 1722/1678/2954 1725/1676/2954
s 3412
f 1722/1678/2955 1723/1685/2955 1726/1679/2955
s 3413
f 1724/1677/1518 1725/1676/1518 1728/1680/1518
s 3414
f 1725/1676/1519 1726/1679/1519 1729/1682/1519
s 3415
f 527/1288/2956 899/1683/2956 1721/1675/2956
s 3416
f 899/1683/2957 898/1684/2957 1722/1678/2957
s 3417
f 898/1684/1522 897/1686/1522 1723/1685/1522
s 3418
f 897/1686/2958 562/1769/2958 1090/1687/2958
s 3419
f 1723/1685/2959 1090/1687/2959 1091/1688/2959
s 3420
f 1726/1679/2960 1091/1688/2960 1092/1689/2960
s 3421
f 1729/1682/2961 1092/1689/2962 561/1690/2962
s 3422
f 1728/1680/2963 1729/1682/2963 1074/1691/2963
s 3423
f 1727/1681/1528 1728/1680/1528 1073/1692/1528
s 3424
f 1727/1681/2964 1072/1693/2964 544/1293/2964
s 3425
f 1724/1677/2965 1727/1681/2965 959/1292/2965
s 3426
f 957/1286/1531 1721/1675/1531 1724/1677/1531
s 3427
f 1730/1694/1532 1731/1697/1532 1734/1695/1532
s 3428
f 1731/1697/1533 1732/1702/2966 1735/1698/1533
s 3429
f 1733/1696/2967 1734/1695/2967 1737/1699/2967
s 3430
f 1734/1695/1538 1735/1698/2968 1738/1701/1538
s 3431
f 544/1293/1539 1072/1693/1539 1730/1694/1539
s 3432
f 1072/1693/2969 1073/1692/1540 1731/1697/1540
s 3433
f 1073/1692/2970 1074/1691/2970 1732/1702/2970
s 3434
f 1074/1691/2971 561/1690/2971 1099/1703/2971
s 3435
f 1732/1702/2972 1099/1703/1543 1100/1704/2972
s 3436
f 1735/1698/2973 1100/1704/2973 1101/1705/2974
s 3437
f 1738/1701/1545 1101/1705/1545 565/1706/1545
s 3438
f 1737/1699/2975 1738/1701/2975 903/1643/2975
s 3439
f 1736/1700/2976 1737/1699/2976 904/1641/2976
s 3440
f 908/1296/1549 1736/1700/1549 905/1640/1549
s 3441
f 907/1294/1551 1733/1696/1551 1736/1700/1551
s 3442
f 906/1291/1552 1730/1694/1552 1733/1696/1552
s 3443
f 1741/1707/2977 1739/1713/2977 1753/1708/2977
s 3444
f 1743/1710/2978 1739/1713/2978 1741/1707/2978
s 3445
f 1744/1712/2979 1745/1715/2980 1739/1713/2979
s 3446
f 1747/1714/2981 1739/1713/2981 1745/1715/2981
s 3447
f 1749/1717/2982 1739/1713/1557 1747/1714/2982
s 3448
f 1750/1719/2983 1751/1721/2983 1739/1713/2983
s 3449
f 1752/1720/2984 1753/1708/2984 1739/1713/2984
s 3450
f 947/1722/2985 1740/1709/2986 1014/1723/2986
s 3451
f 946/1725/2987 1741/1707/2988 1740/1709/2988
s 3452
f 1740/1709/2989 1753/1708/2989 1013/1726/2989
s 3453
f 558/1727/1565 1056/1730/2990 1742/1711/1565
s 3454
f 1055/1729/2991 1743/1710/2991 1742/1711/2991
s 3455
f 945/1728/1567 1742/1711/1567 1741/1707/1567
s 3456
f 557/1731/1568 1050/1733/1568 1744/1712/1568
s 3457
f 1050/1733/1571 1049/1736/1571 1745/1715/1571
s 3458
f 1054/1732/2992 1744/1712/2992 1743/1710/2992
s 3459
f 556/1734/1573 1044/1508/1573 1746/1716/1573
s 3460
f 1044/1508/2993 1043/1506/2993 1747/1714/2993
s 3461
f 1746/1716/2994 1745/1715/2995 1049/1736/2994
s 3462
f 850/1431/1578 1748/1718/1578 1042/1505/1578
s 3463
f 849/1434/1579 1749/1717/1579 1748/1718/1579
s 3464
f 1748/1718/2996 1747/1714/2996 1043/1506/2996
s 3465
f 533/1442/1581 1008/1526/1581 1750/1719/1581
s 3466
f 1008/1526/2997 1007/1527/2997 1751/1721/2997
s 3467
f 848/1440/2998 1750/1719/2998 1749/1717/2998
s 3468
f 1012/1737/1585 1752/1720/1585 1006/1525/1585
s 3469
f 1012/1737/2999 1013/1726/2999 1753/1708/2999
s 3470
f 1752/1720/3000 1751/1721/3000 1007/1527/3000
s 3471
f 1754/1738/1588 1755/1741/3001 1758/1739/1588
s 3472
f 1755/1741/3002 1756/1748/3002 1759/1742/3002
s 3473
f 1757/1740/3003 1758/1739/3003 1761/1743/3003
s 3474
f 1758/1739/3004 1759/1742/3004 1762/1745/3004
s 3475
f 526/1399/3005 896/1746/3006 1754/1738/3005
s 3476
f 896/1746/3007 895/1747/3008 1755/1741/3008
s 3477
f 895/1747/3009 894/1749/3009 1756/1748/3009
s 3478
f 894/1749/3010 560/1942/3010 1087/1750/3010
s 3479
f 1756/1748/3011 1087/1750/3011 1088/1751/3011
s 3480
f 1759/1742/3012 1088/1751/3013 1089/1752/3013
s 3481
f 1762/1745/3014 1089/1752/3014 566/1753/3014
s 3482
f 1761/1743/3015 1762/1745/3016 1086/1754/3016
s 3483
f 1760/1744/3017 1761/1743/3017 1085/1755/3017
s 3484
f 953/1403/3018 1760/1744/3018 1084/1756/3018
s 3485
f 952/1400/1605 1757/1740/1605 1760/1744/3019
s 3486
f 951/1397/3020 1754/1738/3020 1757/1740/3020
s 3487
f 1763/1757/1607 1764/1760/1607 1767/1758/1607
s 3488
f 1764/1760/3021 1765/1765/3022 1768/1761/3022
s 3489
f 1766/1759/3023 1767/1758/3023 1770/1762/3023
s 3490
f 1767/1758/1611 1768/1761/3024 1771/1764/1611
s 3491
f 542/1404/3025 1084/1756/3025 1763/1757/3025
s 3492
f 1084/1756/3026 1085/1755/3027 1764/1760/3026
s 3493
f 1085/1755/3028 1086/1754/3028 1765/1765/3028
s 3494
f 1086/1754/3029 566/1753/3030 1096/1766/3030
s 3495
f 1765/1765/3031 1096/1766/3031 1097/1767/3031
s 3496
f 1768/1761/3032 1097/1767/3033 1098/1768/3033
s 3497
f 1771/1764/3034 1098/1768/1619 562/1769/1619
s 3498
f 1770/1762/3035 1771/1764/3035 897/1686/3035
s 3499
f 1769/1763/3036 1770/1762/3037 898/1684/3036
s 3500
f 902/1406/3038 1769/1763/3038 899/1683/3038
s 3501
f 901/1405/1624 1766/1759/1624 1769/1763/1624
s 3502
f 900/1402/1625 1763/1757/1625 1766/1759/1625
s 3503
f 1773/1770/3039 1776/1774/3039 1775/1771/3039
s 3504
f 1774/1773/1627 1777/1782/1627 1776/1774/1627
s 3505
f 1775/1771/3040 1776/1774/1628 1779/1775/1628
s 3506
f 1776/1774/3041 1777/1782/3041 1780/1777/3042
s 3507
f 865/1350/3043 1772/1772/3043 1026/1778/3043
s 3508
f 866/1779/3044 1773/1770/3044 1772/1772/3044
s 3509
f 1773/2355/1635 866/2356/1635 1987/2357/1635
s 3510
f 1993/1780/1635 1996/2137/1635 1774/1773/1635
s 3511
f 1773/1770/1635 1987/2358/1635 1993/1780/1635
s 3512
f 963/1781/1636 964/1841/1636 1777/1782/1636
s 3513
f 1777/1782/1637 964/1841/1637 965/1783/1637
s 3514
f 1780/1777/1638 965/1783/3045 547/1784/3045
s 3515
f 1779/1775/3046 1780/1777/1639 1020/1374/1639
s 3516
f 1778/1776/3047 1779/1775/3047 1019/1372/3047
s 3517
f 1024/1785/1641 1778/1776/1642 1018/1371/1641
s 3518
f 1025/1786/1643 1775/1771/1643 1778/1776/1643
s 3519
f 1026/1778/1644 1772/1772/1644 1775/1771/1644
s 3520
f 1781/1787/1645 1782/1790/1645 1785/1788/1645
s 3521
f 1782/1790/3048 1783/1796/3048 1786/1791/3048
s 3522
f 1784/1789/1647 1785/1788/3049 1788/1792/1647
s 3523
f 1785/1788/3050 1786/1791/1648 1789/1794/1648
s 3524
f 522/1356/1649 933/1355/1649 1781/1787/1649
s 3525
f 933/1355/1650 934/1360/1650 1782/1790/1650
s 3526
f 934/1360/1651 935/1351/1651 1783/1796/1651
s 3527
f 935/1351/3051 536/1349/3051 1026/1778/3051
s 3528
f 1783/1796/3052 1026/1778/3052 1025/1786/1654
s 3529
f 1786/1791/1656 1025/1786/1656 1024/1785/1656
s 3530
f 1789/1794/1657 1024/1785/1657 554/1369/1657
s 3531
f 1788/1792/1658 1789/1794/1658 1023/1797/3053
s 3532
f 1787/1793/3054 1788/1792/1659 1022/1798/1659
s 3533
f 854/1800/1660 1787/1793/1660 1021/1799/1660
s 3534
f 855/1802/1661 1784/1789/1661 1787/1793/1661
s 3535
f 856/1795/1662 1781/1787/1662 1784/1789/1662
s 3536
f 1790/1803/3055 1791/1806/3055 1794/1804/3055
s 3537
f 1791/1806/1664 1792/1812/3056 1795/1807/1664
s 3538
f 1793/1805/3057 1794/1804/3057 1797/1808/3057
s 3539
f 1794/1804/3058 1795/1807/3058 1798/1810/3058
s 3540
f 535/1801/1667 1021/1799/1667 1790/1803/1667
s 3541
f 1021/1799/3059 1022/1798/3059 1791/1806/3059
s 3542
f 1022/1798/1669 1023/1797/1669 1792/1812/1669
s 3543
f 1023/1797/1670 554/1369/1670 1029/1370/1670
s 3544
f 1792/1812/3060 1029/1370/3060 1028/1384/3060
s 3545
f 1795/1807/3061 1028/1384/3061 1027/1382/3062
s 3546
f 1798/1810/3063 1027/1382/3063 537/1383/3063
s 3547
f 1797/1808/1674 1798/1810/1674 873/1813/1674
s 3548
f 1796/1809/1675 1797/1808/1675 874/1814/1675
s 3549
f 930/1816/3064 1796/1809/3064 875/1815/3064
s 3550
f 931/1818/3065 1793/1805/3065 1796/1809/3065
s 3551
f 932/1811/1678 1790/1803/1678 1793/1805/1678
s 3552
f 1800/1821/3066 1799/2048/3066 2015/1819/3066
s 3553
f 2015/1819/3066 2018/2359/3066 1801/1820/3066
s 3554
f 1800/1821/3067 1801/1820/3068 1804/1822/3068
s 3555
f 1801/1820/3069 1802/1825/3070 1805/1824/3070
s 3556
f 1802/1825/1346 969/1607/1346 970/1605/1346
s 3557
f 1805/1824/3071 970/1605/3071 549/1606/3071
s 3558
f 1804/1822/3072 1805/1824/3072 1032/1329/3072
s 3559
f 1803/1823/3073 1804/1822/3073 1031/1327/3073
s 3560
f 1036/1826/3074 1803/1823/3074 1030/1326/3074
s 3561
f 1037/1827/3075 1800/1821/3076 1803/1823/3076
s 3562
f 1038/1828/3077 1799/2048/3077 1800/1821/3077
s 3563
f 1806/1829/3078 1807/1832/3078 1810/1830/3078
s 3564
f 1807/1832/1693 1808/1837/1693 1811/1833/1693
s 3565
f 1809/1831/1694 1810/1830/1694 1813/1834/1694
s 3566
f 1810/1830/1695 1811/1833/1695 1814/1836/1695
s 3567
f 1808/1837/3079 1038/1828/3079 1037/1827/3079
s 3568
f 1811/1833/1698 1037/1827/1698 1036/1826/3080
s 3569
f 1814/1836/3081 1036/1826/3081 555/1324/3082
s 3570
f 1813/1834/1701 1814/1836/1701 1035/1838/1701
s 3571
f 1812/1835/3083 1813/1834/3084 1034/1839/3084
s 3572
f 965/1783/1703 1812/1835/1703 1033/1840/1703
s 3573
f 964/1841/3085 1809/1831/3085 1812/1835/3085
s 3574
f 963/1781/1705 1806/1829/1705 1809/1831/1705
s 3575
f 1815/1842/3086 1816/1845/3086 1819/1843/3086
s 3576
f 1816/1845/3087 1817/1850/3087 1820/1846/3087
s 3577
f 1818/1844/3088 1819/1843/3088 1822/1847/3088
s 3578
f 1819/1843/1709 1820/1846/1709 1823/1849/1709
s 3579
f 547/1784/3089 1033/1840/1710 1815/1842/1710
s 3580
f 1033/1840/3090 1034/1839/3090 1816/1845/3090
s 3581
f 1034/1839/3091 1035/1838/3091 1817/1850/3092
s 3582
f 1035/1838/3093 555/1324/3093 1041/1325/3093
s 3583
f 1817/1850/3094 1041/1325/3094 1040/1339/1716
s 3584
f 1820/1846/3095 1040/1339/3095 1039/1337/3095
s 3585
f 1823/1849/3096 1039/1337/3096 538/1338/3096
s 3586
f 1822/1847/3097 1823/1849/3097 876/1851/3097
s 3587
f 1821/1848/3098 1822/1847/3098 877/1852/3098
s 3588
f 914/1377/1721 1821/1848/1721 878/1853/1721
s 3589
f 913/1376/1722 1818/1844/1722 1821/1848/1722
s 3590
f 912/1375/3099 1815/1842/3099 1818/1844/3099
s 3591
f 1826/1854/1724 1824/1858/1724 1836/1855/1724
s 3592
f 1827/1857/3100 1828/1860/3100 1824/1858/3101
s 3593
f 1830/1859/1727 1824/1858/1727 1828/1860/1727
s 3594
f 1832/1862/3102 1824/1858/3102 1830/1859/3102
s 3595
f 1833/1864/3103 1834/1866/3103 1824/1858/3103
s 3596
f 1835/1865/1730 1836/1855/1730 1824/1858/1730
s 3597
f 1109/1867/3104 1826/1854/3104 1825/1856/3104
s 3598
f 1825/1856/1732 1836/1855/1732 871/1401/1732
s 3599
f 567/1869/3105 867/1871/3105 1827/1857/3105
s 3600
f 867/1871/3106 868/1873/3106 1828/1860/3106
s 3601
f 1110/1870/3107 1827/1857/3107 1826/1854/3107
s 3602
f 856/1795/1738 1829/1861/1738 869/1872/1738
s 3603
f 855/1802/1739 1830/1859/1739 1829/1861/1739
s 3604
f 1829/1861/1740 1828/1860/1740 868/1873/1740
s 3605
f 932/1811/1741 1831/1863/1741 854/1800/1741
s 3606
f 931/1818/3108 1832/1862/3108 1831/1863/3108
s 3607
f 1831/1863/3109 1830/1859/3109 855/1802/3109
s 3608
f 1111/1874/3110 1833/1864/3110 930/1816/3110
s 3609
f 1112/1875/1745 1834/1866/1745 1833/1864/1745
s 3610
f 930/1816/3111 1833/1864/3111 1832/1862/3111
s 3611
f 526/1399/3112 870/1398/3112 1835/1865/1747
s 3612
f 870/1398/3113 871/1401/3114 1836/1855/3113
s 3613
f 1113/1876/3115 1835/1865/3115 1834/1866/3115
s 3614
f 1837/1877/3116 1838/1880/3116 1841/1878/3116
s 3615
f 1838/1880/1752 1839/1885/1752 1842/1881/1752
s 3616
f 1840/1879/3117 1841/1878/3117 1844/1882/3117
s 3617
f 1841/1878/3118 1842/1881/3118 1845/1884/3118
s 3618
f 556/1734/3119 1048/1735/3120 1837/1877/3119
s 3619
f 1048/1735/3121 1049/1736/3121 1838/1880/3121
s 3620
f 1049/1736/3122 1050/1733/1758 1839/1885/3122
s 3621
f 1050/1733/3123 557/1731/3123 1053/1886/3123
s 3622
f 1839/1885/3124 1053/1886/3124 1052/1887/3124
s 3623
f 1842/1881/3125 1052/1887/3125 1051/1888/3125
s 3624
f 1845/1884/3126 1051/1888/3126 531/1333/3126
s 3625
f 1844/1882/1764 1845/1884/1764 917/1619/1764
s 3626
f 1843/1883/1765 1844/1882/1765 916/1618/1765
s 3627
f 1045/1511/3127 1843/1883/3127 915/1617/3127
s 3628
f 1046/1510/3128 1840/1879/1768 1843/1883/3128
s 3629
f 1047/1509/3129 1837/1877/3129 1840/1879/3129
s 3630
f 1846/1889/3130 1847/1893/3131 1850/1890/3131
s 3631
f 1848/1892/1772 1851/1898/1772 1850/1890/1772
s 3632
f 1849/1891/1773 1850/1890/1773 1853/1894/1773
s 3633
f 1850/1890/1775 1851/1898/1775 1854/1896/1775
s 3634
f 557/1731/1776 1054/1732/1776 1846/1889/1776
s 3635
f 1055/1729/3132 1847/1893/3132 1846/1889/3132
s 3636
f 1056/1730/3133 1848/1892/3133 1847/1893/3133
s 3637
f 558/1727/3134 1059/1897/3134 1848/1892/3134
s 3638
f 1059/1897/3135 1058/1911/3135 1851/1898/3135
s 3639
f 1851/1898/1781 1058/1911/1781 1057/1899/1781
s 3640
f 1854/1896/1782 1057/1899/1782 538/1338/1782
s 3641
f 1853/1894/3136 1854/1896/3136 941/1336/3136
s 3642
f 1852/1895/1784 1853/1894/1784 940/1335/3137
s 3643
f 1051/1888/3138 1852/1895/3138 939/1334/3138
s 3644
f 1052/1887/1787 1849/1891/1787 1852/1895/1787
s 3645
f 1053/1886/3139 1846/1889/3139 1849/1891/3139
s 3646
f 1857/1900/1789 1855/1904/1789 1865/1901/1789
s 3647
f 1858/1903/1790 1859/1906/1790 1855/1904/1790
s 3648
f 1861/1905/3140 1855/1904/3140 1859/1906/3140
s 3649
f 1862/1908/3141 1863/1909/3142 1855/1904/3141
s 3650
f 1865/1901/1794 1855/1904/1794 1863/1909/1794
s 3651
f 945/1728/3143 1856/1902/3143 1059/1897/3143
s 3652
f 946/1725/3144 1857/1900/3144 1856/1902/3144
s 3653
f 1856/1902/1797 1865/1901/1797 1058/1911/1797
s 3654
f 540/1724/1798 1060/1912/1798 1858/1903/1798
s 3655
f 1060/1912/3145 1061/1917/3145 1859/1906/3145
s 3656
f 947/1722/3146 1858/1903/3146 1857/1900/3146
s 3657
f 1065/1913/3147 1860/1907/3147 1062/1914/3147
s 3658
f 1064/1916/1802 1861/1905/1802 1860/1907/1802
s 3659
f 1860/1907/3148 1859/1906/3148 1061/1917/3148
s 3660
f 530/1378/3149 878/1853/3149 1862/1908/3149
s 3661
f 878/1853/1807 877/1852/1807 1863/1909/1807
s 3662
f 1063/1918/3150 1862/1908/3150 1861/1905/3150
s 3663
f 1057/1899/1810 1864/1910/1810 876/1851/1810
s 3664
f 1058/1911/1811 1865/1901/1811 1864/1910/1811
s 3665
f 1864/1910/1812 1863/1909/1812 877/1852/1812
s 3666
f 1866/1919/3151 1867/1922/3151 1870/1920/3151
s 3667
f 1867/1922/1815 1868/1929/1815 1871/1923/1815
s 3668
f 1869/1921/3152 1870/1920/3152 1873/1924/3152
s 3669
f 1870/1920/3153 1871/1923/3153 1874/1926/3153
s 3670
f 559/1915/3154 1066/1927/3154 1866/1919/3154
s 3671
f 1066/1927/3155 1067/1928/3156 1867/1922/3156
s 3672
f 1067/1928/3157 1068/1930/3157 1868/1929/3157
s 3673
f 1068/1930/3158 560/1942/1823 1071/1931/3158
s 3674
f 1868/1929/3159 1071/1931/3159 1070/1932/3159
s 3675
f 1871/1923/1826 1070/1932/1826 1069/1933/1826
s 3676
f 1874/1926/3160 1069/1933/3160 537/1383/3160
s 3677
f 1873/1924/3161 1874/1926/3161 938/1381/3161
s 3678
f 1872/1925/1830 1873/1924/1830 937/1380/3162
s 3679
f 1063/1918/3163 1872/1925/3163 936/1379/3163
s 3680
f 1064/1916/3164 1869/1921/1833 1872/1925/3164
s 3681
f 1065/1913/3165 1866/1919/3166 1869/1921/3166
s 3682
f 1875/1934/3167 1876/1937/3167 1879/1935/3167
s 3683
f 1876/1937/1836 1877/1943/1836 1880/1938/1836
s 3684
f 1878/1936/3168 1879/1935/3168 1882/1939/3168
s 3685
f 1879/1935/1838 1880/1938/1838 1883/1941/1838
s 3686
f 560/1942/3169 894/1749/3169 1875/1934/3169
s 3687
f 894/1749/3170 895/1747/3170 1876/1937/3170
s 3688
f 895/1747/1842 896/1746/1842 1877/1943/1842
s 3689
f 896/1746/3171 526/1399/3171 1113/1876/3171
s 3690
f 1877/1943/3172 1113/1876/3173 1112/1875/3172
s 3691
f 1880/1938/3174 1112/1875/3174 1111/1874/3174
s 3692
f 1883/1941/1846 1111/1874/1846 523/1817/1846
s 3693
f 1882/1939/1847 1883/1941/1847 875/1815/1847
s 3694
f 1881/1940/3175 1882/1939/3175 874/1814/3175
s 3695
f 1069/1933/3176 1881/1940/3176 873/1813/3176
s 3696
f 1070/1932/3177 1878/1936/3177 1881/1940/3177
s 3697
f 1071/1931/3178 1875/1934/3178 1878/1936/3178
s 3698
f 1886/1944/1854 1884/1948/1854 1894/1945/1854
s 3699
f 1887/1947/3179 1888/1950/3179 1884/1948/3179
s 3700
f 1890/1949/3180 1884/1948/3180 1888/1950/3180
s 3701
f 1891/1952/1857 1892/1953/1857 1884/1948/1857
s 3702
f 1894/1945/1859 1884/1948/1859 1892/1953/1859
s 3703
f 560/1942/3181 1068/1930/3181 1885/1946/3181
s 3704
f 1067/1928/1861 1886/1944/1861 1885/1946/1861
s 3705
f 1087/1750/1862 1885/1946/1862 1894/1945/1862
s 3706
f 559/1915/1864 1062/1914/1864 1887/1947/3182
s 3707
f 1062/1914/3183 1061/1917/3183 1888/1950/3183
s 3708
f 1066/1927/1866 1887/1947/1866 1886/1944/1866
s 3709
f 1014/1723/3184 1889/1951/3184 1060/1912/3184
s 3710
f 1013/1726/1868 1890/1949/3185 1889/1951/3186
s 3711
f 1889/1951/3187 1888/1950/3187 1061/1917/3187
s 3712
f 553/1523/3188 1011/1955/3188 1891/1952/3188
s 3713
f 1011/1955/3189 1010/1957/3189 1892/1953/3189
s 3714
f 1012/1737/3190 1891/1952/3190 1890/1949/1873
s 3715
f 1089/1752/3191 1893/1954/3191 1009/1956/3191
s 3716
f 1088/1751/1875 1894/1945/1875 1893/1954/1875
s 3717
f 1893/1954/3192 1892/1953/3192 1010/1957/3192
s 3718
f 1895/1958/3193 1896/1961/3193 1899/1959/3193
s 3719
f 1896/1961/3194 1897/1968/3195 1900/1962/3195
s 3720
f 1898/1960/1880 1899/1959/1880 1902/1963/1880
s 3721
f 1899/1959/1881 1900/1962/1881 1903/1965/1881
s 3722
f 562/1769/3196 1077/1966/3196 1895/1958/3196
s 3723
f 1077/1966/3197 1076/1967/3197 1896/1961/3197
s 3724
f 1076/1967/1887 1075/1969/1887 1897/1968/1887
s 3725
f 1075/1969/3198 541/1533/3199 1002/1671/3199
s 3726
f 1897/1968/3200 1002/1671/3201 1001/1674/3200
s 3727
f 1900/1962/1891 1001/1674/3202 1000/1673/3202
s 3728
f 1903/1965/3203 1000/1673/3203 552/1545/3203
s 3729
f 1902/1963/1893 1903/1965/1894 999/1970/1893
s 3730
f 1901/1964/3204 1902/1963/3204 998/1971/3204
s 3731
f 1092/1689/1896 1901/1964/1896 997/1972/1896
s 3732
f 1091/1688/1899 1898/1960/3205 1901/1964/1899
s 3733
f 1090/1687/3206 1895/1958/3206 1898/1960/3206
s 3734
f 1904/1973/3207 1905/1976/3207 1908/1974/3207
s 3735
f 1905/1976/3208 1906/1983/3208 1909/1977/3208
s 3736
f 1907/1975/3209 1908/1974/3209 1911/1978/3209
s 3737
f 1908/1974/3210 1909/1977/3210 1912/1980/3210
s 3738
f 565/1706/3211 1083/1981/3211 1904/1973/3211
s 3739
f 1083/1981/1910 1082/1982/3212 1905/1976/3212
s 3740
f 1082/1982/3213 1081/1984/3213 1906/1983/3213
s 3741
f 1081/1984/1912 543/1553/1912 990/1628/1912
s 3742
f 1906/1983/3214 990/1628/3215 989/1631/3215
s 3743
f 1909/1977/3216 989/1631/3216 988/1630/3217
s 3744
f 1912/1980/3218 988/1630/3218 551/1563/3218
s 3745
f 1911/1978/1916 1912/1980/1916 987/1985/1916
s 3746
f 1910/1979/3219 1911/1978/3219 986/1986/3219
s 3747
f 1095/1646/3220 1910/1979/3220 985/1987/3220
s 3748
f 1094/1645/3221 1907/1975/3221 1910/1979/3221
s 3749
f 1093/1644/3222 1904/1973/3222 1907/1975/3222
s 3750
f 1913/1988/3223 1914/1991/3223 1917/1989/3223
s 3751
f 1914/1991/3224 1915/1996/3224 1918/1992/3224
s 3752
f 1916/1990/1923 1917/1989/1923 1920/1993/1923
s 3753
f 1917/1989/3225 1918/1992/3225 1921/1995/3225
s 3754
f 566/1753/3226 1009/1956/3226 1913/1988/3227
s 3755
f 1009/1956/3228 1010/1957/3228 1914/1991/3228
s 3756
f 1010/1957/3229 1011/1955/3229 1915/1996/3229
s 3757
f 1011/1955/1930 553/1523/1930 1017/1524/1930
s 3758
f 1915/1996/3230 1017/1524/3230 1016/1534/3230
s 3759
f 1918/1992/3231 1016/1534/3232 1015/1532/3233
s 3760
f 1921/1995/3234 1015/1532/3234 541/1533/3234
s 3761
f 1920/1993/3235 1921/1995/3235 1075/1969/3235
s 3762
f 1919/1994/1935 1920/1993/1935 1076/1967/1935
s 3763
f 1098/1768/3236 1919/1994/1938 1077/1966/1938
s 3764
f 1097/1767/3237 1916/1990/1939 1919/1994/3237
s 3765
f 1096/1766/1941 1913/1988/3238 1916/1990/1941
s 3766
f 1922/1997/1942 1923/2000/1942 1926/1998/1942
s 3767
f 1923/2000/3239 1924/2005/3239 1927/2001/3239
s 3768
f 1925/1999/1944 1926/1998/1944 1929/2002/1944
s 3769
f 1926/1998/3240 1927/2001/3240 1930/2004/3240
s 3770
f 561/1690/3241 997/1972/3241 1922/1997/3241
s 3771
f 997/1972/3242 998/1971/3242 1923/2000/3242
s 3772
f 998/1971/1948 999/1970/1948 1924/2005/1948
s 3773
f 999/1970/3243 552/1545/3243 1005/1544/3244
s 3774
f 1924/2005/3245 1005/1544/3245 1004/1554/3245
s 3775
f 1927/2001/3246 1004/1554/3246 1003/1552/3246
s 3776
f 1930/2004/1952 1003/1552/1952 543/1553/1952
s 3777
f 1929/2002/3247 1930/2004/3248 1081/1984/3247
s 3778
f 1928/2003/3249 1929/2002/3249 1082/1982/3249
s 3779
f 1101/1705/1955 1928/2003/1955 1083/1981/1955
s 3780
f 1100/1704/3250 1925/1999/3250 1928/2003/3250
s 3781
f 1099/1703/3251 1922/1997/3251 1925/1999/3251
s 3782
f 1931/2006/3252 1932/2009/3252 1935/2007/3252
s 3783
f 1932/2009/3253 1933/2014/3253 1936/2010/3253
s 3784
f 1934/2008/3254 1935/2007/3254 1938/2011/3254
s 3785
f 1935/2007/3255 1936/2010/3255 1939/2013/3255
s 3786
f 563/1647/3256 985/1987/3256 1931/2006/3256
s 3787
f 985/1987/3257 986/1986/3257 1932/2009/3257
s 3788
f 986/1986/3258 987/1985/3258 1933/2014/3258
s 3789
f 987/1985/3259 551/1563/3259 993/1564/3259
s 3790
f 1933/2014/3260 993/1564/3260 992/1570/3260
s 3791
f 1936/2010/3261 992/1570/3261 991/1569/3261
s 3792
f 1939/2013/1968 991/1569/1968 545/1271/1968
s 3793
f 1938/2011/3262 1939/2013/3262 808/1270/3262
s 3794
f 1937/2012/3263 1938/2011/3263 809/1269/3263
s 3795
f 1104/1662/3264 1937/2012/3264 810/1268/3264
s 3796
f 1103/1661/3265 1934/2008/3265 1937/2012/3265
s 3797
f 1102/1660/3266 1931/2006/3266 1934/2008/3266
s 3798
f 1997/2015/1974 2000/2360/1974 1806/1829/1974
s 3799
f 1975/2315/3267 1973/2016/3267 184/455/3267
s 3800
f 1973/2016/3267 408/423/3267 409/422/3267
s 3801
f 840/1130/3268 2103/2361/3268 2104/2017/3268
s 3802
f 2104/2017/3268 2107/2362/3268 839/1120/3268
s 3803
f 2196/2018/1978 690/1034/1978 1388/1082/1978
s 3804
f 1567/1387/1979 2070/2363/1979 2071/2020/1979
s 3805
f 2071/2020/1979 2072/2364/1979 1568/1385/1979
s 3806
f 2109/2021/3269 2111/2365/3269 838/1121/3269
s 3807
f 1115/531/3270 2125/2366/1981 2126/2023/3270
s 3808
f 2126/2023/3270 2127/2367/3270 589/541/3270
s 3809
f 448/2024/3271 1970/2368/3271 1971/2025/3271
s 3810
f 2066/2027/293 2065/2369/293 190/482/293
s 3811
f 190/482/291 435/474/291 2066/2027/291
s 3812
f 1256/844/3272 2183/2135/3272 2147/2028/3272
s 3813
f 2147/2028/3272 2146/2370/3272 1254/842/3272
s 3814
f 1523/1274/1984 2063/2371/1984 2064/2029/1984
s 3815
f 2064/2029/1984 2066/2372/1984 1524/1272/1984
s 3816
f 2123/2031/159 2124/2194/159 302/228/159
s 3817
f 302/228/159 109/232/159 2123/2031/159
s 3818
f 1524/1272/1985 2066/2372/1985 2065/2032/1985
s 3819
f 2065/2032/1985 2067/2213/1985 1525/1275/1985
s 3820
f 2172/2034/3273 2173/2373/3273 296/213/3273
s 3821
f 296/213/3274 99/215/3273 2172/2034/3274
s 3822
f 99/203/3275 2205/2374/3274 2207/2375/3274
s 3823
f 2208/2033/1986 99/215/1986 2207/2376/1986
s 3824
f 2072/2036/2008 2074/2077/2008 460/2076/2008
s 3825
f 460/2076/3276 457/509/3276 2072/2036/3276
s 3826
f 1944/2038/1987 1942/2377/1987 451/497/1987
s 3827
f 1942/2377/1987 452/503/1987 453/502/1987
s 3828
f 451/497/1987 1942/2377/1987 453/502/1987
s 3829
f 1254/842/1988 2146/2370/1988 2145/2039/1988
s 3830
f 2145/2039/1988 2178/2266/1988 1252/840/1988
s 3831
f 1124/530/1989 2123/2378/1989 2124/2040/1989
s 3832
f 2124/2040/1989 2125/2366/1989 1115/531/1989
s 3833
f 2146/2042/1990 2145/2379/1990 270/156/1990
s 3834
f 270/156/1990 271/158/1990 2147/2041/1990
s 3835
f 271/158/1990 268/2235/1990 2147/2041/1990
s 3836
f 1956/2044/3277 1957/2380/3278 445/490/3277
s 3837
f 1957/2380/1991 444/491/1991 445/490/1991
s 3838
f 445/490/1991 181/494/1991 1956/2044/1991
s 3839
f 567/1869/1992 1956/2381/1992 867/1871/1992
s 3840
f 1956/2381/1992 1957/2045/1992 867/1871/1992
s 3841
f 1038/1828/1993 2010/2382/1993 2011/2047/1993
s 3842
f 2011/2383/3279 2014/2384/3280 1799/2385/3280
s 3843
f 2150/2386/1994 2149/2387/1994 268/2235/1994
s 3844
f 268/2235/1994 95/280/1994 2151/2388/1994
s 3845
f 95/2389/1994 2155/2390/1994 2153/2391/1994
s 3846
f 95/280/1994 2153/2392/1994 2154/2051/1994
s 3847
f 2151/2388/3281 2150/2386/3281 268/2235/3281
s 3848
f 2152/2050/1994 2148/2393/1994 2154/2051/1994
s 3849
f 2148/2393/1994 2151/2388/1994 95/280/1994
s 3850
f 2154/2394/1994 2148/2395/1994 95/2396/1994
s 3851
f 2157/2397/1994 2156/2049/1994 2154/2051/1994
s 3852
f 2120/2052/1995 2121/2398/1995 1123/539/1995
s 3853
f 1123/539/1996 2121/2398/1996 2122/2053/1996
s 3854
f 2122/2053/3282 2123/2378/3282 1124/530/3282
s 3855
f 2047/2054/162 310/240/162 311/242/162
s 3856
f 2083/2057/1998 1940/2239/1998 403/414/1998
s 3857
f 403/414/3283 183/419/3284 2082/2056/3285
s 3858
f 183/419/3286 2077/2322/3286 2082/2056/3286
s 3859
f 2167/2058/3287 1394/1088/3287 765/1077/3287
s 3860
f 1246/2399/3288 2150/2400/3288 2149/2401/3288
s 3861
f 2149/2060/2000 2184/2136/2000 705/837/2000
s 3862
f 2025/2402/2001 2017/2403/2001 427/461/2001
s 3863
f 427/2063/2001 425/458/2001 2024/2061/2001
s 3864
f 425/458/2001 2027/2319/2001 2026/2404/2001
s 3865
f 425/458/2001 2026/2404/2001 2024/2061/2001
s 3866
f 2121/2064/171 2122/2030/171 109/232/171
s 3867
f 109/232/171 321/254/171 2121/2064/171
s 3868
f 321/254/2057 2119/2405/2057 2120/2065/2057
s 3869
f 1806/1829/3289 2000/2360/3289 2001/2066/3289
s 3870
f 2001/2066/2002 2006/2406/2002 1807/1832/2002
s 3871
f 393/389/2003 2001/2407/2003 2006/2067/2003
s 3872
f 2018/2070/2004 2019/2408/2004 396/400/2004
s 3873
f 396/400/3290 173/398/3291 2015/2069/3291
s 3874
f 173/398/2004 2011/2299/2004 2014/2409/2004
s 3875
f 2014/2409/3292 2015/2069/3292 173/398/2004
s 3876
f 2195/2072/2005 2165/2410/2005 260/141/2005
s 3877
f 260/141/2005 261/144/2005 2196/2071/2005
s 3878
f 261/144/2005 2200/2191/2005 2199/2411/2005
s 3879
f 2196/2071/2005 261/144/2005 2199/2411/2005
s 3880
f 1983/2074/2007 1984/2192/2006 175/392/2006
s 3881
f 1984/2192/3293 388/385/3293 389/388/3293
s 3882
f 175/392/2007 1984/2192/2007 389/388/2007
s 3883
f 2053/2079/3294 2054/2202/3295 440/486/3295
s 3884
f 440/486/1997 438/483/1997 2051/2078/1997
s 3885
f 2050/2083/1997 107/245/1997 309/238/1997
s 3886
f 2078/2085/275 2073/2412/275 413/434/275
s 3887
f 413/434/275 186/436/275 2078/2085/275
s 3888
f 186/2413/3296 2080/2414/3296 2079/2415/3296
s 3889
f 2181/2088/2011 2182/2290/2011 295/212/2011
s 3890
f 295/212/2011 296/211/2011 2180/2087/2011
s 3891
f 296/2292/2011 2173/2416/2011 2179/2417/2011
s 3892
f 296/211/2011 2179/2418/2011 2180/2087/2011
s 3893
f 862/1284/2012 2061/2197/2012 2062/2089/2012
s 3894
f 2062/2089/3297 2063/2371/3297 1523/1274/3297
s 3895
f 315/248/3298 2087/2419/3298 2098/2090/3298
s 3896
f 1670/1596/2014 2022/2420/2014 2023/2092/2014
s 3897
f 2023/2092/2014 2028/2421/2014 1671/1599/2014
s 3898
f 2127/2094/3299 2128/2422/3299 300/226/3299
s 3899
f 300/226/159 301/225/159 2127/2094/159
s 3900
f 2039/2095/2015 2037/2104/3300 1666/1593/2015
s 3901
f 1535/1298/3301 2057/2423/3301 2058/2096/3301
s 3902
f 2058/2096/3302 2059/2424/3302 1536/1301/3302
s 3903
f 2041/2425/2017 2043/2426/2017 176/522/2017
s 3904
f 176/522/2017 400/412/2017 2039/2427/2017
s 3905
f 400/412/2017 2032/2428/2017 2038/2429/2017
s 3906
f 2039/2427/2017 400/412/3303 2038/2429/2017
s 3907
f 2039/2427/2017 2037/2430/2017 176/522/2017
s 3908
f 2037/2430/2017 2040/2431/2017 2042/2432/2017
s 3909
f 2040/2431/2017 2045/2433/2017 2042/2432/2017
s 3910
f 2045/2433/2017 2044/2434/2017 2042/2432/2017
s 3911
f 2042/2432/2017 2041/2425/2017 176/522/2017
s 3912
f 2020/2100/2018 2021/2234/2018 969/1607/2018
s 3913
f 1569/1388/3304 2076/2435/3304 2077/2103/3304
s 3914
f 2077/2103/2020 2082/2436/2020 872/1396/2020
s 3915
f 2037/2104/3305 2040/1495/3305 893/1494/3305
s 3916
f 839/1120/2022 2107/2362/2022 2105/2437/2022
s 3917
f 2106/2438/3306 2108/2022/3306 838/1121/3306
s 3918
f 839/1120/3307 2105/2437/3307 838/1121/3307
s 3919
f 2057/2109/291 2058/2439/291 194/478/291
s 3920
f 2058/2439/291 429/471/291 430/470/291
s 3921
f 194/478/291 2058/2439/291 430/470/291
s 3922
f 2096/2111/2024 2088/2258/2024 316/247/2024
s 3923
f 316/247/2024 317/250/2024 2095/2110/2024
s 3924
f 317/250/2024 2093/2440/2024 2095/2110/2024
s 3925
f 2150/2112/2025 1246/832/2025 1248/834/2025
s 3926
f 2004/2114/2026 2010/2382/2026 1038/1828/2026
s 3927
f 281/176/2027 2086/178/2027 2085/2115/2027
s 3928
f 2176/2118/2028 2175/2441/2028 269/154/2028
s 3929
f 269/154/2028 270/156/2028 2177/2117/2028
s 3930
f 270/156/2028 2145/2379/2028 2178/2442/2028
s 3931
f 270/2443/2028 2178/2266/2028 2177/2265/2028
s 3932
f 1109/1867/3308 1950/2444/3308 1951/2119/3308
s 3933
f 1951/2119/3309 1953/2445/3310 1110/1870/3310
s 3934
f 869/1872/2030 1968/2146/2030 1969/2120/2030
s 3935
f 1969/2120/3311 847/1354/3311 522/1356/3311
s 3936
f 2206/2122/2032 2205/2446/2032 99/2123/2032
s 3937
f 99/2123/2031 287/2283/2031 2204/2121/2031
s 3938
f 287/2283/2032 285/2164/2032 2201/2163/2032
s 3939
f 2202/2447/2031 287/2283/2031 2201/2163/2031
s 3940
f 2202/2447/2031 2204/2121/2031 287/2283/2031
s 3941
f 592/1129/2033 2098/2448/2033 2097/2449/2033
s 3942
f 2097/2449/2033 2100/2124/2033 592/1129/2033
s 3943
f 280/2125/3312 2092/2450/3312 2138/2126/3312
s 3944
f 2110/2128/3313 2112/2293/3313 102/174/3313
s 3945
f 102/174/3314 275/165/3314 2110/2128/3314
s 3946
f 275/165/2035 2109/2451/2035 2111/2129/2035
s 3947
f 2081/2131/3315 2080/2452/3315 186/436/3315
s 3948
f 186/436/3315 452/503/2036 2081/2131/2036
s 3949
f 2031/2133/2037 2032/2428/2037 400/412/2037
s 3950
f 400/412/2037 2029/2453/2037 2030/2132/2037
s 3951
f 2048/2134/1997 2049/2084/1997 310/240/1997
s 3952
f 2049/2084/1997 309/238/1997 310/240/1997
s 3953
f 2183/2135/2039 1256/844/2039 705/837/2039
s 3954
f 1997/2015/2040 963/1781/2040 1774/1773/2040
s 3955
f 2118/2139/171 2119/2405/171 321/254/171
s 3956
f 321/254/171 322/256/171 2118/2139/171
s 3957
f 593/1127/2041 2089/2208/2041 2087/2140/2041
s 3958
f 2087/2140/2041 2098/2448/2041 592/1129/2041
s 3959
f 2093/2141/3316 2095/2227/3316 571/606/3316
s 3960
f 1948/2144/2043 1945/2037/2043 451/497/2043
s 3961
f 451/497/2043 450/499/2043 1948/2144/2043
s 3962
f 868/1873/3317 1966/2454/3317 869/1872/3317
s 3963
f 1966/2454/3318 1967/2145/3319 869/1872/3319
s 3964
f 1807/1832/2046 2006/2406/2046 2005/2147/2046
s 3965
f 2005/2147/2046 2004/2114/2046 1808/1837/2046
s 3966
f 2170/2149/2047 2168/2276/3320 92/151/2047
s 3967
f 92/151/3321 269/154/2047 2171/2148/2047
s 3968
f 269/154/2047 2175/2441/2047 2174/2455/2047
s 3969
f 2174/2455/2047 2171/2148/2047 269/154/2047
s 3970
f 2003/2456/3322 2002/2188/3322 416/441/3322
s 3971
f 2002/2188/3322 415/439/3323 416/441/3322
s 3972
f 416/441/3322 180/2152/3322 2007/2151/3322
s 3973
f 2003/2456/3322 416/441/3322 2007/2151/3322
s 3974
f 180/2152/3322 2009/2457/3322 2008/2150/3322
s 3975
f 1126/557/3324 2048/2458/3324 2049/2154/3324
s 3976
f 583/567/3325 1126/557/3325 2049/2154/3325
s 3977
f 2049/2459/3326 2050/2460/2071 2052/2461/3327
s 3978
f 2191/2157/2051 2192/2462/2051 286/2158/2051
s 3979
f 286/2158/3328 2164/193/3328 2189/2463/3329
s 3980
f 2189/2463/3330 2190/2156/3330 286/2158/3330
s 3981
f 2141/2159/3331 2137/2249/3331 262/140/3332
s 3982
f 262/140/3331 259/142/3333 2142/2101/3333
s 3983
f 2030/2160/2053 2031/2464/2053 978/1595/2053
s 3984
f 2061/2162/291 2062/2185/291 432/469/291
s 3985
f 432/469/291 429/471/291 2061/2162/291
s 3986
f 194/478/1997 442/488/1997 2055/2166/1997
s 3987
f 2148/2167/2056 1250/836/3334 614/732/2056
s 3988
f 2116/2168/171 2117/2138/171 322/256/171
s 3989
f 322/256/3335 323/258/3335 2116/2168/3335
s 3990
f 1135/556/2058 2132/2465/2058 2131/2466/2058
s 3991
f 2131/2466/2058 2046/2169/2058 1135/556/2058
s 3992
f 2046/2169/2058 2047/2467/2058 1126/557/2058
s 3993
f 2047/2468/3336 2048/2469/3336 1126/2470/3336
s 3994
f 2022/2171/2060 2023/2244/2060 398/403/2060
s 3995
f 398/403/2060 396/400/2060 2021/2170/2060
s 3996
f 396/400/2060 2019/2408/2060 2020/2471/2060
s 3997
f 396/400/2060 2020/2471/2060 2021/2170/2060
s 3998
f 1386/1076/3337 2176/2269/3337 2175/2172/3337
s 3999
f 2175/2172/2061 2174/1071/2061 1384/1070/2061
s 4000
f 2139/2173/2062 2140/2287/2062 103/199/2062
s 4001
f 103/199/2062 282/175/2062 2139/2173/2062
s 4002
f 589/541/2064 2127/2367/2064 1134/565/2064
s 4003
f 2127/2367/2064 2128/2174/2064 1134/565/2064
s 4004
f 421/446/3338 1982/2312/3338 1981/2176/3338
s 4005
f 2108/2178/3339 2109/2451/3339 275/165/3339
s 4006
f 275/165/3340 276/167/3340 2108/2178/3340
s 4007
f 1166/652/2067 2115/2472/2067 2113/2473/2067
s 4008
f 2114/2179/2067 2116/2474/2067 1167/643/2067
s 4009
f 1166/652/2067 2113/2473/2067 2114/2179/2067
s 4010
f 1108/1868/3341 1941/2475/3341 1946/2476/3341
s 4011
f 1946/2476/3342 1947/2180/3342 1108/1868/3342
s 4012
f 1947/2180/3341 1950/2444/2068 1109/1867/3341
s 4013
f 1391/1084/2069 2203/2477/2070 2200/2181/2069
s 4014
f 2200/2478/2069 2199/2479/2069 1388/2480/2069
s 4015
f 2051/2078/1997 438/483/1997 2050/2083/1997
s 4016
f 438/483/1997 107/245/1997 2050/2083/1997
s 4017
f 1953/2184/3343 1954/2043/3343 181/494/3343
s 4018
f 181/494/3344 407/418/3344 1953/2184/3344
s 4019
f 2063/2186/291 2064/2026/291 435/474/291
s 4020
f 435/474/291 432/469/291 2063/2186/291
s 4021
f 2046/2055/1997 311/242/1997 113/237/1997
s 4022
f 261/144/2076 2166/149/2076 2203/2190/2076
s 4023
f 1976/2193/2078 1977/2481/2078 388/385/2078
s 4024
f 1977/2481/3345 387/386/3345 388/385/3346
s 4025
f 2125/2195/161 2126/2093/161 301/225/161
s 4026
f 301/225/160 302/228/160 2125/2195/160
s 4027
f 289/191/3347 2143/198/3347 2159/2196/3347
s 4028
f 1536/1301/2080 2059/2424/2080 2060/2482/2080
s 4029
f 2060/2482/3348 2061/2197/3348 1536/1301/3348
s 4030
f 1958/2483/3349 1955/431/3349 412/2307/3349
s 4031
f 412/424/3350 1961/2306/3350 1960/2484/3350
s 4032
f 1960/2484/3351 1959/2485/3351 412/424/3351
s 4033
f 1801/1820/2084 2018/2359/2084 2019/2200/2084
s 4034
f 2019/2200/2084 2020/2100/2084 1802/1825/2084
s 4035
f 1167/643/2085 2116/2474/2085 2117/2201/2085
s 4036
f 2117/2201/2085 2118/2486/2085 1158/644/2085
s 4037
f 442/488/162 440/486/162 2054/2202/162
s 4038
f 1940/2203/3352 1941/2475/3352 1108/1868/3352
s 4039
f 2132/2206/3353 2131/2189/3353 113/237/3353
s 4040
f 113/237/159 303/224/159 2129/2205/159
s 4041
f 303/224/159 300/226/159 2129/2205/159
s 4042
f 1671/1599/3354 2028/2421/3354 2029/2207/3354
s 4043
f 2029/2207/3354 2030/2160/3354 1672/1601/3354
s 4044
f 594/1126/3355 2096/2487/3355 2088/2488/3355
s 4045
f 2088/2488/3356 2089/2208/3356 594/1126/3356
s 4046
f 838/1121/2089 2111/2365/2089 597/663/2089
s 4047
f 2111/2365/2089 2110/2489/2089 597/663/2089
s 4048
f 2197/2210/2090 2198/2165/2090 285/2164/2090
s 4049
f 285/2164/2090 286/2490/2090 2194/2209/2090
s 4050
f 286/190/2090 2192/2491/2090 2193/2492/2090
s 4051
f 2194/2209/2090 286/2490/2090 2193/2493/2090
s 4052
f 1394/1088/2091 2167/2058/2091 2166/2211/2091
s 4053
f 2166/2211/2091 2203/2477/2091 1391/1084/2091
s 4054
f 2068/2212/2092 859/1285/2092 1525/1275/2092
s 4055
f 1534/2494/3357 2053/2495/3357 2054/2496/3357
s 4056
f 2054/2497/3358 2055/2214/3358 1534/1300/3358
s 4057
f 2055/2214/2093 2056/2498/3358 1535/1298/3358
s 4058
f 2056/2498/2093 2057/2423/2093 1535/1298/2093
s 4059
f 2038/2215/2094 2039/2095/2094 1665/1591/2094
s 4060
f 1994/2499/2095 1989/2500/2095 418/2311/2095
s 4061
f 418/2218/3359 415/439/3359 1995/2216/3359
s 4062
f 415/439/3360 1999/2187/3360 1998/2501/3360
s 4063
f 1995/2216/3359 415/439/3359 1998/2501/3359
s 4064
f 1134/565/3361 2130/2175/3361 2129/2219/3361
s 4065
f 2129/2219/3362 2132/2465/3362 1135/556/3362
s 4066
f 2068/2221/2257 2069/2270/2257 454/504/2257
s 4067
f 454/504/305 190/482/305 2067/2220/305
s 4068
f 190/482/3276 2065/2369/3276 2067/2220/3276
s 4069
f 867/1871/3363 1962/2046/3363 1963/2222/3363
s 4070
f 1963/2222/3363 1966/2454/3363 868/1873/3363
s 4071
f 1110/1870/3364 1953/2445/3364 1954/2223/3364
s 4072
f 1954/2223/3365 1956/2381/3366 567/1869/3366
s 4073
f 1987/2225/3367 1993/2502/3367 390/384/3367
s 4074
f 390/384/3367 387/386/2099 1986/2224/2099
s 4075
f 387/386/3367 1978/2503/3367 1985/2504/3367
s 4076
f 1986/2224/3367 387/386/3367 1985/2504/3367
s 4077
f 872/1396/3368 2082/2436/3368 2083/2204/3368
s 4078
f 2083/2204/3368 1108/1868/3368 872/1396/3368
s 4079
f 2151/2113/2101 1248/834/2101 1250/836/2101
s 4080
f 583/567/2102 2052/2155/2102 2051/2226/2102
s 4081
f 2051/2226/3369 2053/2505/3370 1534/1300/3370
s 4082
f 571/606/3371 2095/2227/3371 476/607/3371
s 4083
f 2095/2227/2103 2096/2487/2103 594/1126/2103
s 4084
f 1990/2229/3372 1988/445/3372 418/2230/3372
s 4085
f 418/2230/3373 1989/2506/3373 1992/2507/3373
s 4086
f 1992/2507/3373 1991/2228/3373 418/2230/3373
s 4087
f 516/1128/3374 2100/2124/3374 2099/2231/3374
s 4088
f 2099/2231/3375 2103/2361/3375 840/1130/3375
s 4089
f 2103/2233/2107 2104/2278/2107 279/170/2107
s 4090
f 279/170/3376 100/171/3376 2103/2233/3376
s 4091
f 2196/2018/2108 2195/2337/2108 1360/1025/2108
s 4092
f 2021/2234/3377 2022/2420/3377 1670/1596/3377
s 4093
f 2183/2237/3378 2147/2041/3378 268/2235/3378
s 4094
f 268/2235/2110 2149/2387/2110 2184/2236/2110
s 4095
f 300/226/3379 2128/2422/3379 2130/2238/3379
s 4096
f 1941/2240/3380 1946/2508/3380 405/2303/3381
s 4097
f 405/2303/3382 403/414/3383 1941/2240/3382
s 4098
f 859/1285/2113 2068/2212/2113 2069/2241/2113
s 4099
f 2069/2241/3384 2070/2363/3384 1567/1387/3384
s 4100
f 597/663/2114 2110/2489/2114 2112/2242/2114
s 4101
f 2112/2242/2114 2115/2472/2114 1166/652/2114
s 4102
f 1158/644/3385 2118/2486/3385 2119/2243/3385
s 4103
f 2119/2243/2115 2120/2052/2115 586/554/2115
s 4104
f 2028/2245/3386 2029/2453/3386 398/403/3386
s 4105
f 2029/2453/3386 400/412/3386 401/410/3386
s 4106
f 398/403/3386 2029/2453/3386 401/410/3386
s 4107
f 1381/1078/3387 2170/2509/3387 2168/2246/3387
s 4108
f 2168/2510/3388 2169/2511/3388 765/2512/3388
s 4109
f 2161/2248/2118 2158/2102/2118 259/142/2118
s 4110
f 259/142/3389 260/141/3389 2162/2247/2118
s 4111
f 260/2513/3390 2165/1035/3390 2163/1036/3390
s 4112
f 2162/2247/3390 260/141/3390 2163/2514/3390
s 4113
f 2136/2250/2119 2135/251/2120 94/153/2119
s 4114
f 94/153/2120 265/145/2120 2137/2249/2120
s 4115
f 265/145/2120 262/140/2120 2137/2249/2120
s 4116
f 2100/2124/2121 2099/2231/2121 100/2515/2121
s 4117
f 100/171/3391 318/246/3391 2100/2251/3391
s 4118
f 318/246/2121 315/248/2121 2097/2091/2121
s 4119
f 1969/2252/2124 1970/2368/2124 448/2024/2124
s 4120
f 448/2024/2124 446/489/2124 1969/2252/2124
s 4121
f 446/489/2124 1967/2516/2124 1968/2253/3392
s 4122
f 978/1595/2126 2031/2464/2126 2032/2254/2126
s 4123
f 2032/2517/2126 2038/2518/2126 1664/2519/2126
s 4124
f 2013/2520/2127 2009/2521/2127 180/450/2127
s 4125
f 180/2255/3393 427/2320/3393 2016/2256/3393
s 4126
f 427/2320/3394 2017/2522/3394 2016/2256/3394
s 4127
f 2012/2257/2127 2013/2523/2127 180/2255/2127
s 4128
f 2089/2259/3395 2087/2419/3395 315/248/3395
s 4129
f 315/248/3396 316/247/3396 2089/2259/3396
s 4130
f 1966/2261/3397 1967/2516/3397 446/489/2130
s 4131
f 446/489/2130 444/491/3398 1966/2261/2130
s 4132
f 429/471/3399 2058/2439/3399 2059/2262/3399
s 4133
f 2000/2264/2132 2001/2407/2132 393/389/2132
s 4134
f 393/389/2132 390/384/2132 1997/2263/2132
s 4135
f 390/384/2132 1993/2502/2132 1996/2524/2132
s 4136
f 1997/2263/2132 390/384/2132 1996/2524/2132
s 4137
f 2177/2265/3400 696/845/3400 1252/840/3400
s 4138
f 2094/2267/3401 2092/2525/3402 280/177/3401
s 4139
f 280/177/2135 281/176/2135 2094/2267/2135
s 4140
f 1970/2268/3403 1971/2343/3403 847/1354/3403
s 4141
f 2176/2269/2137 1386/1076/2137 696/845/2137
s 4142
f 2070/2271/305 2071/2035/305 457/509/305
s 4143
f 457/509/305 454/504/305 2070/2271/305
s 4144
f 1568/1385/2138 2072/2364/2138 2074/2272/2138
s 4145
f 2074/2272/2138 2075/2526/2138 1569/1388/2138
s 4146
f 2075/2526/3404 2076/2435/3404 1569/1388/3404
